== [19:18] 1/5 items from the labelled records (3 q/record, smooth 0.1, intent+other)
69635 records (Counter({'cc': 57635, 'wisesight': 12000}))
reusing 69635 labelled records from disk
{
  "records": 69635,
  "train_records": 66152,
  "eval_records": 3483,
  "items": 198456,
  "dropped": 0,
  "by_type": {
    "choice": 115632,
    "noul": 49849,
    "score": 32975
  },
  "questions_per_record": 3,
  "smooth": 0.1,
  "intent_other": true,
  "prefix": "cc5",
  "head_max_len": 768,
  "max_len": 1024,
  "mean_len": 203.12338251300037,
  "teachers": [
    "http://localhost:8010"
  ],
  "minutes": 1.7
}
== [19:20] 2/5 train from run 3 (cc5_items + human items, 2 epochs)
  /work/thai/data/cc/cc5_items.pt: 198456 items
  /work/thai/data/train_items768.pt: 10674 items
train: 209130 items, 2 epochs, 13070 updates, micro 8 x accum 4
  epoch 1/2 step 50/26142 loss 1.1415 ce 0.2792 reward 0.413 lr 2.50e-05 0.4 min, 0.51 s/step
  epoch 1/2 step 100/26142 loss 0.7077 ce 1.0685 reward -0.577 lr 2.50e-05 0.7 min, 0.45 s/step
  epoch 1/2 step 150/26142 loss 0.1777 ce 0.7132 reward -0.047 lr 2.50e-05 1.1 min, 0.45 s/step
  epoch 1/2 step 200/26142 loss 0.5846 ce 0.8264 reward -0.313 lr 2.50e-05 1.5 min, 0.44 s/step
  epoch 1/2 step 250/26142 loss 0.4600 ce 0.6904 reward -0.160 lr 2.50e-05 1.8 min, 0.44 s/step
  epoch 1/2 step 300/26142 loss -0.3789 ce 0.5114 reward 0.121 lr 2.50e-05 2.1 min, 0.43 s/step
  epoch 1/2 step 350/26142 loss 0.8377 ce 0.7104 reward -0.142 lr 2.50e-05 2.6 min, 0.45 s/step
  epoch 1/2 step 400/26142 loss 0.4127 ce 1.0847 reward -0.659 lr 2.50e-05 2.9 min, 0.44 s/step
  epoch 1/2 step 450/26142 loss 0.3921 ce 0.4645 reward 0.136 lr 2.50e-05 3.3 min, 0.44 s/step
  epoch 1/2 step 500/26142 loss 0.3428 ce 0.1058 reward 0.634 lr 2.50e-05 3.8 min, 0.45 s/step
  epoch 1/2 step 550/26142 loss 0.7002 ce 0.5889 reward 0.010 lr 2.50e-05 4.1 min, 0.45 s/step
  epoch 1/2 step 600/26142 loss 0.0134 ce 0.6260 reward -0.119 lr 2.50e-05 4.5 min, 0.45 s/step
  epoch 1/2 step 650/26142 loss 0.2010 ce 0.3893 reward 0.229 lr 2.50e-05 4.9 min, 0.45 s/step
  epoch 1/2 step 700/26142 loss 0.9220 ce 0.6672 reward -0.003 lr 2.50e-05 5.3 min, 0.46 s/step
  epoch 1/2 step 750/26142 loss -0.3252 ce 0.9089 reward -0.356 lr 2.50e-05 5.7 min, 0.46 s/step
  epoch 1/2 step 800/26142 loss 0.1392 ce 0.6105 reward -0.104 lr 2.50e-05 6.1 min, 0.46 s/step
  epoch 1/2 step 850/26142 loss 0.3099 ce 0.6037 reward -0.062 lr 2.50e-05 6.5 min, 0.46 s/step
  epoch 1/2 step 900/26142 loss -0.2146 ce 0.6361 reward 0.027 lr 2.50e-05 6.8 min, 0.46 s/step
  epoch 1/2 step 950/26142 loss 0.3095 ce 0.4312 reward 0.141 lr 2.50e-05 7.2 min, 0.45 s/step
  epoch 1/2 step 1000/26142 loss 0.4419 ce 0.7582 reward -0.161 lr 2.50e-05 7.7 min, 0.46 s/step
  epoch 1/2 step 1050/26142 loss -0.4143 ce 0.4280 reward 0.166 lr 2.50e-05 8.1 min, 0.46 s/step
  epoch 1/2 step 1100/26142 loss -0.5968 ce 0.6687 reward -0.012 lr 2.50e-05 8.4 min, 0.46 s/step
  epoch 1/2 step 1150/26142 loss 0.0353 ce 0.2389 reward 0.433 lr 2.50e-05 8.8 min, 0.46 s/step
  epoch 1/2 step 1200/26142 loss -0.7159 ce 0.6461 reward 0.021 lr 2.50e-05 9.1 min, 0.46 s/step
  epoch 1/2 step 1250/26142 loss 0.4713 ce 0.5167 reward 0.121 lr 2.50e-05 9.5 min, 0.46 s/step
  epoch 1/2 step 1300/26142 loss 0.6065 ce 0.8033 reward -0.212 lr 2.50e-05 10.0 min, 0.46 s/step
  epoch 1/2 step 1350/26142 loss 1.0223 ce 0.8203 reward -0.335 lr 2.50e-05 10.3 min, 0.46 s/step
  epoch 1/2 step 1400/26142 loss -0.0291 ce 0.5869 reward -0.045 lr 2.50e-05 10.7 min, 0.46 s/step
  epoch 1/2 step 1450/26142 loss 0.6285 ce 0.7969 reward -0.236 lr 2.50e-05 11.0 min, 0.46 s/step
  epoch 1/2 step 1500/26142 loss 0.2608 ce 0.6361 reward 0.027 lr 2.50e-05 11.4 min, 0.45 s/step
  epoch 1/2 step 1550/26142 loss 0.9057 ce 0.6189 reward -0.069 lr 2.49e-05 11.8 min, 0.46 s/step
  epoch 1/2 step 1600/26142 loss 0.1004 ce 0.6310 reward -0.093 lr 2.49e-05 12.1 min, 0.45 s/step
  epoch 1/2 step 1650/26142 loss 0.4878 ce 0.3900 reward 0.255 lr 2.49e-05 12.4 min, 0.45 s/step
  epoch 1/2 step 1700/26142 loss 1.3226 ce 0.9610 reward -0.398 lr 2.49e-05 12.8 min, 0.45 s/step
  epoch 1/2 step 1750/26142 loss -1.3215 ce 0.6368 reward 0.026 lr 2.49e-05 13.2 min, 0.45 s/step
  epoch 1/2 step 1800/26142 loss 0.8129 ce 0.6364 reward 0.026 lr 2.49e-05 13.5 min, 0.45 s/step
  epoch 1/2 step 1850/26142 loss 0.4930 ce 0.6406 reward 0.013 lr 2.49e-05 13.8 min, 0.45 s/step
  epoch 1/2 step 1900/26142 loss 0.0988 ce 0.5172 reward 0.152 lr 2.49e-05 14.2 min, 0.45 s/step
  epoch 1/2 step 1950/26142 loss 0.7233 ce 0.7564 reward -0.169 lr 2.49e-05 14.7 min, 0.45 s/step
  epoch 1/2 step 2000/26142 loss -0.1029 ce 0.5358 reward 0.008 lr 2.49e-05 15.0 min, 0.45 s/step
  epoch 1/2 step 2050/26142 loss 0.4639 ce 0.6222 reward -0.102 lr 2.49e-05 15.3 min, 0.45 s/step
  epoch 1/2 step 2100/26142 loss -0.0271 ce 0.3459 reward 0.334 lr 2.49e-05 15.7 min, 0.45 s/step
  epoch 1/2 step 2150/26142 loss 0.4129 ce 0.5884 reward -0.010 lr 2.49e-05 16.0 min, 0.45 s/step
  epoch 1/2 step 2200/26142 loss 0.1227 ce 1.1346 reward -0.569 lr 2.49e-05 16.4 min, 0.45 s/step
  epoch 1/2 step 2250/26142 loss 0.1539 ce 0.6728 reward -0.039 lr 2.49e-05 16.7 min, 0.45 s/step
  epoch 1/2 step 2300/26142 loss 0.5215 ce 0.5477 reward 0.046 lr 2.49e-05 17.1 min, 0.45 s/step
  epoch 1/2 step 2350/26142 loss -0.3350 ce 0.3277 reward 0.287 lr 2.49e-05 17.4 min, 0.44 s/step
  epoch 1/2 step 2400/26142 loss -1.0379 ce 0.6361 reward 0.026 lr 2.49e-05 17.8 min, 0.44 s/step
  epoch 1/2 step 2450/26142 loss 0.4449 ce 0.5236 reward 0.150 lr 2.49e-05 18.2 min, 0.45 s/step
  epoch 1/2 step 2500/26142 loss -0.2497 ce 0.6361 reward 0.029 lr 2.49e-05 18.6 min, 0.45 s/step
  epoch 1/2 step 2550/26142 loss -0.0724 ce 0.6372 reward 0.027 lr 2.49e-05 19.0 min, 0.45 s/step
  epoch 1/2 step 2600/26142 loss 1.0892 ce 0.7052 reward -0.055 lr 2.49e-05 19.4 min, 0.45 s/step
  epoch 1/2 step 2650/26142 loss 0.8235 ce 0.6151 reward 0.019 lr 2.48e-05 19.8 min, 0.45 s/step
  epoch 1/2 step 2700/26142 loss -0.1820 ce 0.4763 reward 0.066 lr 2.48e-05 20.2 min, 0.45 s/step
  epoch 1/2 step 2750/26142 loss 0.1446 ce 0.3310 reward 0.346 lr 2.48e-05 20.7 min, 0.45 s/step
  epoch 1/2 step 2800/26142 loss -0.0315 ce 0.3818 reward 0.234 lr 2.48e-05 21.0 min, 0.45 s/step
  epoch 1/2 step 2850/26142 loss 0.0866 ce 0.4047 reward 0.200 lr 2.48e-05 21.3 min, 0.45 s/step
  epoch 1/2 step 2900/26142 loss 0.7353 ce 0.7749 reward -0.224 lr 2.48e-05 21.7 min, 0.45 s/step
  epoch 1/2 step 2950/26142 loss 0.2292 ce 0.3454 reward 0.356 lr 2.48e-05 22.0 min, 0.45 s/step
  epoch 1/2 step 3000/26142 loss 0.1872 ce 0.5023 reward 0.093 lr 2.48e-05 22.4 min, 0.45 s/step
  epoch 1/2 step 3050/26142 loss 0.3015 ce 0.4548 reward 0.231 lr 2.48e-05 22.8 min, 0.45 s/step
  epoch 1/2 step 3100/26142 loss -0.5888 ce 0.5154 reward 0.155 lr 2.48e-05 23.1 min, 0.45 s/step
  epoch 1/2 step 3150/26142 loss -1.4543 ce 0.6359 reward 0.026 lr 2.48e-05 23.4 min, 0.45 s/step
  epoch 1/2 step 3200/26142 loss 0.6619 ce 0.6300 reward -0.001 lr 2.48e-05 23.7 min, 0.44 s/step
  epoch 1/2 step 3250/26142 loss 0.5268 ce 0.6365 reward 0.028 lr 2.48e-05 24.1 min, 0.45 s/step
  epoch 1/2 step 3300/26142 loss 0.8977 ce 0.7812 reward -0.201 lr 2.48e-05 24.4 min, 0.44 s/step
  epoch 1/2 step 3350/26142 loss 0.2023 ce 0.3378 reward 0.312 lr 2.48e-05 24.8 min, 0.44 s/step
  epoch 1/2 step 3400/26142 loss 0.4148 ce 0.5534 reward -0.000 lr 2.48e-05 25.1 min, 0.44 s/step
  epoch 1/2 step 3450/26142 loss 0.5357 ce 0.4113 reward 0.251 lr 2.47e-05 25.4 min, 0.44 s/step
  epoch 1/2 step 3500/26142 loss 0.6109 ce 0.5888 reward 0.047 lr 2.47e-05 25.9 min, 0.44 s/step
  epoch 1/2 step 3550/26142 loss -0.6784 ce 0.6379 reward 0.025 lr 2.47e-05 26.2 min, 0.44 s/step
  epoch 1/2 step 3600/26142 loss 0.8372 ce 1.1336 reward -0.733 lr 2.47e-05 26.6 min, 0.44 s/step
  epoch 1/2 step 3650/26142 loss 0.5269 ce 0.6429 reward -0.117 lr 2.47e-05 27.0 min, 0.44 s/step
  epoch 1/2 step 3700/26142 loss 0.2558 ce 0.4183 reward 0.216 lr 2.47e-05 27.3 min, 0.44 s/step
  epoch 1/2 step 3750/26142 loss 0.8587 ce 0.6669 reward -0.164 lr 2.47e-05 27.7 min, 0.44 s/step
  epoch 1/2 step 3800/26142 loss 0.2439 ce 0.6361 reward 0.027 lr 2.47e-05 28.1 min, 0.44 s/step
  epoch 1/2 step 3850/26142 loss 0.1785 ce 0.7267 reward -0.205 lr 2.47e-05 28.5 min, 0.44 s/step
  epoch 1/2 step 3900/26142 loss 0.3237 ce 0.5445 reward -0.008 lr 2.47e-05 28.8 min, 0.44 s/step
  epoch 1/2 step 3950/26142 loss -0.4655 ce 0.5167 reward 0.155 lr 2.47e-05 29.2 min, 0.44 s/step
  epoch 1/2 step 4000/26142 loss -0.1221 ce 0.6359 reward 0.029 lr 2.47e-05 29.6 min, 0.44 s/step
  epoch 1/2 step 4050/26142 loss 0.3296 ce 0.8961 reward -0.429 lr 2.46e-05 30.0 min, 0.44 s/step
  epoch 1/2 step 4100/26142 loss 0.4235 ce 0.6122 reward 0.047 lr 2.46e-05 30.3 min, 0.44 s/step
  epoch 1/2 step 4150/26142 loss 0.6309 ce 0.5979 reward -0.034 lr 2.46e-05 30.7 min, 0.44 s/step
  epoch 1/2 step 4200/26142 loss 0.1479 ce 0.3576 reward 0.286 lr 2.46e-05 31.0 min, 0.44 s/step
  epoch 1/2 step 4250/26142 loss 0.3575 ce 0.6334 reward -0.086 lr 2.46e-05 31.2 min, 0.44 s/step
  epoch 1/2 step 4300/26142 loss 0.0418 ce 0.6031 reward -0.048 lr 2.46e-05 31.6 min, 0.44 s/step
  epoch 1/2 step 4350/26142 loss 0.1186 ce 0.5470 reward 0.001 lr 2.46e-05 31.9 min, 0.44 s/step
  epoch 1/2 step 4400/26142 loss 0.0833 ce 0.3408 reward 0.322 lr 2.46e-05 32.3 min, 0.44 s/step
  epoch 1/2 step 4450/26142 loss -0.7267 ce 0.6400 reward 0.027 lr 2.46e-05 32.7 min, 0.44 s/step
  epoch 1/2 step 4500/26142 loss 0.0311 ce 0.4795 reward 0.119 lr 2.46e-05 33.0 min, 0.44 s/step
  epoch 1/2 step 4550/26142 loss 0.2387 ce 0.4589 reward 0.145 lr 2.46e-05 33.4 min, 0.44 s/step
  epoch 1/2 step 4600/26142 loss 0.1901 ce 0.4815 reward 0.117 lr 2.45e-05 33.7 min, 0.44 s/step
  epoch 1/2 step 4650/26142 loss 0.1604 ce 0.4551 reward 0.135 lr 2.45e-05 34.0 min, 0.44 s/step
  epoch 1/2 step 4700/26142 loss 0.3911 ce 0.5200 reward 0.142 lr 2.45e-05 34.5 min, 0.44 s/step
  epoch 1/2 step 4750/26142 loss -0.7535 ce 0.6357 reward 0.031 lr 2.45e-05 34.9 min, 0.44 s/step
  epoch 1/2 step 4800/26142 loss 0.0174 ce 0.5565 reward 0.008 lr 2.45e-05 35.3 min, 0.44 s/step
  epoch 1/2 step 4850/26142 loss 0.3984 ce 0.4799 reward 0.120 lr 2.45e-05 35.6 min, 0.44 s/step
  epoch 1/2 step 4900/26142 loss -0.1820 ce 0.5175 reward 0.152 lr 2.45e-05 35.9 min, 0.44 s/step
  epoch 1/2 step 4950/26142 loss 0.1680 ce 0.3380 reward 0.275 lr 2.45e-05 36.3 min, 0.44 s/step
  epoch 1/2 step 5000/26142 loss 0.1406 ce 0.7001 reward -0.195 lr 2.45e-05 36.7 min, 0.44 s/step
  epoch 1/2 step 5050/26142 loss 0.3247 ce 0.3915 reward 0.226 lr 2.45e-05 37.1 min, 0.44 s/step
  epoch 1/2 step 5100/26142 loss -0.3380 ce 0.5167 reward 0.156 lr 2.44e-05 37.5 min, 0.44 s/step
  epoch 1/2 step 5150/26142 loss -0.1210 ce 0.6368 reward 0.029 lr 2.44e-05 38.0 min, 0.44 s/step
  epoch 1/2 step 5200/26142 loss 0.8187 ce 0.5659 reward 0.055 lr 2.44e-05 38.4 min, 0.44 s/step
  epoch 1/2 step 5250/26142 loss -0.2493 ce 0.6391 reward 0.028 lr 2.44e-05 38.7 min, 0.44 s/step
  epoch 1/2 step 5300/26142 loss 0.8290 ce 0.5900 reward -0.028 lr 2.44e-05 39.1 min, 0.44 s/step
  epoch 1/2 step 5350/26142 loss 0.8047 ce 0.5963 reward 0.024 lr 2.44e-05 39.5 min, 0.44 s/step
  epoch 1/2 step 5400/26142 loss 0.4495 ce 0.4199 reward 0.203 lr 2.44e-05 39.8 min, 0.44 s/step
  epoch 1/2 step 5450/26142 loss 0.2318 ce 0.5245 reward 0.044 lr 2.44e-05 40.2 min, 0.44 s/step
  epoch 1/2 step 5500/26142 loss 0.2380 ce 0.3219 reward 0.327 lr 2.44e-05 40.6 min, 0.44 s/step
  epoch 1/2 step 5550/26142 loss 0.5312 ce 0.4864 reward 0.131 lr 2.43e-05 40.9 min, 0.44 s/step
  epoch 1/2 step 5600/26142 loss 0.2703 ce 0.4427 reward 0.175 lr 2.43e-05 41.3 min, 0.44 s/step
  epoch 1/2 step 5650/26142 loss 0.7169 ce 0.6575 reward -0.033 lr 2.43e-05 41.7 min, 0.44 s/step
  epoch 1/2 step 5700/26142 loss 0.0405 ce 0.8436 reward -0.360 lr 2.43e-05 42.0 min, 0.44 s/step
  epoch 1/2 step 5750/26142 loss 0.0487 ce 0.6359 reward 0.028 lr 2.43e-05 42.4 min, 0.44 s/step
  epoch 1/2 step 5800/26142 loss 0.1111 ce 0.4291 reward 0.190 lr 2.43e-05 42.8 min, 0.44 s/step
  epoch 1/2 step 5850/26142 loss 0.9651 ce 0.2774 reward 0.444 lr 2.43e-05 43.2 min, 0.44 s/step
  epoch 1/2 step 5900/26142 loss 0.6812 ce 0.8843 reward -0.424 lr 2.43e-05 43.5 min, 0.44 s/step
  epoch 1/2 step 5950/26142 loss 0.1723 ce 0.6178 reward -0.001 lr 2.42e-05 43.9 min, 0.44 s/step
  epoch 1/2 step 6000/26142 loss 0.6467 ce 0.7186 reward -0.188 lr 2.42e-05 44.3 min, 0.44 s/step
  epoch 1/2 step 6050/26142 loss 0.3001 ce 0.3781 reward 0.278 lr 2.42e-05 44.7 min, 0.44 s/step
  epoch 1/2 step 6100/26142 loss 0.4650 ce 0.4475 reward 0.168 lr 2.42e-05 45.0 min, 0.44 s/step
  epoch 1/2 step 6150/26142 loss 0.1876 ce 0.6427 reward -0.061 lr 2.42e-05 45.4 min, 0.44 s/step
  epoch 1/2 step 6200/26142 loss 0.1490 ce 0.4179 reward 0.196 lr 2.42e-05 45.7 min, 0.44 s/step
  epoch 1/2 step 6250/26142 loss 0.8572 ce 1.2947 reward -0.800 lr 2.42e-05 46.1 min, 0.44 s/step
  epoch 1/2 step 6300/26142 loss 0.2306 ce 0.5225 reward 0.025 lr 2.42e-05 46.5 min, 0.44 s/step
  epoch 1/2 step 6350/26142 loss 0.2585 ce 0.5187 reward 0.140 lr 2.41e-05 46.8 min, 0.44 s/step
  epoch 1/2 step 6400/26142 loss 0.2119 ce 0.4684 reward 0.149 lr 2.41e-05 47.2 min, 0.44 s/step
  epoch 1/2 step 6450/26142 loss 0.3366 ce 0.6361 reward 0.026 lr 2.41e-05 47.6 min, 0.44 s/step
  epoch 1/2 step 6500/26142 loss 0.6854 ce 0.6032 reward -0.000 lr 2.41e-05 47.9 min, 0.44 s/step
  epoch 1/2 step 6550/26142 loss 0.2640 ce 0.4680 reward 0.098 lr 2.41e-05 48.4 min, 0.44 s/step
  epoch 1/2 step 6600/26142 loss 0.3065 ce 0.7420 reward -0.238 lr 2.41e-05 48.7 min, 0.44 s/step
  epoch 1/2 step 6650/26142 loss -1.4814 ce 0.6354 reward 0.027 lr 2.41e-05 49.1 min, 0.44 s/step
  epoch 1/2 step 6700/26142 loss 0.2956 ce 0.5087 reward 0.077 lr 2.40e-05 49.4 min, 0.44 s/step
  epoch 1/2 step 6750/26142 loss 0.8880 ce 0.6362 reward 0.030 lr 2.40e-05 49.7 min, 0.44 s/step
  epoch 1/2 step 6800/26142 loss 0.1010 ce 0.3888 reward 0.192 lr 2.40e-05 50.1 min, 0.44 s/step
  epoch 1/2 step 6850/26142 loss 1.4891 ce 1.3538 reward -0.867 lr 2.40e-05 50.4 min, 0.44 s/step
  epoch 1/2 step 6900/26142 loss 0.2697 ce 0.4803 reward 0.149 lr 2.40e-05 50.7 min, 0.44 s/step
  epoch 1/2 step 6950/26142 loss 0.6547 ce 0.3218 reward 0.347 lr 2.40e-05 51.1 min, 0.44 s/step
  epoch 1/2 step 7000/26142 loss 0.3582 ce 0.3066 reward 0.369 lr 2.40e-05 51.4 min, 0.44 s/step
  epoch 1/2 step 7050/26142 loss -0.1350 ce 0.2894 reward 0.369 lr 2.39e-05 51.8 min, 0.44 s/step
  epoch 1/2 step 7100/26142 loss -0.5270 ce 0.6354 reward 0.026 lr 2.39e-05 52.2 min, 0.44 s/step
  epoch 1/2 step 7150/26142 loss 0.2047 ce 0.4607 reward 0.138 lr 2.39e-05 52.6 min, 0.44 s/step
  epoch 1/2 step 7200/26142 loss 0.4943 ce 0.7762 reward -0.373 lr 2.39e-05 53.0 min, 0.44 s/step
  epoch 1/2 step 7250/26142 loss 0.1198 ce 0.6358 reward 0.028 lr 2.39e-05 53.3 min, 0.44 s/step
  epoch 1/2 step 7300/26142 loss -0.5958 ce 0.5572 reward 0.115 lr 2.39e-05 53.7 min, 0.44 s/step
  epoch 1/2 step 7350/26142 loss 0.1787 ce 0.2882 reward 0.387 lr 2.38e-05 54.0 min, 0.44 s/step
  epoch 1/2 step 7400/26142 loss -0.1858 ce 0.8082 reward -0.347 lr 2.38e-05 54.3 min, 0.44 s/step
  epoch 1/2 step 7450/26142 loss 0.4452 ce 0.7637 reward -0.225 lr 2.38e-05 54.8 min, 0.44 s/step
  epoch 1/2 step 7500/26142 loss 0.3147 ce 0.2192 reward 0.483 lr 2.38e-05 55.2 min, 0.44 s/step
  epoch 1/2 step 7550/26142 loss -0.6635 ce 0.4220 reward 0.157 lr 2.38e-05 55.5 min, 0.44 s/step
  epoch 1/2 step 7600/26142 loss 0.3608 ce 0.6357 reward 0.032 lr 2.38e-05 55.8 min, 0.44 s/step
  epoch 1/2 step 7650/26142 loss 0.7957 ce 0.6601 reward -0.091 lr 2.38e-05 56.2 min, 0.44 s/step
  epoch 1/2 step 7700/26142 loss 0.7730 ce 0.6386 reward 0.021 lr 2.37e-05 56.6 min, 0.44 s/step
  epoch 1/2 step 7750/26142 loss 0.6764 ce 0.9508 reward -0.460 lr 2.37e-05 57.0 min, 0.44 s/step
  epoch 1/2 step 7800/26142 loss 0.0886 ce 0.6353 reward 0.028 lr 2.37e-05 57.4 min, 0.44 s/step
  epoch 1/2 step 7850/26142 loss -0.5634 ce 0.4679 reward 0.202 lr 2.37e-05 57.7 min, 0.44 s/step
  epoch 1/2 step 7900/26142 loss 0.7224 ce 0.7988 reward -0.221 lr 2.37e-05 58.1 min, 0.44 s/step
  epoch 1/2 step 7950/26142 loss 0.3327 ce 0.5594 reward 0.011 lr 2.37e-05 58.4 min, 0.44 s/step
  epoch 1/2 step 8000/26142 loss 0.4649 ce 1.0015 reward -0.416 lr 2.36e-05 58.8 min, 0.44 s/step
  epoch 1/2 step 8050/26142 loss 0.3654 ce 0.6364 reward 0.030 lr 2.36e-05 59.2 min, 0.44 s/step
  epoch 1/2 step 8100/26142 loss 0.3199 ce 0.2651 reward 0.420 lr 2.36e-05 59.5 min, 0.44 s/step
  epoch 1/2 step 8150/26142 loss 0.5573 ce 0.6200 reward 0.013 lr 2.36e-05 59.9 min, 0.44 s/step
  epoch 1/2 step 8200/26142 loss -0.1181 ce 0.5156 reward 0.153 lr 2.36e-05 60.3 min, 0.44 s/step
  epoch 1/2 step 8250/26142 loss 1.2119 ce 0.7250 reward -0.116 lr 2.36e-05 60.7 min, 0.44 s/step
  epoch 1/2 step 8300/26142 loss 0.1231 ce 0.5166 reward 0.089 lr 2.35e-05 61.0 min, 0.44 s/step
  epoch 1/2 step 8350/26142 loss 1.1582 ce 0.8546 reward -0.331 lr 2.35e-05 61.4 min, 0.44 s/step
  epoch 1/2 step 8400/26142 loss 0.4951 ce 0.8532 reward -0.443 lr 2.35e-05 61.8 min, 0.44 s/step
  epoch 1/2 step 8450/26142 loss 0.0739 ce 0.4838 reward 0.198 lr 2.35e-05 62.1 min, 0.44 s/step
  epoch 1/2 step 8500/26142 loss -0.2596 ce 0.6353 reward 0.026 lr 2.35e-05 62.5 min, 0.44 s/step
  epoch 1/2 step 8550/26142 loss 0.2463 ce 0.5786 reward -0.007 lr 2.35e-05 62.9 min, 0.44 s/step
  epoch 1/2 step 8600/26142 loss -0.0199 ce 0.5597 reward 0.065 lr 2.34e-05 63.3 min, 0.44 s/step
  epoch 1/2 step 8650/26142 loss -0.5274 ce 0.6361 reward 0.028 lr 2.34e-05 63.7 min, 0.44 s/step
  epoch 1/2 step 8700/26142 loss -0.1815 ce 0.6356 reward 0.027 lr 2.34e-05 64.0 min, 0.44 s/step
  epoch 1/2 step 8750/26142 loss 0.3444 ce 0.4868 reward 0.115 lr 2.34e-05 64.4 min, 0.44 s/step
  epoch 1/2 step 8800/26142 loss 0.1045 ce 0.3720 reward 0.257 lr 2.34e-05 64.8 min, 0.44 s/step
  epoch 1/2 step 8850/26142 loss 0.0105 ce 0.4786 reward 0.203 lr 2.33e-05 65.1 min, 0.44 s/step
  epoch 1/2 step 8900/26142 loss 0.4690 ce 0.5393 reward 0.060 lr 2.33e-05 65.4 min, 0.44 s/step
  epoch 1/2 step 8950/26142 loss -1.0284 ce 0.6367 reward 0.025 lr 2.33e-05 65.8 min, 0.44 s/step
  epoch 1/2 step 9000/26142 loss 0.2598 ce 0.5006 reward 0.087 lr 2.33e-05 66.2 min, 0.44 s/step
  epoch 1/2 step 9050/26142 loss -1.4640 ce 0.6355 reward 0.025 lr 2.33e-05 66.6 min, 0.44 s/step
  epoch 1/2 step 9100/26142 loss 0.8371 ce 0.7543 reward -0.195 lr 2.33e-05 67.0 min, 0.44 s/step
  epoch 1/2 step 9150/26142 loss -0.0064 ce 0.6434 reward -0.091 lr 2.32e-05 67.3 min, 0.44 s/step
  epoch 1/2 step 9200/26142 loss -0.8958 ce 0.5158 reward 0.153 lr 2.32e-05 67.7 min, 0.44 s/step
  epoch 1/2 step 9250/26142 loss 0.4342 ce 0.5607 reward 0.019 lr 2.32e-05 68.2 min, 0.44 s/step
  epoch 1/2 step 9300/26142 loss 0.7293 ce 0.6713 reward -0.081 lr 2.32e-05 68.6 min, 0.44 s/step
  epoch 1/2 step 9350/26142 loss 0.1218 ce 0.4322 reward 0.177 lr 2.32e-05 68.9 min, 0.44 s/step
  epoch 1/2 step 9400/26142 loss -0.5838 ce 0.5161 reward 0.154 lr 2.31e-05 69.2 min, 0.44 s/step
  epoch 1/2 step 9450/26142 loss 0.1839 ce 0.7692 reward -0.354 lr 2.31e-05 69.6 min, 0.44 s/step
  epoch 1/2 step 9500/26142 loss 0.6207 ce 0.6150 reward -0.003 lr 2.31e-05 69.9 min, 0.44 s/step
  epoch 1/2 step 9550/26142 loss 0.0369 ce 0.6453 reward -0.004 lr 2.31e-05 70.3 min, 0.44 s/step
  epoch 1/2 step 9600/26142 loss 0.3374 ce 0.4819 reward 0.162 lr 2.31e-05 70.7 min, 0.44 s/step
  epoch 1/2 step 9650/26142 loss 0.0327 ce 0.6842 reward -0.066 lr 2.30e-05 71.1 min, 0.44 s/step
  epoch 1/2 step 9700/26142 loss -0.1005 ce 0.3413 reward 0.277 lr 2.30e-05 71.4 min, 0.44 s/step
  epoch 1/2 step 9750/26142 loss -0.0034 ce 0.4079 reward 0.212 lr 2.30e-05 71.7 min, 0.44 s/step
  epoch 1/2 step 9800/26142 loss 0.3802 ce 0.3942 reward 0.252 lr 2.30e-05 72.1 min, 0.44 s/step
  epoch 1/2 step 9850/26142 loss 0.2198 ce 0.4499 reward 0.169 lr 2.30e-05 72.5 min, 0.44 s/step
  epoch 1/2 step 9900/26142 loss -0.8413 ce 0.5151 reward 0.153 lr 2.29e-05 72.8 min, 0.44 s/step
  epoch 1/2 step 9950/26142 loss -0.9425 ce 0.4626 reward 0.212 lr 2.29e-05 73.2 min, 0.44 s/step
  epoch 1/2 step 10000/26142 loss 0.0483 ce 0.4047 reward 0.215 lr 2.29e-05 73.6 min, 0.44 s/step
  epoch 1/2 step 10050/26142 loss 0.1459 ce 0.4940 reward 0.055 lr 2.29e-05 73.9 min, 0.44 s/step
  epoch 1/2 step 10100/26142 loss 1.2352 ce 0.7765 reward -0.116 lr 2.29e-05 74.3 min, 0.44 s/step
  epoch 1/2 step 10150/26142 loss 1.3730 ce 0.9513 reward -0.363 lr 2.28e-05 74.6 min, 0.44 s/step
  epoch 1/2 step 10200/26142 loss 0.1133 ce 0.4337 reward 0.179 lr 2.28e-05 74.9 min, 0.44 s/step
  epoch 1/2 step 10250/26142 loss 0.0786 ce 0.4542 reward 0.223 lr 2.28e-05 75.4 min, 0.44 s/step
  epoch 1/2 step 10300/26142 loss 0.8207 ce 0.8280 reward -0.356 lr 2.28e-05 75.7 min, 0.44 s/step
  epoch 1/2 step 10350/26142 loss 0.3841 ce 0.4632 reward 0.127 lr 2.28e-05 76.1 min, 0.44 s/step
  epoch 1/2 step 10400/26142 loss -0.1427 ce 0.5652 reward -0.053 lr 2.27e-05 76.4 min, 0.44 s/step
  epoch 1/2 step 10450/26142 loss -0.4358 ce 0.5153 reward 0.158 lr 2.27e-05 76.8 min, 0.44 s/step
  epoch 1/2 step 10500/26142 loss -0.2702 ce 0.2776 reward 0.388 lr 2.27e-05 77.1 min, 0.44 s/step
  epoch 1/2 step 10550/26142 loss 0.3217 ce 0.6181 reward 0.023 lr 2.27e-05 77.5 min, 0.44 s/step
  epoch 1/2 step 10600/26142 loss -0.3297 ce 0.4974 reward 0.108 lr 2.26e-05 77.8 min, 0.44 s/step
  epoch 1/2 step 10650/26142 loss 0.3011 ce 0.6474 reward -0.166 lr 2.26e-05 78.1 min, 0.44 s/step
  epoch 1/2 step 10700/26142 loss -0.0281 ce 0.4942 reward 0.101 lr 2.26e-05 78.6 min, 0.44 s/step
  epoch 1/2 step 10750/26142 loss 0.4137 ce 0.4457 reward 0.169 lr 2.26e-05 78.9 min, 0.44 s/step
  epoch 1/2 step 10800/26142 loss -0.0152 ce 0.2993 reward 0.350 lr 2.26e-05 79.3 min, 0.44 s/step
  epoch 1/2 step 10850/26142 loss -0.2347 ce 0.3258 reward 0.338 lr 2.25e-05 79.6 min, 0.44 s/step
  epoch 1/2 step 10900/26142 loss -0.2791 ce 0.3746 reward 0.233 lr 2.25e-05 79.9 min, 0.44 s/step
  epoch 1/2 step 10950/26142 loss 0.3319 ce 0.5328 reward 0.095 lr 2.25e-05 80.4 min, 0.44 s/step
  epoch 1/2 step 11000/26142 loss 0.3162 ce 0.5806 reward -0.009 lr 2.25e-05 80.8 min, 0.44 s/step
  epoch 1/2 step 11050/26142 loss 0.0872 ce 0.4783 reward 0.110 lr 2.25e-05 81.1 min, 0.44 s/step
  epoch 1/2 step 11100/26142 loss 0.6648 ce 0.6247 reward -0.009 lr 2.24e-05 81.5 min, 0.44 s/step
  epoch 1/2 step 11150/26142 loss 0.3741 ce 0.3262 reward 0.361 lr 2.24e-05 81.9 min, 0.44 s/step
  epoch 1/2 step 11200/26142 loss 0.4553 ce 0.5572 reward 0.022 lr 2.24e-05 82.2 min, 0.44 s/step
  epoch 1/2 step 11250/26142 loss 0.1509 ce 0.6962 reward -0.227 lr 2.24e-05 82.6 min, 0.44 s/step
  epoch 1/2 step 11300/26142 loss 0.6173 ce 1.0290 reward -0.491 lr 2.23e-05 83.0 min, 0.44 s/step
  epoch 1/2 step 11350/26142 loss -0.0172 ce 0.3027 reward 0.365 lr 2.23e-05 83.3 min, 0.44 s/step
  epoch 1/2 step 11400/26142 loss -0.4826 ce 0.6366 reward 0.029 lr 2.23e-05 83.6 min, 0.44 s/step
  epoch 1/2 step 11450/26142 loss -1.0927 ce 0.6357 reward 0.027 lr 2.23e-05 84.0 min, 0.44 s/step
  epoch 1/2 step 11500/26142 loss 0.6251 ce 0.5367 reward 0.031 lr 2.22e-05 84.3 min, 0.44 s/step
  epoch 1/2 step 11550/26142 loss 0.7053 ce 0.5936 reward 0.045 lr 2.22e-05 84.6 min, 0.44 s/step
  epoch 1/2 step 11600/26142 loss -0.7114 ce 0.6356 reward 0.029 lr 2.22e-05 85.0 min, 0.44 s/step
  epoch 1/2 step 11650/26142 loss 0.7276 ce 0.7951 reward -0.261 lr 2.22e-05 85.4 min, 0.44 s/step
  epoch 1/2 step 11700/26142 loss 0.4183 ce 0.6775 reward -0.129 lr 2.22e-05 85.8 min, 0.44 s/step
  epoch 1/2 step 11750/26142 loss 0.5884 ce 0.4927 reward 0.162 lr 2.21e-05 86.1 min, 0.44 s/step
  epoch 1/2 step 11800/26142 loss 0.0451 ce 0.6366 reward 0.030 lr 2.21e-05 86.5 min, 0.44 s/step
  epoch 1/2 step 11850/26142 loss 0.6595 ce 0.8220 reward -0.352 lr 2.21e-05 86.9 min, 0.44 s/step
  epoch 1/2 step 11900/26142 loss 0.5481 ce 0.5611 reward -0.002 lr 2.21e-05 87.2 min, 0.44 s/step
  epoch 1/2 step 11950/26142 loss -0.1707 ce 0.5185 reward 0.156 lr 2.20e-05 87.7 min, 0.44 s/step
  epoch 1/2 step 12000/26142 loss 0.3004 ce 0.4411 reward 0.191 lr 2.20e-05 88.0 min, 0.44 s/step
  epoch 1/2 step 12050/26142 loss -0.6130 ce 0.6395 reward 0.024 lr 2.20e-05 88.4 min, 0.44 s/step
  epoch 1/2 step 12100/26142 loss 0.1403 ce 0.3600 reward 0.303 lr 2.20e-05 88.7 min, 0.44 s/step
  epoch 1/2 step 12150/26142 loss -0.2216 ce 0.3489 reward 0.304 lr 2.19e-05 89.0 min, 0.44 s/step
  epoch 1/2 step 12200/26142 loss 0.6329 ce 0.5766 reward -0.040 lr 2.19e-05 89.4 min, 0.44 s/step
  epoch 1/2 step 12250/26142 loss 0.1216 ce 0.5644 reward 0.028 lr 2.19e-05 89.8 min, 0.44 s/step
  epoch 1/2 step 12300/26142 loss -1.8848 ce 0.6384 reward 0.021 lr 2.19e-05 90.1 min, 0.44 s/step
  epoch 1/2 step 12350/26142 loss 0.0771 ce 0.3124 reward 0.338 lr 2.18e-05 90.5 min, 0.44 s/step
  epoch 1/2 step 12400/26142 loss 0.2725 ce 0.4003 reward 0.241 lr 2.18e-05 90.8 min, 0.44 s/step
  epoch 1/2 step 12450/26142 loss -0.1381 ce 0.5167 reward 0.118 lr 2.18e-05 91.1 min, 0.44 s/step
  epoch 1/2 step 12500/26142 loss 0.5127 ce 0.4967 reward 0.121 lr 2.18e-05 91.5 min, 0.44 s/step
  epoch 1/2 step 12550/26142 loss 0.1109 ce 0.4776 reward 0.185 lr 2.17e-05 91.8 min, 0.44 s/step
  epoch 1/2 step 12600/26142 loss 0.5970 ce 0.4694 reward 0.187 lr 2.17e-05 92.2 min, 0.44 s/step
  epoch 1/2 step 12650/26142 loss -0.5408 ce 0.4928 reward 0.173 lr 2.17e-05 92.5 min, 0.44 s/step
  epoch 1/2 step 12700/26142 loss -0.1731 ce 0.5071 reward 0.163 lr 2.17e-05 92.9 min, 0.44 s/step
  epoch 1/2 step 12750/26142 loss 0.0970 ce 0.6354 reward 0.028 lr 2.16e-05 93.3 min, 0.44 s/step
  epoch 1/2 step 12800/26142 loss 0.6302 ce 0.9199 reward -0.375 lr 2.16e-05 93.6 min, 0.44 s/step
  epoch 1/2 step 12850/26142 loss 0.1982 ce 0.3118 reward 0.346 lr 2.16e-05 94.0 min, 0.44 s/step
  epoch 1/2 step 12900/26142 loss 0.5159 ce 0.5109 reward 0.058 lr 2.16e-05 94.5 min, 0.44 s/step
  epoch 1/2 step 12950/26142 loss 0.3508 ce 0.4908 reward 0.095 lr 2.15e-05 94.8 min, 0.44 s/step
  epoch 1/2 step 13000/26142 loss 0.2519 ce 0.3824 reward 0.232 lr 2.15e-05 95.1 min, 0.44 s/step
  epoch 1/2 step 13050/26142 loss 0.1845 ce 0.5401 reward 0.124 lr 2.15e-05 95.5 min, 0.44 s/step
  epoch 1/2 step 13100/26142 loss 0.8242 ce 0.5924 reward -0.050 lr 2.15e-05 95.8 min, 0.44 s/step
  epoch 1/2 step 13150/26142 loss 0.4976 ce 0.2695 reward 0.418 lr 2.14e-05 96.1 min, 0.44 s/step
  epoch 1/2 step 13200/26142 loss 0.3778 ce 0.6357 reward 0.027 lr 2.14e-05 96.4 min, 0.44 s/step
  epoch 1/2 step 13250/26142 loss 0.0696 ce 0.5336 reward 0.064 lr 2.14e-05 96.8 min, 0.44 s/step
  epoch 1/2 step 13300/26142 loss -0.5364 ce 0.6367 reward 0.030 lr 2.14e-05 97.1 min, 0.44 s/step
  epoch 1/2 step 13350/26142 loss 0.5303 ce 0.6566 reward -0.106 lr 2.13e-05 97.5 min, 0.44 s/step
  epoch 1/2 step 13400/26142 loss -0.6601 ce 0.6354 reward 0.029 lr 2.13e-05 97.9 min, 0.44 s/step
  epoch 1/2 step 13450/26142 loss -0.4050 ce 0.6393 reward 0.021 lr 2.13e-05 98.3 min, 0.44 s/step
  epoch 1/2 step 13500/26142 loss -1.1626 ce 0.5147 reward 0.145 lr 2.13e-05 98.7 min, 0.44 s/step
  epoch 1/2 step 13550/26142 loss 0.2982 ce 0.3217 reward 0.348 lr 2.12e-05 99.0 min, 0.44 s/step
  epoch 1/2 step 13600/26142 loss 0.5999 ce 0.6514 reward -0.098 lr 2.12e-05 99.3 min, 0.44 s/step
  epoch 1/2 step 13650/26142 loss 0.3616 ce 0.4345 reward 0.230 lr 2.12e-05 99.7 min, 0.44 s/step
  epoch 1/2 step 13700/26142 loss 0.2030 ce 0.9132 reward -0.389 lr 2.12e-05 100.0 min, 0.44 s/step
  epoch 1/2 step 13750/26142 loss 0.7929 ce 0.7443 reward -0.224 lr 2.11e-05 100.4 min, 0.44 s/step
  epoch 1/2 step 13800/26142 loss 0.0376 ce 0.4804 reward 0.205 lr 2.11e-05 100.8 min, 0.44 s/step
  epoch 1/2 step 13850/26142 loss -0.8065 ce 0.6358 reward 0.027 lr 2.11e-05 101.2 min, 0.44 s/step
  epoch 1/2 step 13900/26142 loss -0.2105 ce 0.4721 reward 0.165 lr 2.11e-05 101.6 min, 0.44 s/step
  epoch 1/2 step 13950/26142 loss -0.8554 ce 0.6356 reward 0.025 lr 2.10e-05 102.0 min, 0.44 s/step
  epoch 1/2 step 14000/26142 loss 0.9736 ce 0.8180 reward -0.308 lr 2.10e-05 102.3 min, 0.44 s/step
  epoch 1/2 step 14050/26142 loss -0.5952 ce 0.5033 reward 0.147 lr 2.10e-05 102.7 min, 0.44 s/step
  epoch 1/2 step 14100/26142 loss 0.5592 ce 0.6160 reward -0.064 lr 2.09e-05 103.0 min, 0.44 s/step
  epoch 1/2 step 14150/26142 loss 0.1954 ce 0.6145 reward -0.014 lr 2.09e-05 103.3 min, 0.44 s/step
  epoch 1/2 step 14200/26142 loss -0.6321 ce 0.5803 reward 0.055 lr 2.09e-05 103.7 min, 0.44 s/step
  epoch 1/2 step 14250/26142 loss 0.4105 ce 0.6791 reward -0.132 lr 2.09e-05 104.1 min, 0.44 s/step
  epoch 1/2 step 14300/26142 loss 0.5620 ce 0.6574 reward -0.112 lr 2.08e-05 104.4 min, 0.44 s/step
  epoch 1/2 step 14350/26142 loss -0.1081 ce 0.8164 reward -0.313 lr 2.08e-05 104.7 min, 0.44 s/step
  epoch 1/2 step 14400/26142 loss -1.1411 ce 0.4529 reward 0.223 lr 2.08e-05 105.1 min, 0.44 s/step
  epoch 1/2 step 14450/26142 loss 0.5320 ce 0.7411 reward -0.228 lr 2.08e-05 105.5 min, 0.44 s/step
  epoch 1/2 step 14500/26142 loss 1.2774 ce 1.1428 reward -0.588 lr 2.07e-05 105.8 min, 0.44 s/step
  epoch 1/2 step 14550/26142 loss 0.2070 ce 0.5836 reward 0.012 lr 2.07e-05 106.2 min, 0.44 s/step
  epoch 1/2 step 14600/26142 loss -0.1909 ce 0.4408 reward 0.153 lr 2.07e-05 106.6 min, 0.44 s/step
  epoch 1/2 step 14650/26142 loss -0.1261 ce 0.5223 reward 0.111 lr 2.06e-05 107.0 min, 0.44 s/step
  epoch 1/2 step 14700/26142 loss 0.5824 ce 0.6544 reward -0.069 lr 2.06e-05 107.4 min, 0.44 s/step
  epoch 1/2 step 14750/26142 loss -0.3026 ce 0.4700 reward 0.206 lr 2.06e-05 107.8 min, 0.44 s/step
  epoch 1/2 step 14800/26142 loss 0.4936 ce 0.7006 reward -0.149 lr 2.06e-05 108.1 min, 0.44 s/step
  epoch 1/2 step 14850/26142 loss 0.0251 ce 0.6391 reward 0.026 lr 2.05e-05 108.5 min, 0.44 s/step
  epoch 1/2 step 14900/26142 loss 0.1152 ce 0.7913 reward -0.335 lr 2.05e-05 108.9 min, 0.44 s/step
  epoch 1/2 step 14950/26142 loss 0.5893 ce 0.5394 reward 0.120 lr 2.05e-05 109.4 min, 0.44 s/step
  epoch 1/2 step 15000/26142 loss -0.8744 ce 0.5156 reward 0.153 lr 2.04e-05 109.7 min, 0.44 s/step
  epoch 1/2 step 15050/26142 loss -0.0306 ce 0.3274 reward 0.314 lr 2.04e-05 110.0 min, 0.44 s/step
  epoch 1/2 step 15100/26142 loss -1.1124 ce 0.4605 reward 0.215 lr 2.04e-05 110.4 min, 0.44 s/step
  epoch 1/2 step 15150/26142 loss 0.8512 ce 0.5726 reward -0.012 lr 2.04e-05 110.8 min, 0.44 s/step
  epoch 1/2 step 15200/26142 loss 0.4120 ce 0.4658 reward 0.141 lr 2.03e-05 111.1 min, 0.44 s/step
  epoch 1/2 step 15250/26142 loss 0.6633 ce 0.6724 reward -0.143 lr 2.03e-05 111.6 min, 0.44 s/step
  epoch 1/2 step 15300/26142 loss -0.9504 ce 0.4856 reward 0.192 lr 2.03e-05 111.9 min, 0.44 s/step
  epoch 1/2 step 15350/26142 loss -0.4815 ce 0.6379 reward 0.026 lr 2.02e-05 112.3 min, 0.44 s/step
  epoch 1/2 step 15400/26142 loss 0.3155 ce 0.4953 reward 0.075 lr 2.02e-05 112.7 min, 0.44 s/step
  epoch 1/2 step 15450/26142 loss 0.3332 ce 0.6017 reward 0.010 lr 2.02e-05 113.0 min, 0.44 s/step
  epoch 1/2 step 15500/26142 loss 0.0106 ce 0.5164 reward 0.153 lr 2.02e-05 113.4 min, 0.44 s/step
  epoch 1/2 step 15550/26142 loss 0.7727 ce 0.8035 reward -0.217 lr 2.01e-05 113.8 min, 0.44 s/step
  epoch 1/2 step 15600/26142 loss 0.7104 ce 0.7192 reward -0.093 lr 2.01e-05 114.2 min, 0.44 s/step
  epoch 1/2 step 15650/26142 loss 0.0096 ce 0.4227 reward 0.213 lr 2.01e-05 114.5 min, 0.44 s/step
  epoch 1/2 step 15700/26142 loss -0.8148 ce 0.6358 reward 0.025 lr 2.00e-05 114.9 min, 0.44 s/step
  epoch 1/2 step 15750/26142 loss 0.1180 ce 0.4390 reward 0.140 lr 2.00e-05 115.2 min, 0.44 s/step
  epoch 1/2 step 15800/26142 loss 1.3683 ce 0.8183 reward -0.173 lr 2.00e-05 115.6 min, 0.44 s/step
  epoch 1/2 step 15850/26142 loss 0.2022 ce 0.3238 reward 0.353 lr 2.00e-05 116.0 min, 0.44 s/step
  epoch 1/2 step 15900/26142 loss 0.6759 ce 0.7158 reward -0.122 lr 1.99e-05 116.4 min, 0.44 s/step
  epoch 1/2 step 15950/26142 loss 0.4629 ce 0.3285 reward 0.356 lr 1.99e-05 116.7 min, 0.44 s/step
  epoch 1/2 step 16000/26142 loss 0.9904 ce 1.3115 reward -0.782 lr 1.99e-05 117.0 min, 0.44 s/step
  epoch 1/2 step 16050/26142 loss 0.3853 ce 0.4281 reward 0.225 lr 1.98e-05 117.4 min, 0.44 s/step
  epoch 1/2 step 16100/26142 loss 0.1131 ce 0.3065 reward 0.358 lr 1.98e-05 117.8 min, 0.44 s/step
  epoch 1/2 step 16150/26142 loss -0.0103 ce 0.5552 reward 0.088 lr 1.98e-05 118.2 min, 0.44 s/step
  epoch 1/2 step 16200/26142 loss 0.5902 ce 0.7824 reward -0.240 lr 1.97e-05 118.6 min, 0.44 s/step
  epoch 1/2 step 16250/26142 loss 0.0704 ce 0.4228 reward 0.247 lr 1.97e-05 119.0 min, 0.44 s/step
  epoch 1/2 step 16300/26142 loss 0.1086 ce 0.3158 reward 0.341 lr 1.97e-05 119.4 min, 0.44 s/step
  epoch 1/2 step 16350/26142 loss 0.7518 ce 0.6774 reward -0.109 lr 1.97e-05 119.8 min, 0.44 s/step
  epoch 1/2 step 16400/26142 loss -0.5847 ce 0.6356 reward 0.029 lr 1.96e-05 120.3 min, 0.44 s/step
  epoch 1/2 step 16450/26142 loss 0.7980 ce 0.7587 reward -0.225 lr 1.96e-05 120.7 min, 0.44 s/step
  epoch 1/2 step 16500/26142 loss -0.8537 ce 0.6369 reward 0.028 lr 1.96e-05 121.0 min, 0.44 s/step
  epoch 1/2 step 16550/26142 loss 0.1359 ce 0.7522 reward -0.298 lr 1.95e-05 121.4 min, 0.44 s/step
  epoch 1/2 step 16600/26142 loss 0.4616 ce 0.3740 reward 0.281 lr 1.95e-05 121.7 min, 0.44 s/step
  epoch 1/2 step 16650/26142 loss -0.9343 ce 0.6368 reward 0.030 lr 1.95e-05 122.1 min, 0.44 s/step
  epoch 1/2 step 16700/26142 loss 0.4391 ce 0.7113 reward -0.149 lr 1.94e-05 122.4 min, 0.44 s/step
  epoch 1/2 step 16750/26142 loss 0.4405 ce 0.7747 reward -0.288 lr 1.94e-05 122.8 min, 0.44 s/step
  epoch 1/2 step 16800/26142 loss 0.4527 ce 0.6372 reward -0.076 lr 1.94e-05 123.2 min, 0.44 s/step
  epoch 1/2 step 16850/26142 loss 0.7954 ce 0.8631 reward -0.331 lr 1.94e-05 123.5 min, 0.44 s/step
  epoch 1/2 step 16900/26142 loss 0.2205 ce 0.5864 reward -0.070 lr 1.93e-05 123.9 min, 0.44 s/step
  epoch 1/2 step 16950/26142 loss -1.3730 ce 0.6357 reward 0.027 lr 1.93e-05 124.4 min, 0.44 s/step
  epoch 1/2 step 17000/26142 loss 0.6405 ce 0.4559 reward 0.156 lr 1.93e-05 124.7 min, 0.44 s/step
  epoch 1/2 step 17050/26142 loss -0.4494 ce 0.6366 reward 0.030 lr 1.92e-05 125.1 min, 0.44 s/step
  epoch 1/2 step 17100/26142 loss 0.2134 ce 0.3742 reward 0.242 lr 1.92e-05 125.4 min, 0.44 s/step
  epoch 1/2 step 17150/26142 loss 0.1703 ce 0.2817 reward 0.384 lr 1.92e-05 125.8 min, 0.44 s/step
  epoch 1/2 step 17200/26142 loss 0.1815 ce 0.1779 reward 0.547 lr 1.91e-05 126.2 min, 0.44 s/step
  epoch 1/2 step 17250/26142 loss 0.3571 ce 0.7515 reward -0.131 lr 1.91e-05 126.6 min, 0.44 s/step
  epoch 1/2 step 17300/26142 loss -0.7162 ce 0.6361 reward 0.028 lr 1.91e-05 126.9 min, 0.44 s/step
  epoch 1/2 step 17350/26142 loss 0.9918 ce 1.0416 reward -0.493 lr 1.90e-05 127.3 min, 0.44 s/step
  epoch 1/2 step 17400/26142 loss 0.2600 ce 0.7096 reward -0.187 lr 1.90e-05 127.7 min, 0.44 s/step
  epoch 1/2 step 17450/26142 loss 0.2213 ce 0.6375 reward 0.026 lr 1.90e-05 128.0 min, 0.44 s/step
  epoch 1/2 step 17500/26142 loss 0.6090 ce 0.5474 reward 0.075 lr 1.90e-05 128.4 min, 0.44 s/step
  epoch 1/2 step 17550/26142 loss 1.0090 ce 0.8908 reward -0.366 lr 1.89e-05 128.8 min, 0.44 s/step
  epoch 1/2 step 17600/26142 loss -0.9635 ce 0.6356 reward 0.026 lr 1.89e-05 129.2 min, 0.44 s/step
  epoch 1/2 step 17650/26142 loss 0.3721 ce 0.6366 reward 0.027 lr 1.89e-05 129.6 min, 0.44 s/step
  epoch 1/2 step 17700/26142 loss 0.1568 ce 0.3450 reward 0.314 lr 1.88e-05 130.0 min, 0.44 s/step
  epoch 1/2 step 17750/26142 loss 1.2311 ce 1.2691 reward -0.694 lr 1.88e-05 130.4 min, 0.44 s/step
  epoch 1/2 step 17800/26142 loss 0.1197 ce 0.2979 reward 0.357 lr 1.88e-05 130.8 min, 0.44 s/step
  epoch 1/2 step 17850/26142 loss -0.2325 ce 0.5143 reward 0.154 lr 1.87e-05 131.2 min, 0.44 s/step
  epoch 1/2 step 17900/26142 loss 0.3652 ce 0.4586 reward 0.220 lr 1.87e-05 131.6 min, 0.44 s/step
  epoch 1/2 step 17950/26142 loss 1.4788 ce 1.3754 reward -0.800 lr 1.87e-05 132.0 min, 0.44 s/step
  epoch 1/2 step 18000/26142 loss 0.2005 ce 0.4394 reward 0.165 lr 1.86e-05 132.3 min, 0.44 s/step
  epoch 1/2 step 18050/26142 loss 0.1022 ce 0.3436 reward 0.289 lr 1.86e-05 132.7 min, 0.44 s/step
  epoch 1/2 step 18100/26142 loss 0.5529 ce 0.5884 reward -0.074 lr 1.86e-05 133.1 min, 0.44 s/step
  epoch 1/2 step 18150/26142 loss -1.6997 ce 0.6364 reward 0.029 lr 1.85e-05 133.4 min, 0.44 s/step
  epoch 1/2 step 18200/26142 loss 0.2523 ce 0.5143 reward 0.154 lr 1.85e-05 133.8 min, 0.44 s/step
  epoch 1/2 step 18250/26142 loss 1.0239 ce 0.7206 reward -0.188 lr 1.85e-05 134.1 min, 0.44 s/step
  epoch 1/2 step 18300/26142 loss 0.3927 ce 0.4840 reward 0.124 lr 1.84e-05 134.4 min, 0.44 s/step
  epoch 1/2 step 18350/26142 loss 0.2912 ce 0.4751 reward 0.202 lr 1.84e-05 134.8 min, 0.44 s/step
  epoch 1/2 step 18400/26142 loss -0.1199 ce 0.3888 reward 0.244 lr 1.84e-05 135.1 min, 0.44 s/step
  epoch 1/2 step 18450/26142 loss -0.0795 ce 0.4800 reward 0.197 lr 1.84e-05 135.4 min, 0.44 s/step
  epoch 1/2 step 18500/26142 loss 0.6325 ce 0.5926 reward 0.026 lr 1.83e-05 135.8 min, 0.44 s/step
  epoch 1/2 step 18550/26142 loss 0.3947 ce 0.5148 reward 0.054 lr 1.83e-05 136.1 min, 0.44 s/step
  epoch 1/2 step 18600/26142 loss 1.1856 ce 0.6515 reward -0.078 lr 1.83e-05 136.5 min, 0.44 s/step
  epoch 1/2 step 18650/26142 loss 0.5714 ce 0.4646 reward 0.153 lr 1.82e-05 136.9 min, 0.44 s/step
  epoch 1/2 step 18700/26142 loss -0.0936 ce 0.4767 reward 0.139 lr 1.82e-05 137.3 min, 0.44 s/step
  epoch 1/2 step 18750/26142 loss 1.0905 ce 0.6232 reward 0.011 lr 1.82e-05 137.6 min, 0.44 s/step
  epoch 1/2 step 18800/26142 loss 0.0494 ce 0.5143 reward 0.157 lr 1.81e-05 138.0 min, 0.44 s/step
  epoch 1/2 step 18850/26142 loss -0.0937 ce 0.3931 reward 0.214 lr 1.81e-05 138.3 min, 0.44 s/step
  epoch 1/2 step 18900/26142 loss 0.2756 ce 0.3902 reward 0.261 lr 1.81e-05 138.7 min, 0.44 s/step
  epoch 1/2 step 18950/26142 loss 0.3650 ce 0.7946 reward -0.251 lr 1.80e-05 139.1 min, 0.44 s/step
  epoch 1/2 step 19000/26142 loss 0.1725 ce 0.3976 reward 0.243 lr 1.80e-05 139.4 min, 0.44 s/step
  epoch 1/2 step 19050/26142 loss 0.1402 ce 0.4839 reward 0.116 lr 1.80e-05 139.7 min, 0.44 s/step
  epoch 1/2 step 19100/26142 loss -0.4041 ce 0.6370 reward 0.027 lr 1.79e-05 140.1 min, 0.44 s/step
  epoch 1/2 step 19150/26142 loss -0.6090 ce 0.6354 reward 0.030 lr 1.79e-05 140.4 min, 0.44 s/step
  epoch 1/2 step 19200/26142 loss -0.1115 ce 0.7014 reward -0.088 lr 1.79e-05 140.8 min, 0.44 s/step
  epoch 1/2 step 19250/26142 loss -0.1368 ce 0.4215 reward 0.185 lr 1.78e-05 141.1 min, 0.44 s/step
  epoch 1/2 step 19300/26142 loss 0.2022 ce 0.5740 reward -0.006 lr 1.78e-05 141.5 min, 0.44 s/step
  epoch 1/2 step 19350/26142 loss 1.2278 ce 1.0256 reward -0.431 lr 1.78e-05 141.9 min, 0.44 s/step
  epoch 1/2 step 19400/26142 loss 0.3409 ce 0.4718 reward 0.191 lr 1.77e-05 142.2 min, 0.44 s/step
  epoch 1/2 step 19450/26142 loss 0.6672 ce 0.4875 reward 0.092 lr 1.77e-05 142.5 min, 0.44 s/step
  epoch 1/2 step 19500/26142 loss 0.1755 ce 0.4587 reward 0.153 lr 1.77e-05 142.9 min, 0.44 s/step
  epoch 1/2 step 19550/26142 loss 0.2516 ce 0.3893 reward 0.243 lr 1.76e-05 143.2 min, 0.44 s/step
  epoch 1/2 step 19600/26142 loss 0.0294 ce 0.3416 reward 0.305 lr 1.76e-05 143.6 min, 0.44 s/step
  epoch 1/2 step 19650/26142 loss -0.2671 ce 0.5406 reward 0.110 lr 1.76e-05 143.9 min, 0.44 s/step
  epoch 1/2 step 19700/26142 loss 0.0412 ce 0.4410 reward 0.154 lr 1.75e-05 144.3 min, 0.44 s/step
  epoch 1/2 step 19750/26142 loss 0.3277 ce 0.5777 reward -0.006 lr 1.75e-05 144.6 min, 0.44 s/step
  epoch 1/2 step 19800/26142 loss 0.2316 ce 0.4569 reward 0.163 lr 1.75e-05 144.9 min, 0.44 s/step
  epoch 1/2 step 19850/26142 loss 0.1849 ce 0.6368 reward 0.027 lr 1.74e-05 145.3 min, 0.44 s/step
  epoch 1/2 step 19900/26142 loss 0.4745 ce 0.3861 reward 0.262 lr 1.74e-05 145.7 min, 0.44 s/step
  epoch 1/2 step 19950/26142 loss -0.9184 ce 0.6362 reward 0.028 lr 1.74e-05 146.1 min, 0.44 s/step
  epoch 1/2 step 20000/26142 loss 0.3818 ce 0.3315 reward 0.349 lr 1.73e-05 146.5 min, 0.44 s/step
  epoch 1/2 step 20050/26142 loss 0.4452 ce 0.7139 reward -0.174 lr 1.73e-05 146.9 min, 0.44 s/step
  epoch 1/2 step 20100/26142 loss 0.1912 ce 0.4577 reward 0.134 lr 1.73e-05 147.3 min, 0.44 s/step
  epoch 1/2 step 20150/26142 loss 0.0609 ce 0.4261 reward 0.161 lr 1.72e-05 147.6 min, 0.44 s/step
  epoch 1/2 step 20200/26142 loss 0.5940 ce 0.5688 reward 0.099 lr 1.72e-05 148.0 min, 0.44 s/step
  epoch 1/2 step 20250/26142 loss -0.3263 ce 0.6359 reward 0.029 lr 1.72e-05 148.4 min, 0.44 s/step
  epoch 1/2 step 20300/26142 loss -1.7103 ce 0.6355 reward 0.028 lr 1.71e-05 148.8 min, 0.44 s/step
  epoch 1/2 step 20350/26142 loss 0.5751 ce 0.4998 reward 0.101 lr 1.71e-05 149.1 min, 0.44 s/step
  epoch 1/2 step 20400/26142 loss 0.1446 ce 0.3146 reward 0.357 lr 1.71e-05 149.5 min, 0.44 s/step
  epoch 1/2 step 20450/26142 loss -0.0330 ce 0.3516 reward 0.318 lr 1.70e-05 149.9 min, 0.44 s/step
  epoch 1/2 step 20500/26142 loss -0.1590 ce 0.4448 reward 0.149 lr 1.70e-05 150.2 min, 0.44 s/step
  epoch 1/2 step 20550/26142 loss 0.3215 ce 0.6354 reward 0.024 lr 1.70e-05 150.7 min, 0.44 s/step
  epoch 1/2 step 20600/26142 loss 0.9913 ce 0.6502 reward -0.009 lr 1.69e-05 151.1 min, 0.44 s/step
  epoch 1/2 step 20650/26142 loss -0.3617 ce 0.2051 reward 0.485 lr 1.69e-05 151.5 min, 0.44 s/step
  epoch 1/2 step 20700/26142 loss -0.4242 ce 0.4521 reward 0.227 lr 1.69e-05 151.8 min, 0.44 s/step
  epoch 1/2 step 20750/26142 loss -0.0390 ce 0.6357 reward 0.007 lr 1.68e-05 152.2 min, 0.44 s/step
  epoch 1/2 step 20800/26142 loss -0.6483 ce 0.5143 reward 0.154 lr 1.68e-05 152.5 min, 0.44 s/step
  epoch 1/2 step 20850/26142 loss 0.6229 ce 0.5283 reward 0.066 lr 1.68e-05 152.9 min, 0.44 s/step
  epoch 1/2 step 20900/26142 loss 0.2111 ce 0.6992 reward -0.204 lr 1.67e-05 153.3 min, 0.44 s/step
  epoch 1/2 step 20950/26142 loss 0.1943 ce 0.5105 reward 0.047 lr 1.67e-05 153.7 min, 0.44 s/step
  epoch 1/2 step 21000/26142 loss -0.1699 ce 0.0128 reward 0.733 lr 1.66e-05 154.1 min, 0.44 s/step
  epoch 1/2 step 21050/26142 loss 0.6364 ce 0.7609 reward -0.178 lr 1.66e-05 154.5 min, 0.44 s/step
  epoch 1/2 step 21100/26142 loss 0.1460 ce 0.5222 reward 0.123 lr 1.66e-05 154.8 min, 0.44 s/step
  epoch 1/2 step 21150/26142 loss 0.5750 ce 0.8089 reward -0.345 lr 1.65e-05 155.3 min, 0.44 s/step
  epoch 1/2 step 21200/26142 loss 0.8301 ce 0.7495 reward -0.225 lr 1.65e-05 155.7 min, 0.44 s/step
  epoch 1/2 step 21250/26142 loss 0.6271 ce 0.6007 reward -0.063 lr 1.65e-05 156.1 min, 0.44 s/step
  epoch 1/2 step 21300/26142 loss 0.0882 ce 0.3189 reward 0.333 lr 1.64e-05 156.5 min, 0.44 s/step
  epoch 1/2 step 21350/26142 loss 0.6667 ce 0.6997 reward -0.170 lr 1.64e-05 156.9 min, 0.44 s/step
  epoch 1/2 step 21400/26142 loss -1.7347 ce 0.6354 reward 0.027 lr 1.64e-05 157.4 min, 0.44 s/step
  epoch 1/2 step 21450/26142 loss 0.5032 ce 0.8032 reward -0.218 lr 1.63e-05 157.8 min, 0.44 s/step
  epoch 1/2 step 21500/26142 loss 0.6601 ce 0.6164 reward 0.005 lr 1.63e-05 158.2 min, 0.44 s/step
  epoch 1/2 step 21550/26142 loss 0.3483 ce 0.4753 reward 0.091 lr 1.63e-05 158.6 min, 0.44 s/step
  epoch 1/2 step 21600/26142 loss 0.3984 ce 0.5845 reward -0.033 lr 1.62e-05 159.0 min, 0.44 s/step
  epoch 1/2 step 21650/26142 loss -0.8280 ce 0.6352 reward 0.030 lr 1.62e-05 159.3 min, 0.44 s/step
  epoch 1/2 step 21700/26142 loss -0.2844 ce 0.5161 reward 0.155 lr 1.62e-05 159.7 min, 0.44 s/step
  epoch 1/2 step 21750/26142 loss 0.4740 ce 0.4902 reward 0.123 lr 1.61e-05 160.0 min, 0.44 s/step
  epoch 1/2 step 21800/26142 loss 0.2990 ce 0.4324 reward 0.176 lr 1.61e-05 160.3 min, 0.44 s/step
  epoch 1/2 step 21850/26142 loss 0.7664 ce 0.6979 reward -0.085 lr 1.61e-05 160.7 min, 0.44 s/step
  epoch 1/2 step 21900/26142 loss 0.1613 ce 0.4943 reward 0.179 lr 1.60e-05 161.0 min, 0.44 s/step
  epoch 1/2 step 21950/26142 loss 0.7854 ce 0.6355 reward -0.019 lr 1.60e-05 161.4 min, 0.44 s/step
  epoch 1/2 step 22000/26142 loss 0.1267 ce 0.6354 reward 0.027 lr 1.60e-05 161.8 min, 0.44 s/step
  epoch 1/2 step 22050/26142 loss 0.5432 ce 0.4853 reward 0.126 lr 1.59e-05 162.0 min, 0.44 s/step
  epoch 1/2 step 22100/26142 loss 0.0346 ce 0.2545 reward 0.430 lr 1.59e-05 162.3 min, 0.44 s/step
  epoch 1/2 step 22150/26142 loss -0.5813 ce 0.6383 reward 0.029 lr 1.59e-05 162.7 min, 0.44 s/step
  epoch 1/2 step 22200/26142 loss -0.1068 ce 0.6360 reward 0.029 lr 1.58e-05 163.1 min, 0.44 s/step
  epoch 1/2 step 22250/26142 loss 0.5106 ce 0.6359 reward 0.028 lr 1.58e-05 163.4 min, 0.44 s/step
  epoch 1/2 step 22300/26142 loss -0.4478 ce 0.4109 reward 0.275 lr 1.57e-05 163.8 min, 0.44 s/step
  epoch 1/2 step 22350/26142 loss 0.4299 ce 0.5694 reward 0.086 lr 1.57e-05 164.2 min, 0.44 s/step
  epoch 1/2 step 22400/26142 loss 0.8565 ce 0.9623 reward -0.459 lr 1.57e-05 164.5 min, 0.44 s/step
  epoch 1/2 step 22450/26142 loss 0.2853 ce 0.5293 reward 0.110 lr 1.56e-05 164.9 min, 0.44 s/step
  epoch 1/2 step 22500/26142 loss 0.9861 ce 0.7602 reward -0.190 lr 1.56e-05 165.2 min, 0.44 s/step
  epoch 1/2 step 22550/26142 loss -0.5334 ce 0.6356 reward 0.027 lr 1.56e-05 165.6 min, 0.44 s/step
  epoch 1/2 step 22600/26142 loss -0.8984 ce 0.6366 reward 0.029 lr 1.55e-05 165.9 min, 0.44 s/step
  epoch 1/2 step 22650/26142 loss 0.4445 ce 0.6616 reward -0.164 lr 1.55e-05 166.4 min, 0.44 s/step
  epoch 1/2 step 22700/26142 loss -0.4558 ce 0.5390 reward 0.021 lr 1.55e-05 166.7 min, 0.44 s/step
  epoch 1/2 step 22750/26142 loss 0.3623 ce 0.5024 reward 0.112 lr 1.54e-05 167.0 min, 0.44 s/step
  epoch 1/2 step 22800/26142 loss 0.4446 ce 0.3153 reward 0.364 lr 1.54e-05 167.4 min, 0.44 s/step
  epoch 1/2 step 22850/26142 loss 0.1019 ce 0.5199 reward 0.116 lr 1.54e-05 167.8 min, 0.44 s/step
  epoch 1/2 step 22900/26142 loss 0.3298 ce 0.6584 reward -0.116 lr 1.53e-05 168.2 min, 0.44 s/step
  epoch 1/2 step 22950/26142 loss 0.2784 ce 0.5948 reward -0.073 lr 1.53e-05 168.6 min, 0.44 s/step
  epoch 1/2 step 23000/26142 loss -0.1498 ce 0.6792 reward -0.179 lr 1.53e-05 168.9 min, 0.44 s/step
  epoch 1/2 step 23050/26142 loss 0.0778 ce 0.2092 reward 0.497 lr 1.52e-05 169.2 min, 0.44 s/step
  epoch 1/2 step 23100/26142 loss 0.8091 ce 0.5070 reward 0.133 lr 1.52e-05 169.6 min, 0.44 s/step
  epoch 1/2 step 23150/26142 loss -0.6377 ce 0.6358 reward 0.026 lr 1.51e-05 169.9 min, 0.44 s/step
  epoch 1/2 step 23200/26142 loss -0.3596 ce 0.6378 reward 0.029 lr 1.51e-05 170.4 min, 0.44 s/step
  epoch 1/2 step 23250/26142 loss 0.3485 ce 0.3067 reward 0.355 lr 1.51e-05 170.7 min, 0.44 s/step
  epoch 1/2 step 23300/26142 loss 0.2778 ce 0.4402 reward 0.191 lr 1.50e-05 171.2 min, 0.44 s/step
  epoch 1/2 step 23350/26142 loss 0.2481 ce 1.0380 reward -0.487 lr 1.50e-05 171.5 min, 0.44 s/step
  epoch 1/2 step 23400/26142 loss 0.8998 ce 0.8549 reward -0.363 lr 1.50e-05 171.9 min, 0.44 s/step
  epoch 1/2 step 23450/26142 loss 0.4207 ce 0.6938 reward -0.184 lr 1.49e-05 172.2 min, 0.44 s/step
  epoch 1/2 step 23500/26142 loss -0.8630 ce 0.4516 reward 0.227 lr 1.49e-05 172.6 min, 0.44 s/step
  epoch 1/2 step 23550/26142 loss -0.3799 ce 0.6358 reward 0.028 lr 1.49e-05 173.0 min, 0.44 s/step
  epoch 1/2 step 23600/26142 loss 0.4961 ce 0.5694 reward -0.005 lr 1.48e-05 173.3 min, 0.44 s/step
  epoch 1/2 step 23650/26142 loss 0.2613 ce 0.5288 reward 0.054 lr 1.48e-05 173.7 min, 0.44 s/step
  epoch 1/2 step 23700/26142 loss 1.3457 ce 0.5313 reward 0.154 lr 1.48e-05 174.1 min, 0.44 s/step
  epoch 1/2 step 23750/26142 loss 0.5043 ce 0.4898 reward 0.203 lr 1.47e-05 174.5 min, 0.44 s/step
  epoch 1/2 step 23800/26142 loss -0.3964 ce 0.6364 reward 0.028 lr 1.47e-05 174.9 min, 0.44 s/step
  epoch 1/2 step 23850/26142 loss 0.1311 ce 0.4823 reward 0.092 lr 1.46e-05 175.3 min, 0.44 s/step
  epoch 1/2 step 23900/26142 loss 0.7509 ce 0.6155 reward 0.024 lr 1.46e-05 175.6 min, 0.44 s/step
  epoch 1/2 step 23950/26142 loss 0.3719 ce 0.6037 reward 0.055 lr 1.46e-05 176.0 min, 0.44 s/step
  epoch 1/2 step 24000/26142 loss 0.2118 ce 0.5711 reward 0.011 lr 1.45e-05 176.4 min, 0.44 s/step
  epoch 1/2 step 24050/26142 loss 0.1638 ce 0.4562 reward 0.150 lr 1.45e-05 176.8 min, 0.44 s/step
  epoch 1/2 step 24100/26142 loss 0.6161 ce 0.2427 reward 0.482 lr 1.45e-05 177.1 min, 0.44 s/step
  epoch 1/2 step 24150/26142 loss 0.3859 ce 0.5272 reward 0.060 lr 1.44e-05 177.5 min, 0.44 s/step
  epoch 1/2 step 24200/26142 loss 0.6292 ce 0.5997 reward -0.007 lr 1.44e-05 177.9 min, 0.44 s/step
  epoch 1/2 step 24250/26142 loss 0.5055 ce 0.5731 reward 0.077 lr 1.44e-05 178.3 min, 0.44 s/step
  epoch 1/2 step 24300/26142 loss 0.5164 ce 0.6343 reward -0.072 lr 1.43e-05 178.6 min, 0.44 s/step
  epoch 1/2 step 24350/26142 loss 0.5548 ce 0.5622 reward -0.000 lr 1.43e-05 179.0 min, 0.44 s/step
  epoch 1/2 step 24400/26142 loss -0.1771 ce 0.4876 reward 0.093 lr 1.43e-05 179.4 min, 0.44 s/step
  epoch 1/2 step 24450/26142 loss 0.4719 ce 0.4456 reward 0.157 lr 1.42e-05 179.8 min, 0.44 s/step
  epoch 1/2 step 24500/26142 loss -0.3684 ce 0.6362 reward 0.029 lr 1.42e-05 180.1 min, 0.44 s/step
  epoch 1/2 step 24550/26142 loss 0.2957 ce 0.5652 reward 0.019 lr 1.41e-05 180.5 min, 0.44 s/step
  epoch 1/2 step 24600/26142 loss 0.4927 ce 0.4855 reward 0.120 lr 1.41e-05 180.8 min, 0.44 s/step
  epoch 1/2 step 24650/26142 loss -0.5517 ce 0.6356 reward 0.028 lr 1.41e-05 181.2 min, 0.44 s/step
  epoch 1/2 step 24700/26142 loss 0.1623 ce 0.3773 reward 0.269 lr 1.40e-05 181.5 min, 0.44 s/step
  epoch 1/2 step 24750/26142 loss 0.7974 ce 1.1025 reward -0.567 lr 1.40e-05 181.8 min, 0.44 s/step
  epoch 1/2 step 24800/26142 loss 0.7347 ce 0.5494 reward 0.031 lr 1.40e-05 182.3 min, 0.44 s/step
  epoch 1/2 step 24850/26142 loss -0.0957 ce 0.4529 reward 0.224 lr 1.39e-05 182.6 min, 0.44 s/step
  epoch 1/2 step 24900/26142 loss 0.9788 ce 0.8930 reward -0.295 lr 1.39e-05 183.0 min, 0.44 s/step
  epoch 1/2 step 24950/26142 loss -0.7534 ce 0.5159 reward 0.154 lr 1.39e-05 183.4 min, 0.44 s/step
  epoch 1/2 step 25000/26142 loss 0.1117 ce 0.0098 reward 0.740 lr 1.38e-05 183.9 min, 0.44 s/step
  epoch 1/2 step 25050/26142 loss 0.3032 ce 0.2588 reward 0.430 lr 1.38e-05 184.3 min, 0.44 s/step
  epoch 1/2 step 25100/26142 loss 0.4974 ce 0.8006 reward -0.221 lr 1.37e-05 184.7 min, 0.44 s/step
  epoch 1/2 step 25150/26142 loss -0.1126 ce 0.2214 reward 0.463 lr 1.37e-05 185.1 min, 0.44 s/step
  epoch 1/2 step 25200/26142 loss 0.2250 ce 0.4276 reward 0.182 lr 1.37e-05 185.5 min, 0.44 s/step
  epoch 1/2 step 25250/26142 loss 0.5132 ce 0.7156 reward -0.176 lr 1.36e-05 185.8 min, 0.44 s/step
  epoch 1/2 step 25300/26142 loss 0.4989 ce 0.5035 reward 0.120 lr 1.36e-05 186.2 min, 0.44 s/step
  epoch 1/2 step 25350/26142 loss -0.6460 ce 0.5155 reward 0.153 lr 1.36e-05 186.6 min, 0.44 s/step
  epoch 1/2 step 25400/26142 loss -0.4000 ce 0.3424 reward 0.280 lr 1.35e-05 187.0 min, 0.44 s/step
  epoch 1/2 step 25450/26142 loss 0.1840 ce 0.4466 reward 0.159 lr 1.35e-05 187.4 min, 0.44 s/step
  epoch 1/2 step 25500/26142 loss 0.2782 ce 0.4772 reward 0.109 lr 1.35e-05 187.7 min, 0.44 s/step
  epoch 1/2 step 25550/26142 loss 0.0996 ce 0.3569 reward 0.271 lr 1.34e-05 188.1 min, 0.44 s/step
  epoch 1/2 step 25600/26142 loss 0.1798 ce 0.3814 reward 0.239 lr 1.34e-05 188.4 min, 0.44 s/step
  epoch 1/2 step 25650/26142 loss 0.7459 ce 0.8454 reward -0.323 lr 1.34e-05 188.8 min, 0.44 s/step
  epoch 1/2 step 25700/26142 loss -0.2389 ce 0.4374 reward 0.171 lr 1.33e-05 189.1 min, 0.44 s/step
  epoch 1/2 step 25750/26142 loss 0.2533 ce 0.4090 reward 0.211 lr 1.33e-05 189.5 min, 0.44 s/step
  epoch 1/2 step 25800/26142 loss 0.4194 ce 0.3713 reward 0.281 lr 1.32e-05 189.9 min, 0.44 s/step
  epoch 1/2 step 25850/26142 loss 0.5041 ce 0.6192 reward -0.059 lr 1.32e-05 190.2 min, 0.44 s/step
  epoch 1/2 step 25900/26142 loss 0.2467 ce 0.5193 reward 0.080 lr 1.32e-05 190.6 min, 0.44 s/step
  epoch 1/2 step 25950/26142 loss 0.3289 ce 0.5679 reward -0.023 lr 1.31e-05 190.9 min, 0.44 s/step
  epoch 1/2 step 26000/26142 loss 0.8388 ce 0.8188 reward -0.325 lr 1.31e-05 191.4 min, 0.44 s/step
  epoch 1/2 step 26050/26142 loss -1.0889 ce 0.4637 reward 0.213 lr 1.31e-05 191.8 min, 0.44 s/step
  epoch 1/2 step 26100/26142 loss -1.3037 ce 0.6357 reward 0.027 lr 1.30e-05 192.1 min, 0.44 s/step
=== epoch 1 done, avg loss 0.1614, 192.5 min ===
  epoch 2/2 step 50/26142 loss 0.0030 ce 0.4508 reward 0.239 lr 1.30e-05 192.9 min, 0.44 s/step
  epoch 2/2 step 100/26142 loss -0.0708 ce 0.4062 reward 0.274 lr 1.29e-05 193.3 min, 0.44 s/step
  epoch 2/2 step 150/26142 loss 0.5560 ce 0.2531 reward 0.417 lr 1.29e-05 193.6 min, 0.44 s/step
  epoch 2/2 step 200/26142 loss -0.4423 ce 0.5709 reward 0.090 lr 1.29e-05 194.0 min, 0.44 s/step
  epoch 2/2 step 250/26142 loss 0.2773 ce 0.2682 reward 0.422 lr 1.28e-05 194.3 min, 0.44 s/step
  epoch 2/2 step 300/26142 loss 0.6289 ce 0.6348 reward -0.058 lr 1.28e-05 194.7 min, 0.44 s/step
  epoch 2/2 step 350/26142 loss -1.1162 ce 0.4677 reward 0.158 lr 1.27e-05 195.1 min, 0.44 s/step
  epoch 2/2 step 400/26142 loss -0.1754 ce 0.5484 reward 0.122 lr 1.27e-05 195.4 min, 0.44 s/step
  epoch 2/2 step 450/26142 loss -0.8299 ce 0.6352 reward 0.042 lr 1.27e-05 195.7 min, 0.44 s/step
  epoch 2/2 step 500/26142 loss 0.5129 ce 0.4663 reward 0.220 lr 1.26e-05 196.1 min, 0.44 s/step
  epoch 2/2 step 550/26142 loss 0.4448 ce 0.5615 reward 0.097 lr 1.26e-05 196.5 min, 0.44 s/step
  epoch 2/2 step 600/26142 loss 0.4299 ce 0.6715 reward -0.107 lr 1.26e-05 196.9 min, 0.44 s/step
  epoch 2/2 step 650/26142 loss 0.4790 ce 0.3129 reward 0.373 lr 1.25e-05 197.3 min, 0.44 s/step
  epoch 2/2 step 700/26142 loss 0.1074 ce 0.3537 reward 0.312 lr 1.25e-05 197.6 min, 0.44 s/step
  epoch 2/2 step 750/26142 loss 0.6074 ce 0.6982 reward -0.140 lr 1.25e-05 198.0 min, 0.44 s/step
  epoch 2/2 step 800/26142 loss 0.1618 ce 0.2699 reward 0.414 lr 1.24e-05 198.3 min, 0.44 s/step
  epoch 2/2 step 850/26142 loss 0.5175 ce 0.5041 reward 0.114 lr 1.24e-05 198.6 min, 0.44 s/step
  epoch 2/2 step 900/26142 loss -0.3677 ce 0.6354 reward 0.042 lr 1.23e-05 199.0 min, 0.44 s/step
  epoch 2/2 step 950/26142 loss 0.5965 ce 0.5293 reward 0.097 lr 1.23e-05 199.3 min, 0.44 s/step
  epoch 2/2 step 1000/26142 loss 1.2689 ce 1.2501 reward -0.656 lr 1.23e-05 199.7 min, 0.44 s/step
  epoch 2/2 step 1050/26142 loss -0.1765 ce 0.6355 reward 0.041 lr 1.22e-05 200.1 min, 0.44 s/step
  epoch 2/2 step 1100/26142 loss 0.8398 ce 0.7792 reward -0.165 lr 1.22e-05 200.5 min, 0.44 s/step
  epoch 2/2 step 1150/26142 loss -0.5847 ce 0.6352 reward 0.042 lr 1.22e-05 200.8 min, 0.44 s/step
  epoch 2/2 step 1200/26142 loss 0.0943 ce 0.4180 reward 0.246 lr 1.21e-05 201.1 min, 0.44 s/step
  epoch 2/2 step 1250/26142 loss 0.3001 ce 0.3082 reward 0.365 lr 1.21e-05 201.5 min, 0.44 s/step
  epoch 2/2 step 1300/26142 loss 0.4303 ce 0.4420 reward 0.186 lr 1.21e-05 201.9 min, 0.44 s/step
  epoch 2/2 step 1350/26142 loss 0.1784 ce 0.3716 reward 0.288 lr 1.20e-05 202.2 min, 0.44 s/step
  epoch 2/2 step 1400/26142 loss 0.2292 ce 0.4044 reward 0.245 lr 1.20e-05 202.6 min, 0.44 s/step
  epoch 2/2 step 1450/26142 loss 1.1442 ce 0.7138 reward -0.072 lr 1.20e-05 203.0 min, 0.44 s/step
  epoch 2/2 step 1500/26142 loss 0.8037 ce 0.5982 reward 0.087 lr 1.19e-05 203.3 min, 0.44 s/step
  epoch 2/2 step 1550/26142 loss 0.5691 ce 0.4731 reward 0.165 lr 1.19e-05 203.7 min, 0.44 s/step
  epoch 2/2 step 1600/26142 loss 1.1088 ce 0.7991 reward -0.237 lr 1.18e-05 204.0 min, 0.44 s/step
  epoch 2/2 step 1650/26142 loss 0.1233 ce 0.3354 reward 0.333 lr 1.18e-05 204.4 min, 0.44 s/step
  epoch 2/2 step 1700/26142 loss 0.3486 ce 0.6797 reward -0.035 lr 1.18e-05 204.8 min, 0.44 s/step
  epoch 2/2 step 1750/26142 loss 0.4151 ce 0.4178 reward 0.200 lr 1.17e-05 205.1 min, 0.44 s/step
  epoch 2/2 step 1800/26142 loss -0.3689 ce 0.5590 reward 0.127 lr 1.17e-05 205.5 min, 0.44 s/step
  epoch 2/2 step 1850/26142 loss -0.1710 ce 0.0922 reward 0.648 lr 1.17e-05 205.8 min, 0.44 s/step
  epoch 2/2 step 1900/26142 loss 0.5769 ce 0.5180 reward 0.145 lr 1.16e-05 206.1 min, 0.44 s/step
  epoch 2/2 step 1950/26142 loss -0.1486 ce 0.3980 reward 0.298 lr 1.16e-05 206.5 min, 0.44 s/step
  epoch 2/2 step 2000/26142 loss 0.2361 ce 0.6353 reward 0.042 lr 1.16e-05 206.8 min, 0.44 s/step
  epoch 2/2 step 2050/26142 loss 0.2174 ce 0.3349 reward 0.343 lr 1.15e-05 207.2 min, 0.44 s/step
  epoch 2/2 step 2100/26142 loss 0.3235 ce 0.4807 reward 0.146 lr 1.15e-05 207.6 min, 0.44 s/step
  epoch 2/2 step 2150/26142 loss 0.8339 ce 0.6904 reward -0.152 lr 1.15e-05 208.0 min, 0.44 s/step
  epoch 2/2 step 2200/26142 loss 0.6253 ce 0.5113 reward 0.102 lr 1.14e-05 208.4 min, 0.44 s/step
  epoch 2/2 step 2250/26142 loss 0.6185 ce 0.2007 reward 0.505 lr 1.14e-05 208.8 min, 0.44 s/step
  epoch 2/2 step 2300/26142 loss 0.3680 ce 0.5206 reward 0.137 lr 1.13e-05 209.1 min, 0.44 s/step
  epoch 2/2 step 2350/26142 loss 1.2139 ce 0.6355 reward 0.041 lr 1.13e-05 209.4 min, 0.44 s/step
  epoch 2/2 step 2400/26142 loss 0.2147 ce 0.2252 reward 0.477 lr 1.13e-05 209.7 min, 0.44 s/step
  epoch 2/2 step 2450/26142 loss 0.2478 ce 0.6116 reward 0.026 lr 1.12e-05 210.1 min, 0.44 s/step
  epoch 2/2 step 2500/26142 loss 0.5371 ce 0.7382 reward -0.173 lr 1.12e-05 210.4 min, 0.44 s/step
  epoch 2/2 step 2550/26142 loss 0.4576 ce 0.5070 reward 0.121 lr 1.12e-05 210.8 min, 0.44 s/step
  epoch 2/2 step 2600/26142 loss 0.5067 ce 0.2922 reward 0.397 lr 1.11e-05 211.1 min, 0.44 s/step
  epoch 2/2 step 2650/26142 loss 0.2023 ce 0.3246 reward 0.355 lr 1.11e-05 211.5 min, 0.44 s/step
  epoch 2/2 step 2700/26142 loss 0.3335 ce 0.3137 reward 0.354 lr 1.11e-05 211.8 min, 0.44 s/step
  epoch 2/2 step 2750/26142 loss 0.4719 ce 0.3747 reward 0.286 lr 1.10e-05 212.2 min, 0.44 s/step
  epoch 2/2 step 2800/26142 loss 0.4310 ce 0.1797 reward 0.532 lr 1.10e-05 212.6 min, 0.44 s/step
  epoch 2/2 step 2850/26142 loss 0.7362 ce 1.0186 reward -0.475 lr 1.10e-05 213.0 min, 0.44 s/step
  epoch 2/2 step 2900/26142 loss 1.0528 ce 0.8964 reward -0.338 lr 1.09e-05 213.3 min, 0.44 s/step
  epoch 2/2 step 2950/26142 loss 0.2943 ce 0.3655 reward 0.300 lr 1.09e-05 213.7 min, 0.44 s/step
  epoch 2/2 step 3000/26142 loss 0.8878 ce 0.4932 reward 0.125 lr 1.08e-05 214.1 min, 0.44 s/step
  epoch 2/2 step 3050/26142 loss -1.0055 ce 0.6353 reward 0.042 lr 1.08e-05 214.4 min, 0.44 s/step
  epoch 2/2 step 3100/26142 loss 0.7604 ce 0.7065 reward -0.132 lr 1.08e-05 214.8 min, 0.44 s/step
  epoch 2/2 step 3150/26142 loss 0.7478 ce 0.5754 reward 0.060 lr 1.07e-05 215.1 min, 0.44 s/step
  epoch 2/2 step 3200/26142 loss -0.3888 ce 0.3857 reward 0.313 lr 1.07e-05 215.5 min, 0.44 s/step
  epoch 2/2 step 3250/26142 loss 0.4464 ce 0.4339 reward 0.202 lr 1.07e-05 215.8 min, 0.44 s/step
  epoch 2/2 step 3300/26142 loss 0.4648 ce 0.4239 reward 0.220 lr 1.06e-05 216.1 min, 0.44 s/step
  epoch 2/2 step 3350/26142 loss -1.3660 ce 0.6351 reward 0.042 lr 1.06e-05 216.5 min, 0.44 s/step
  epoch 2/2 step 3400/26142 loss 0.8339 ce 0.9681 reward -0.468 lr 1.06e-05 216.8 min, 0.44 s/step
  epoch 2/2 step 3450/26142 loss 0.4951 ce 0.2659 reward 0.422 lr 1.05e-05 217.1 min, 0.44 s/step
  epoch 2/2 step 3500/26142 loss 0.5769 ce 0.5376 reward 0.072 lr 1.05e-05 217.4 min, 0.44 s/step
  epoch 2/2 step 3550/26142 loss -0.5736 ce 0.6353 reward 0.042 lr 1.05e-05 217.7 min, 0.44 s/step
  epoch 2/2 step 3600/26142 loss -0.2503 ce 0.6352 reward 0.042 lr 1.04e-05 218.1 min, 0.44 s/step
  epoch 2/2 step 3650/26142 loss -0.1785 ce 0.2699 reward 0.418 lr 1.04e-05 218.4 min, 0.44 s/step
  epoch 2/2 step 3700/26142 loss 0.6092 ce 0.6446 reward -0.073 lr 1.04e-05 218.8 min, 0.44 s/step
  epoch 2/2 step 3750/26142 loss 0.0779 ce 0.3792 reward 0.280 lr 1.03e-05 219.3 min, 0.44 s/step
  epoch 2/2 step 3800/26142 loss 0.3529 ce 0.8540 reward -0.274 lr 1.03e-05 219.6 min, 0.44 s/step
  epoch 2/2 step 3850/26142 loss 2.2993 ce 2.0905 reward -1.283 lr 1.02e-05 220.0 min, 0.44 s/step
  epoch 2/2 step 3900/26142 loss 0.1068 ce 0.3557 reward 0.313 lr 1.02e-05 220.4 min, 0.44 s/step
  epoch 2/2 step 3950/26142 loss 0.6933 ce 0.4562 reward 0.229 lr 1.02e-05 220.7 min, 0.44 s/step
  epoch 2/2 step 4000/26142 loss 0.9192 ce 0.4469 reward 0.192 lr 1.01e-05 221.1 min, 0.44 s/step
  epoch 2/2 step 4050/26142 loss 0.5691 ce 0.4938 reward 0.189 lr 1.01e-05 221.5 min, 0.44 s/step
  epoch 2/2 step 4100/26142 loss 0.8700 ce 0.6902 reward -0.107 lr 1.01e-05 221.8 min, 0.44 s/step
  epoch 2/2 step 4150/26142 loss 0.8289 ce 0.6352 reward 0.042 lr 1.00e-05 222.2 min, 0.44 s/step
  epoch 2/2 step 4200/26142 loss 0.2564 ce 0.3086 reward 0.373 lr 1.00e-05 222.5 min, 0.44 s/step
  epoch 2/2 step 4250/26142 loss 0.3917 ce 0.2598 reward 0.443 lr 9.97e-06 222.9 min, 0.44 s/step
  epoch 2/2 step 4300/26142 loss -1.0783 ce 0.6352 reward 0.042 lr 9.93e-06 223.2 min, 0.44 s/step
  epoch 2/2 step 4350/26142 loss 0.6243 ce 0.6353 reward 0.042 lr 9.90e-06 223.6 min, 0.44 s/step
  epoch 2/2 step 4400/26142 loss 0.1792 ce 0.5140 reward 0.143 lr 9.86e-06 223.9 min, 0.44 s/step
  epoch 2/2 step 4450/26142 loss 1.0467 ce 1.0489 reward -0.405 lr 9.83e-06 224.3 min, 0.44 s/step
  epoch 2/2 step 4500/26142 loss 0.9028 ce 0.5145 reward 0.134 lr 9.79e-06 224.6 min, 0.44 s/step
  epoch 2/2 step 4550/26142 loss -0.1067 ce 0.6353 reward 0.042 lr 9.76e-06 225.0 min, 0.44 s/step
  epoch 2/2 step 4600/26142 loss 0.5339 ce 0.5333 reward 0.082 lr 9.72e-06 225.4 min, 0.44 s/step
  epoch 2/2 step 4650/26142 loss -1.0296 ce 0.6353 reward 0.041 lr 9.69e-06 225.9 min, 0.44 s/step
  epoch 2/2 step 4700/26142 loss 0.3407 ce 0.5785 reward 0.087 lr 9.65e-06 226.2 min, 0.44 s/step
  epoch 2/2 step 4750/26142 loss 0.5654 ce 0.5903 reward 0.013 lr 9.62e-06 226.6 min, 0.44 s/step
  epoch 2/2 step 4800/26142 loss 0.2922 ce 0.3304 reward 0.376 lr 9.58e-06 227.0 min, 0.44 s/step
  epoch 2/2 step 4850/26142 loss 0.2203 ce 0.6353 reward 0.042 lr 9.55e-06 227.4 min, 0.44 s/step
  epoch 2/2 step 4900/26142 loss 0.1595 ce 0.5274 reward 0.086 lr 9.51e-06 227.7 min, 0.44 s/step
  epoch 2/2 step 4950/26142 loss 0.3203 ce 0.4158 reward 0.232 lr 9.48e-06 228.1 min, 0.44 s/step
  epoch 2/2 step 5000/26142 loss -0.3669 ce 0.5143 reward 0.167 lr 9.45e-06 228.5 min, 0.44 s/step
  epoch 2/2 step 5050/26142 loss -0.0885 ce 0.3949 reward 0.260 lr 9.41e-06 228.8 min, 0.44 s/step
  epoch 2/2 step 5100/26142 loss 0.1647 ce 0.3232 reward 0.342 lr 9.38e-06 229.2 min, 0.44 s/step
  epoch 2/2 step 5150/26142 loss -1.0007 ce 0.6351 reward 0.042 lr 9.34e-06 229.5 min, 0.44 s/step
  epoch 2/2 step 5200/26142 loss -0.6879 ce 0.6351 reward 0.042 lr 9.31e-06 229.9 min, 0.44 s/step
  epoch 2/2 step 5250/26142 loss -0.0652 ce 0.3201 reward 0.354 lr 9.28e-06 230.2 min, 0.44 s/step
  epoch 2/2 step 5300/26142 loss -0.2825 ce 0.5143 reward 0.167 lr 9.24e-06 230.6 min, 0.44 s/step
  epoch 2/2 step 5350/26142 loss 0.3161 ce 0.5086 reward 0.115 lr 9.21e-06 230.9 min, 0.44 s/step
  epoch 2/2 step 5400/26142 loss 0.5857 ce 0.5020 reward 0.111 lr 9.17e-06 231.2 min, 0.44 s/step
  epoch 2/2 step 5450/26142 loss 0.1965 ce 0.4410 reward 0.201 lr 9.14e-06 231.6 min, 0.44 s/step
  epoch 2/2 step 5500/26142 loss 0.3811 ce 0.4016 reward 0.244 lr 9.10e-06 232.0 min, 0.44 s/step
  epoch 2/2 step 5550/26142 loss 0.4704 ce 0.6472 reward 0.027 lr 9.07e-06 232.4 min, 0.44 s/step
  epoch 2/2 step 5600/26142 loss 0.2249 ce 0.3045 reward 0.365 lr 9.03e-06 232.7 min, 0.44 s/step
  epoch 2/2 step 5650/26142 loss 0.2709 ce 0.2750 reward 0.405 lr 9.00e-06 233.1 min, 0.44 s/step
  epoch 2/2 step 5700/26142 loss 0.2222 ce 0.2701 reward 0.410 lr 8.97e-06 233.5 min, 0.44 s/step
  epoch 2/2 step 5750/26142 loss 0.6511 ce 0.5197 reward 0.094 lr 8.93e-06 233.9 min, 0.44 s/step
  epoch 2/2 step 5800/26142 loss -0.2002 ce 0.3976 reward 0.300 lr 8.90e-06 234.3 min, 0.44 s/step
  epoch 2/2 step 5850/26142 loss 1.7033 ce 0.6246 reward 0.021 lr 8.87e-06 234.6 min, 0.44 s/step
  epoch 2/2 step 5900/26142 loss 0.3203 ce 0.3909 reward 0.258 lr 8.83e-06 235.0 min, 0.44 s/step
  epoch 2/2 step 5950/26142 loss -0.8416 ce 0.5143 reward 0.167 lr 8.80e-06 235.4 min, 0.44 s/step
  epoch 2/2 step 6000/26142 loss -0.4778 ce 0.6354 reward 0.042 lr 8.76e-06 235.8 min, 0.44 s/step
  epoch 2/2 step 6050/26142 loss 0.4549 ce 0.5384 reward 0.076 lr 8.73e-06 236.2 min, 0.44 s/step
  epoch 2/2 step 6100/26142 loss 0.2571 ce 0.4165 reward 0.221 lr 8.70e-06 236.6 min, 0.44 s/step
  epoch 2/2 step 6150/26142 loss 0.2759 ce 0.5224 reward 0.110 lr 8.66e-06 237.0 min, 0.44 s/step
  epoch 2/2 step 6200/26142 loss 0.5773 ce 0.5208 reward 0.087 lr 8.63e-06 237.3 min, 0.44 s/step
  epoch 2/2 step 6250/26142 loss 0.1739 ce 0.6379 reward -0.052 lr 8.60e-06 237.7 min, 0.44 s/step
  epoch 2/2 step 6300/26142 loss 0.8010 ce 0.5189 reward 0.123 lr 8.56e-06 238.1 min, 0.44 s/step
  epoch 2/2 step 6350/26142 loss 0.8590 ce 0.7048 reward -0.070 lr 8.53e-06 238.4 min, 0.44 s/step
  epoch 2/2 step 6400/26142 loss -0.2132 ce 0.5135 reward 0.163 lr 8.50e-06 238.8 min, 0.44 s/step
  epoch 2/2 step 6450/26142 loss -0.3742 ce 0.4360 reward 0.254 lr 8.46e-06 239.2 min, 0.44 s/step
  epoch 2/2 step 6500/26142 loss 0.4697 ce 0.3230 reward 0.356 lr 8.43e-06 239.6 min, 0.44 s/step
  epoch 2/2 step 6550/26142 loss -0.1014 ce 0.4255 reward 0.214 lr 8.40e-06 239.9 min, 0.44 s/step
  epoch 2/2 step 6600/26142 loss 0.3413 ce 0.1366 reward 0.590 lr 8.36e-06 240.3 min, 0.44 s/step
  epoch 2/2 step 6650/26142 loss 0.7085 ce 0.6005 reward -0.014 lr 8.33e-06 240.7 min, 0.44 s/step
  epoch 2/2 step 6700/26142 loss 0.6346 ce 0.6352 reward 0.041 lr 8.30e-06 241.0 min, 0.44 s/step
  epoch 2/2 step 6750/26142 loss 0.1884 ce 0.5599 reward 0.105 lr 8.26e-06 241.3 min, 0.44 s/step
  epoch 2/2 step 6800/26142 loss 0.3719 ce 0.3299 reward 0.336 lr 8.23e-06 241.6 min, 0.44 s/step
  epoch 2/2 step 6850/26142 loss -0.1452 ce 0.6353 reward 0.042 lr 8.20e-06 242.1 min, 0.44 s/step
  epoch 2/2 step 6900/26142 loss 0.2100 ce 0.3692 reward 0.279 lr 8.16e-06 242.4 min, 0.44 s/step
  epoch 2/2 step 6950/26142 loss 0.7493 ce 0.7258 reward -0.134 lr 8.13e-06 242.8 min, 0.44 s/step
  epoch 2/2 step 7000/26142 loss -0.1794 ce 0.6353 reward 0.042 lr 8.10e-06 243.2 min, 0.44 s/step
  epoch 2/2 step 7050/26142 loss 0.5548 ce 0.7826 reward -0.250 lr 8.07e-06 243.5 min, 0.44 s/step
  epoch 2/2 step 7100/26142 loss 0.4199 ce 0.5014 reward 0.118 lr 8.03e-06 243.9 min, 0.44 s/step
  epoch 2/2 step 7150/26142 loss -0.2157 ce 0.5142 reward 0.167 lr 8.00e-06 244.2 min, 0.44 s/step
  epoch 2/2 step 7200/26142 loss 0.6257 ce 0.7875 reward -0.259 lr 7.97e-06 244.6 min, 0.44 s/step
  epoch 2/2 step 7250/26142 loss -0.0798 ce 0.5142 reward 0.167 lr 7.93e-06 244.9 min, 0.44 s/step
  epoch 2/2 step 7300/26142 loss 0.5187 ce 0.5477 reward 0.062 lr 7.90e-06 245.2 min, 0.44 s/step
  epoch 2/2 step 7350/26142 loss 0.2897 ce 0.7229 reward -0.120 lr 7.87e-06 245.6 min, 0.44 s/step
  epoch 2/2 step 7400/26142 loss -0.0348 ce 0.0000 reward 0.750 lr 7.84e-06 246.0 min, 0.44 s/step
  epoch 2/2 step 7450/26142 loss -0.0792 ce 0.3627 reward 0.298 lr 7.80e-06 246.3 min, 0.44 s/step
  epoch 2/2 step 7500/26142 loss -0.3752 ce 0.6351 reward 0.042 lr 7.77e-06 246.7 min, 0.44 s/step
  epoch 2/2 step 7550/26142 loss -0.4010 ce 0.5141 reward 0.167 lr 7.74e-06 247.0 min, 0.44 s/step
  epoch 2/2 step 7600/26142 loss 0.2031 ce 0.3534 reward 0.294 lr 7.71e-06 247.4 min, 0.44 s/step
  epoch 2/2 step 7650/26142 loss 0.0783 ce 0.6352 reward 0.042 lr 7.67e-06 247.7 min, 0.44 s/step
  epoch 2/2 step 7700/26142 loss 0.0453 ce 0.4242 reward 0.209 lr 7.64e-06 248.1 min, 0.44 s/step
  epoch 2/2 step 7750/26142 loss 0.0468 ce 0.3206 reward 0.374 lr 7.61e-06 248.5 min, 0.44 s/step
  epoch 2/2 step 7800/26142 loss 0.8105 ce 0.7538 reward -0.176 lr 7.58e-06 248.9 min, 0.44 s/step
  epoch 2/2 step 7850/26142 loss 0.2142 ce 0.4361 reward 0.206 lr 7.55e-06 249.3 min, 0.44 s/step
  epoch 2/2 step 7900/26142 loss 0.4544 ce 0.4224 reward 0.226 lr 7.51e-06 249.6 min, 0.44 s/step
  epoch 2/2 step 7950/26142 loss 0.9431 ce 0.6472 reward -0.024 lr 7.48e-06 249.9 min, 0.44 s/step
  epoch 2/2 step 8000/26142 loss 0.4141 ce 0.8140 reward -0.291 lr 7.45e-06 250.3 min, 0.44 s/step
  epoch 2/2 step 8050/26142 loss 0.3252 ce 0.6352 reward 0.042 lr 7.42e-06 250.7 min, 0.44 s/step
  epoch 2/2 step 8100/26142 loss 0.5126 ce 0.4798 reward 0.146 lr 7.38e-06 251.0 min, 0.44 s/step
  epoch 2/2 step 8150/26142 loss 0.5231 ce 0.2921 reward 0.375 lr 7.35e-06 251.4 min, 0.44 s/step
  epoch 2/2 step 8200/26142 loss 0.8619 ce 1.1932 reward -0.689 lr 7.32e-06 251.8 min, 0.44 s/step
  epoch 2/2 step 8250/26142 loss 0.0299 ce 0.4940 reward 0.189 lr 7.29e-06 252.3 min, 0.44 s/step
  epoch 2/2 step 8300/26142 loss 0.5913 ce 0.4902 reward 0.146 lr 7.26e-06 252.6 min, 0.44 s/step
  epoch 2/2 step 8350/26142 loss -1.2743 ce 0.6352 reward 0.042 lr 7.23e-06 252.9 min, 0.44 s/step
  epoch 2/2 step 8400/26142 loss -1.2718 ce 0.4499 reward 0.240 lr 7.19e-06 253.3 min, 0.44 s/step
  epoch 2/2 step 8450/26142 loss -0.0865 ce 0.4533 reward 0.226 lr 7.16e-06 253.6 min, 0.44 s/step
  epoch 2/2 step 8500/26142 loss -0.0761 ce 0.1588 reward 0.573 lr 7.13e-06 254.0 min, 0.44 s/step
  epoch 2/2 step 8550/26142 loss -0.9591 ce 0.5141 reward 0.167 lr 7.10e-06 254.4 min, 0.44 s/step
  epoch 2/2 step 8600/26142 loss 0.7181 ce 0.5623 reward 0.110 lr 7.07e-06 254.8 min, 0.44 s/step
  epoch 2/2 step 8650/26142 loss 0.8321 ce 0.8232 reward -0.207 lr 7.04e-06 255.1 min, 0.44 s/step
  epoch 2/2 step 8700/26142 loss -0.1264 ce 0.6351 reward 0.042 lr 7.01e-06 255.4 min, 0.44 s/step
  epoch 2/2 step 8750/26142 loss -0.3169 ce 0.3506 reward 0.353 lr 6.98e-06 255.8 min, 0.44 s/step
  epoch 2/2 step 8800/26142 loss -1.0991 ce 0.5558 reward 0.130 lr 6.94e-06 256.1 min, 0.44 s/step
  epoch 2/2 step 8850/26142 loss 0.2881 ce 0.5130 reward 0.166 lr 6.91e-06 256.5 min, 0.44 s/step
  epoch 2/2 step 8900/26142 loss -0.0861 ce 0.6352 reward 0.042 lr 6.88e-06 256.8 min, 0.44 s/step
  epoch 2/2 step 8950/26142 loss -0.0337 ce 0.5141 reward 0.167 lr 6.85e-06 257.2 min, 0.44 s/step
  epoch 2/2 step 9000/26142 loss 0.0753 ce 0.6351 reward 0.042 lr 6.82e-06 257.6 min, 0.44 s/step
  epoch 2/2 step 9050/26142 loss -0.6834 ce 0.6351 reward 0.042 lr 6.79e-06 258.0 min, 0.44 s/step
  epoch 2/2 step 9100/26142 loss 0.7306 ce 0.7522 reward -0.178 lr 6.76e-06 258.4 min, 0.44 s/step
  epoch 2/2 step 9150/26142 loss 0.6465 ce 0.5313 reward 0.144 lr 6.73e-06 258.7 min, 0.44 s/step
  epoch 2/2 step 9200/26142 loss -0.3009 ce 0.4575 reward 0.232 lr 6.70e-06 259.1 min, 0.44 s/step
  epoch 2/2 step 9250/26142 loss 0.4488 ce 0.4582 reward 0.170 lr 6.67e-06 259.3 min, 0.44 s/step
  epoch 2/2 step 9300/26142 loss 1.3514 ce 1.1434 reward -0.689 lr 6.63e-06 259.7 min, 0.44 s/step
  epoch 2/2 step 9350/26142 loss -0.1041 ce 0.6352 reward 0.042 lr 6.61e-06 260.1 min, 0.44 s/step
  epoch 2/2 step 9400/26142 loss 0.0459 ce 0.0000 reward 0.750 lr 6.57e-06 260.5 min, 0.44 s/step
  epoch 2/2 step 9450/26142 loss 0.1038 ce 0.5200 reward 0.159 lr 6.54e-06 260.9 min, 0.44 s/step
  epoch 2/2 step 9500/26142 loss 0.7298 ce 0.3510 reward 0.356 lr 6.51e-06 261.3 min, 0.44 s/step
  epoch 2/2 step 9550/26142 loss 0.4008 ce 0.6298 reward -0.063 lr 6.48e-06 261.6 min, 0.44 s/step
  epoch 2/2 step 9600/26142 loss 0.7992 ce 0.5974 reward -0.012 lr 6.45e-06 262.0 min, 0.44 s/step
  epoch 2/2 step 9650/26142 loss 0.9017 ce 0.5593 reward 0.098 lr 6.42e-06 262.5 min, 0.44 s/step
  epoch 2/2 step 9700/26142 loss 0.3839 ce 0.5164 reward 0.088 lr 6.39e-06 262.9 min, 0.44 s/step
  epoch 2/2 step 9750/26142 loss 0.8222 ce 0.7137 reward -0.133 lr 6.36e-06 263.2 min, 0.44 s/step
  epoch 2/2 step 9800/26142 loss 0.0318 ce 0.4573 reward 0.175 lr 6.33e-06 263.6 min, 0.44 s/step
  epoch 2/2 step 9850/26142 loss 0.5642 ce 0.6665 reward -0.119 lr 6.30e-06 264.0 min, 0.44 s/step
  epoch 2/2 step 9900/26142 loss 0.5558 ce 0.6821 reward -0.125 lr 6.27e-06 264.4 min, 0.44 s/step
  epoch 2/2 step 9950/26142 loss -0.0072 ce 0.4010 reward 0.245 lr 6.24e-06 264.7 min, 0.44 s/step
  epoch 2/2 step 10000/26142 loss 0.2142 ce 0.6098 reward -0.026 lr 6.21e-06 265.1 min, 0.44 s/step
  epoch 2/2 step 10050/26142 loss 0.3451 ce 0.6351 reward 0.042 lr 6.18e-06 265.5 min, 0.44 s/step
  epoch 2/2 step 10100/26142 loss 0.4313 ce 0.1617 reward 0.570 lr 6.15e-06 265.9 min, 0.44 s/step
  epoch 2/2 step 10150/26142 loss 1.1138 ce 0.8472 reward -0.285 lr 6.13e-06 266.2 min, 0.44 s/step
  epoch 2/2 step 10200/26142 loss 0.3724 ce 0.4788 reward 0.168 lr 6.09e-06 266.6 min, 0.44 s/step
  epoch 2/2 step 10250/26142 loss -0.2661 ce 0.4261 reward 0.258 lr 6.07e-06 266.9 min, 0.44 s/step
  epoch 2/2 step 10300/26142 loss 0.4453 ce 0.5769 reward 0.019 lr 6.04e-06 267.3 min, 0.44 s/step
  epoch 2/2 step 10350/26142 loss 0.8060 ce 0.2486 reward 0.451 lr 6.01e-06 267.6 min, 0.44 s/step
  epoch 2/2 step 10400/26142 loss -0.0491 ce 0.2838 reward 0.401 lr 5.98e-06 268.0 min, 0.44 s/step
  epoch 2/2 step 10450/26142 loss 0.5712 ce 0.4040 reward 0.272 lr 5.95e-06 268.3 min, 0.44 s/step
  epoch 2/2 step 10500/26142 loss 0.3450 ce 0.5153 reward 0.124 lr 5.92e-06 268.7 min, 0.44 s/step
  epoch 2/2 step 10550/26142 loss -0.5734 ce 0.6351 reward 0.042 lr 5.89e-06 269.1 min, 0.44 s/step
  epoch 2/2 step 10600/26142 loss 0.2866 ce 0.4533 reward 0.180 lr 5.86e-06 269.5 min, 0.44 s/step
  epoch 2/2 step 10650/26142 loss 0.0938 ce 0.6351 reward 0.042 lr 5.83e-06 269.9 min, 0.44 s/step
  epoch 2/2 step 10700/26142 loss 0.0995 ce 0.2998 reward 0.385 lr 5.80e-06 270.3 min, 0.44 s/step
  epoch 2/2 step 10750/26142 loss 0.5341 ce 0.5200 reward 0.147 lr 5.78e-06 270.7 min, 0.44 s/step
  epoch 2/2 step 10800/26142 loss 0.1900 ce 0.5219 reward 0.155 lr 5.75e-06 271.1 min, 0.44 s/step
  epoch 2/2 step 10850/26142 loss 0.3417 ce 0.3714 reward 0.278 lr 5.72e-06 271.4 min, 0.44 s/step
  epoch 2/2 step 10900/26142 loss 0.6362 ce 0.6480 reward -0.011 lr 5.69e-06 271.9 min, 0.44 s/step
  epoch 2/2 step 10950/26142 loss 0.5016 ce 0.6352 reward 0.042 lr 5.66e-06 272.3 min, 0.44 s/step
  epoch 2/2 step 11000/26142 loss 0.2293 ce 0.5374 reward 0.141 lr 5.63e-06 272.7 min, 0.44 s/step
  epoch 2/2 step 11050/26142 loss 0.4821 ce 0.4518 reward 0.165 lr 5.60e-06 273.0 min, 0.44 s/step
  epoch 2/2 step 11100/26142 loss 0.4782 ce 0.3482 reward 0.310 lr 5.57e-06 273.4 min, 0.44 s/step
  epoch 2/2 step 11150/26142 loss 0.1414 ce 0.3260 reward 0.347 lr 5.55e-06 273.8 min, 0.44 s/step
  epoch 2/2 step 11200/26142 loss 0.2205 ce 0.5751 reward 0.013 lr 5.52e-06 274.1 min, 0.44 s/step
  epoch 2/2 step 11250/26142 loss 0.8199 ce 0.6351 reward 0.042 lr 5.49e-06 274.5 min, 0.44 s/step
  epoch 2/2 step 11300/26142 loss 0.5355 ce 0.6351 reward 0.042 lr 5.46e-06 274.9 min, 0.44 s/step
  epoch 2/2 step 11350/26142 loss 0.5628 ce 0.5132 reward 0.166 lr 5.43e-06 275.2 min, 0.44 s/step
  epoch 2/2 step 11400/26142 loss 0.5928 ce 0.6196 reward -0.027 lr 5.41e-06 275.6 min, 0.44 s/step
  epoch 2/2 step 11450/26142 loss 0.7076 ce 0.4097 reward 0.239 lr 5.38e-06 275.9 min, 0.44 s/step
  epoch 2/2 step 11500/26142 loss -1.1775 ce 0.6351 reward 0.042 lr 5.35e-06 276.3 min, 0.44 s/step
  epoch 2/2 step 11550/26142 loss -0.6637 ce 0.6351 reward 0.042 lr 5.32e-06 276.7 min, 0.44 s/step
  epoch 2/2 step 11600/26142 loss -0.2505 ce 0.0912 reward 0.650 lr 5.29e-06 277.1 min, 0.44 s/step
  epoch 2/2 step 11650/26142 loss -0.0383 ce 0.5251 reward 0.082 lr 5.27e-06 277.5 min, 0.44 s/step
  epoch 2/2 step 11700/26142 loss 0.7878 ce 0.4451 reward 0.200 lr 5.24e-06 277.9 min, 0.44 s/step
  epoch 2/2 step 11750/26142 loss 0.4119 ce 0.4684 reward 0.163 lr 5.21e-06 278.4 min, 0.44 s/step
  epoch 2/2 step 11800/26142 loss 0.7086 ce 0.5526 reward 0.121 lr 5.18e-06 278.8 min, 0.44 s/step
  epoch 2/2 step 11850/26142 loss 0.5966 ce 0.3979 reward 0.268 lr 5.16e-06 279.1 min, 0.44 s/step
  epoch 2/2 step 11900/26142 loss 0.2938 ce 0.4696 reward 0.158 lr 5.13e-06 279.5 min, 0.44 s/step
  epoch 2/2 step 11950/26142 loss 0.6851 ce 0.4406 reward 0.195 lr 5.10e-06 279.8 min, 0.44 s/step
  epoch 2/2 step 12000/26142 loss 0.2230 ce 0.3800 reward 0.271 lr 5.08e-06 280.2 min, 0.44 s/step
  epoch 2/2 step 12050/26142 loss 0.5283 ce 0.4654 reward 0.174 lr 5.05e-06 280.6 min, 0.44 s/step
  epoch 2/2 step 12100/26142 loss -0.2383 ce 0.6352 reward 0.042 lr 5.02e-06 281.0 min, 0.44 s/step
  epoch 2/2 step 12150/26142 loss 0.0948 ce 0.2962 reward 0.387 lr 5.00e-06 281.3 min, 0.44 s/step
  epoch 2/2 step 12200/26142 loss -0.3536 ce 0.6351 reward 0.042 lr 4.97e-06 281.7 min, 0.44 s/step
  epoch 2/2 step 12250/26142 loss 0.3895 ce 0.4973 reward 0.124 lr 4.94e-06 282.1 min, 0.44 s/step
  epoch 2/2 step 12300/26142 loss 0.4112 ce 0.4059 reward 0.244 lr 4.91e-06 282.5 min, 0.44 s/step
  epoch 2/2 step 12350/26142 loss 0.6017 ce 0.6193 reward -0.022 lr 4.89e-06 282.8 min, 0.44 s/step
  epoch 2/2 step 12400/26142 loss 0.5634 ce 0.4117 reward 0.242 lr 4.86e-06 283.2 min, 0.44 s/step
  epoch 2/2 step 12450/26142 loss -0.1735 ce 0.5597 reward 0.023 lr 4.84e-06 283.5 min, 0.44 s/step
  epoch 2/2 step 12500/26142 loss -0.6008 ce 0.6351 reward 0.042 lr 4.81e-06 284.0 min, 0.44 s/step
  epoch 2/2 step 12550/26142 loss 0.2895 ce 0.5486 reward 0.056 lr 4.78e-06 284.3 min, 0.44 s/step
  epoch 2/2 step 12600/26142 loss -0.3509 ce 0.4454 reward 0.200 lr 4.76e-06 284.7 min, 0.44 s/step
  epoch 2/2 step 12650/26142 loss -0.0622 ce 0.6351 reward 0.042 lr 4.73e-06 285.1 min, 0.44 s/step
  epoch 2/2 step 12700/26142 loss 1.0173 ce 0.5041 reward 0.169 lr 4.70e-06 285.4 min, 0.44 s/step
  epoch 2/2 step 12750/26142 loss -0.9087 ce 0.6351 reward 0.042 lr 4.68e-06 285.8 min, 0.44 s/step
  epoch 2/2 step 12800/26142 loss -0.4014 ce 0.6352 reward 0.042 lr 4.65e-06 286.2 min, 0.44 s/step
  epoch 2/2 step 12850/26142 loss 0.6846 ce 0.6351 reward 0.042 lr 4.63e-06 286.6 min, 0.44 s/step
  epoch 2/2 step 12900/26142 loss 0.0979 ce 0.4192 reward 0.223 lr 4.60e-06 287.0 min, 0.44 s/step
  epoch 2/2 step 12950/26142 loss 0.6112 ce 0.5939 reward -0.034 lr 4.58e-06 287.5 min, 0.44 s/step
  epoch 2/2 step 13000/26142 loss 0.5063 ce 0.5039 reward 0.112 lr 4.55e-06 287.8 min, 0.44 s/step
  epoch 2/2 step 13050/26142 loss -0.5739 ce 0.6352 reward 0.042 lr 4.52e-06 288.2 min, 0.44 s/step
  epoch 2/2 step 13100/26142 loss 0.3458 ce 0.4747 reward 0.212 lr 4.50e-06 288.6 min, 0.44 s/step
  epoch 2/2 step 13150/26142 loss 0.2674 ce 0.4319 reward 0.191 lr 4.47e-06 288.9 min, 0.44 s/step
  epoch 2/2 step 13200/26142 loss 0.9634 ce 0.6246 reward 0.016 lr 4.45e-06 289.3 min, 0.44 s/step
  epoch 2/2 step 13250/26142 loss 2.2315 ce 1.8797 reward -1.370 lr 4.42e-06 289.7 min, 0.44 s/step
  epoch 2/2 step 13300/26142 loss 0.0772 ce 0.6351 reward 0.042 lr 4.40e-06 290.0 min, 0.44 s/step
  epoch 2/2 step 13350/26142 loss 0.8729 ce 0.6471 reward -0.073 lr 4.37e-06 290.4 min, 0.44 s/step
  epoch 2/2 step 13400/26142 loss 1.1165 ce 0.5132 reward 0.094 lr 4.35e-06 290.8 min, 0.44 s/step
  epoch 2/2 step 13450/26142 loss 0.2797 ce 0.4817 reward 0.213 lr 4.32e-06 291.2 min, 0.44 s/step
  epoch 2/2 step 13500/26142 loss 0.3883 ce 0.5464 reward 0.089 lr 4.30e-06 291.5 min, 0.44 s/step
  epoch 2/2 step 13550/26142 loss 0.1755 ce 0.4293 reward 0.270 lr 4.27e-06 291.9 min, 0.44 s/step
  epoch 2/2 step 13600/26142 loss 1.2386 ce 0.3065 reward 0.373 lr 4.25e-06 292.3 min, 0.44 s/step
  epoch 2/2 step 13650/26142 loss 0.0266 ce 0.6351 reward 0.042 lr 4.22e-06 292.6 min, 0.44 s/step
  epoch 2/2 step 13700/26142 loss 1.0345 ce 1.0480 reward -0.487 lr 4.20e-06 293.0 min, 0.44 s/step
  epoch 2/2 step 13750/26142 loss 0.4256 ce 0.5117 reward 0.126 lr 4.17e-06 293.4 min, 0.44 s/step
  epoch 2/2 step 13800/26142 loss 0.8537 ce 0.5777 reward 0.084 lr 4.15e-06 293.7 min, 0.44 s/step
  epoch 2/2 step 13850/26142 loss 0.1500 ce 0.4489 reward 0.240 lr 4.13e-06 294.1 min, 0.44 s/step
  epoch 2/2 step 13900/26142 loss 0.1909 ce 0.4680 reward 0.162 lr 4.10e-06 294.4 min, 0.44 s/step
  epoch 2/2 step 13950/26142 loss 0.4019 ce 0.6572 reward -0.077 lr 4.08e-06 294.8 min, 0.44 s/step
  epoch 2/2 step 14000/26142 loss 0.2521 ce 0.2944 reward 0.382 lr 4.05e-06 295.1 min, 0.44 s/step
  epoch 2/2 step 14050/26142 loss 0.4944 ce 0.3662 reward 0.302 lr 4.03e-06 295.5 min, 0.44 s/step
  epoch 2/2 step 14100/26142 loss 0.3131 ce 0.2807 reward 0.407 lr 4.00e-06 296.0 min, 0.44 s/step
  epoch 2/2 step 14150/26142 loss -1.1549 ce 0.6351 reward 0.042 lr 3.98e-06 296.4 min, 0.44 s/step
  epoch 2/2 step 14200/26142 loss 0.1848 ce 0.2393 reward 0.457 lr 3.96e-06 296.7 min, 0.44 s/step
  epoch 2/2 step 14250/26142 loss 0.4977 ce 0.6174 reward 0.027 lr 3.93e-06 297.1 min, 0.44 s/step
  epoch 2/2 step 14300/26142 loss -1.3108 ce 0.6351 reward 0.042 lr 3.91e-06 297.4 min, 0.44 s/step
  epoch 2/2 step 14350/26142 loss -1.5853 ce 0.6351 reward 0.042 lr 3.89e-06 297.7 min, 0.44 s/step
  epoch 2/2 step 14400/26142 loss 0.7967 ce 0.4567 reward 0.189 lr 3.86e-06 298.1 min, 0.44 s/step
  epoch 2/2 step 14450/26142 loss 0.3482 ce 0.4620 reward 0.164 lr 3.84e-06 298.4 min, 0.44 s/step
  epoch 2/2 step 14500/26142 loss -0.6850 ce 0.6352 reward 0.042 lr 3.82e-06 298.7 min, 0.44 s/step
  epoch 2/2 step 14550/26142 loss 0.6797 ce 0.3645 reward 0.322 lr 3.79e-06 299.0 min, 0.44 s/step
  epoch 2/2 step 14600/26142 loss 0.6740 ce 0.5292 reward 0.083 lr 3.77e-06 299.4 min, 0.44 s/step
  epoch 2/2 step 14650/26142 loss -0.2887 ce 0.6351 reward 0.042 lr 3.75e-06 299.8 min, 0.44 s/step
  epoch 2/2 step 14700/26142 loss 0.4661 ce 0.5452 reward 0.115 lr 3.72e-06 300.2 min, 0.44 s/step
  epoch 2/2 step 14750/26142 loss 0.0437 ce 0.5512 reward 0.058 lr 3.70e-06 300.5 min, 0.44 s/step
  epoch 2/2 step 14800/26142 loss 0.4889 ce 0.6351 reward 0.042 lr 3.68e-06 300.9 min, 0.44 s/step
  epoch 2/2 step 14850/26142 loss 0.3969 ce 0.5100 reward 0.125 lr 3.66e-06 301.3 min, 0.44 s/step
  epoch 2/2 step 14900/26142 loss 0.3793 ce 0.4537 reward 0.193 lr 3.63e-06 301.7 min, 0.44 s/step
  epoch 2/2 step 14950/26142 loss 0.4735 ce 0.3712 reward 0.290 lr 3.61e-06 302.1 min, 0.44 s/step
  epoch 2/2 step 15000/26142 loss 0.0499 ce 0.7876 reward -0.174 lr 3.59e-06 302.4 min, 0.44 s/step
  epoch 2/2 step 15050/26142 loss 0.1354 ce 0.0501 reward 0.694 lr 3.57e-06 302.8 min, 0.44 s/step
  epoch 2/2 step 15100/26142 loss 0.2124 ce 0.4945 reward 0.124 lr 3.54e-06 303.2 min, 0.44 s/step
  epoch 2/2 step 15150/26142 loss -0.1458 ce 0.1497 reward 0.569 lr 3.52e-06 303.5 min, 0.44 s/step
  epoch 2/2 step 15200/26142 loss 0.0459 ce 0.2462 reward 0.447 lr 3.50e-06 303.9 min, 0.44 s/step
  epoch 2/2 step 15250/26142 loss 0.0039 ce 0.5653 reward 0.032 lr 3.48e-06 304.2 min, 0.44 s/step
  epoch 2/2 step 15300/26142 loss 0.1244 ce 0.6352 reward 0.042 lr 3.46e-06 304.7 min, 0.44 s/step
  epoch 2/2 step 15350/26142 loss 1.2309 ce 0.5271 reward 0.095 lr 3.43e-06 305.0 min, 0.44 s/step
  epoch 2/2 step 15400/26142 loss 0.5630 ce 0.4910 reward 0.140 lr 3.41e-06 305.3 min, 0.44 s/step
  epoch 2/2 step 15450/26142 loss 0.9844 ce 0.8613 reward -0.324 lr 3.39e-06 305.8 min, 0.44 s/step
  epoch 2/2 step 15500/26142 loss -0.0016 ce 0.2811 reward 0.416 lr 3.37e-06 306.1 min, 0.44 s/step
  epoch 2/2 step 15550/26142 loss 0.4534 ce 0.4825 reward 0.146 lr 3.35e-06 306.5 min, 0.44 s/step
  epoch 2/2 step 15600/26142 loss 0.4891 ce 0.3780 reward 0.284 lr 3.33e-06 306.8 min, 0.44 s/step
  epoch 2/2 step 15650/26142 loss 0.1617 ce 0.4121 reward 0.232 lr 3.31e-06 307.2 min, 0.44 s/step
  epoch 2/2 step 15700/26142 loss 0.8299 ce 0.7064 reward -0.092 lr 3.28e-06 307.6 min, 0.44 s/step
  epoch 2/2 step 15750/26142 loss 0.6810 ce 0.6310 reward -0.057 lr 3.26e-06 308.0 min, 0.44 s/step
  epoch 2/2 step 15800/26142 loss 0.6519 ce 0.3763 reward 0.326 lr 3.24e-06 308.3 min, 0.44 s/step
  epoch 2/2 step 15850/26142 loss 0.5693 ce 0.4067 reward 0.291 lr 3.22e-06 308.7 min, 0.44 s/step
  epoch 2/2 step 15900/26142 loss 0.2523 ce 0.4253 reward 0.224 lr 3.20e-06 309.1 min, 0.44 s/step
  epoch 2/2 step 15950/26142 loss 0.5771 ce 0.4708 reward 0.166 lr 3.18e-06 309.4 min, 0.44 s/step
  epoch 2/2 step 16000/26142 loss 0.4966 ce 0.5267 reward 0.114 lr 3.16e-06 309.8 min, 0.44 s/step
  epoch 2/2 step 16050/26142 loss -0.0396 ce 0.5557 reward 0.130 lr 3.14e-06 310.2 min, 0.44 s/step
  epoch 2/2 step 16100/26142 loss 0.3991 ce 0.3384 reward 0.324 lr 3.12e-06 310.6 min, 0.44 s/step
  epoch 2/2 step 16150/26142 loss -0.3518 ce 0.6351 reward 0.042 lr 3.10e-06 310.9 min, 0.44 s/step
  epoch 2/2 step 16200/26142 loss -0.2308 ce 0.3555 reward 0.330 lr 3.08e-06 311.3 min, 0.44 s/step
  epoch 2/2 step 16250/26142 loss 0.2122 ce 0.6351 reward 0.042 lr 3.06e-06 311.7 min, 0.44 s/step
  epoch 2/2 step 16300/26142 loss 0.3181 ce 0.6273 reward 0.012 lr 3.04e-06 312.1 min, 0.44 s/step
  epoch 2/2 step 16350/26142 loss -0.5545 ce 0.6351 reward 0.042 lr 3.02e-06 312.5 min, 0.44 s/step
  epoch 2/2 step 16400/26142 loss 0.3340 ce 0.6158 reward -0.034 lr 3.00e-06 312.8 min, 0.44 s/step
  epoch 2/2 step 16450/26142 loss -0.1015 ce 0.5741 reward 0.110 lr 2.98e-06 313.3 min, 0.44 s/step
  epoch 2/2 step 16500/26142 loss -0.2299 ce 0.5142 reward 0.167 lr 2.96e-06 313.7 min, 0.44 s/step
  epoch 2/2 step 16550/26142 loss 0.3847 ce 0.4155 reward 0.232 lr 2.94e-06 314.1 min, 0.44 s/step
  epoch 2/2 step 16600/26142 loss 1.1232 ce 0.9348 reward -0.455 lr 2.92e-06 314.3 min, 0.44 s/step
  epoch 2/2 step 16650/26142 loss 0.5579 ce 0.5135 reward 0.165 lr 2.90e-06 314.7 min, 0.44 s/step
  epoch 2/2 step 16700/26142 loss 0.3376 ce 0.2199 reward 0.477 lr 2.88e-06 315.0 min, 0.44 s/step
  epoch 2/2 step 16750/26142 loss -0.7844 ce 0.4499 reward 0.240 lr 2.86e-06 315.4 min, 0.44 s/step
  epoch 2/2 step 16800/26142 loss 1.0052 ce 0.5124 reward 0.167 lr 2.84e-06 315.8 min, 0.44 s/step
  epoch 2/2 step 16850/26142 loss -0.5190 ce 0.6033 reward -0.010 lr 2.82e-06 316.2 min, 0.44 s/step
  epoch 2/2 step 16900/26142 loss -0.1213 ce 0.6351 reward 0.042 lr 2.80e-06 316.5 min, 0.44 s/step
  epoch 2/2 step 16950/26142 loss 0.0078 ce 0.3684 reward 0.296 lr 2.78e-06 316.9 min, 0.44 s/step
  epoch 2/2 step 17000/26142 loss -0.7058 ce 0.6351 reward 0.042 lr 2.76e-06 317.3 min, 0.44 s/step
  epoch 2/2 step 17050/26142 loss 0.3051 ce 0.4018 reward 0.252 lr 2.75e-06 317.6 min, 0.44 s/step
  epoch 2/2 step 17100/26142 loss 0.1166 ce 0.4541 reward 0.185 lr 2.73e-06 318.0 min, 0.44 s/step
  epoch 2/2 step 17150/26142 loss 1.1438 ce 0.8945 reward -0.351 lr 2.71e-06 318.4 min, 0.44 s/step
  epoch 2/2 step 17200/26142 loss -0.1973 ce 0.5141 reward 0.167 lr 2.69e-06 318.7 min, 0.44 s/step
  epoch 2/2 step 17250/26142 loss -0.2993 ce 0.3859 reward 0.312 lr 2.67e-06 319.1 min, 0.44 s/step
  epoch 2/2 step 17300/26142 loss -0.1062 ce 0.3652 reward 0.314 lr 2.65e-06 319.5 min, 0.44 s/step
  epoch 2/2 step 17350/26142 loss 0.9413 ce 0.6611 reward -0.050 lr 2.63e-06 319.9 min, 0.44 s/step
  epoch 2/2 step 17400/26142 loss 0.0336 ce 0.3846 reward 0.269 lr 2.62e-06 320.2 min, 0.44 s/step
  epoch 2/2 step 17450/26142 loss 0.4758 ce 0.5825 reward 0.013 lr 2.60e-06 320.6 min, 0.44 s/step
  epoch 2/2 step 17500/26142 loss 0.6534 ce 0.6548 reward -0.077 lr 2.58e-06 321.0 min, 0.44 s/step
  epoch 2/2 step 17550/26142 loss -1.2138 ce 0.6351 reward 0.042 lr 2.56e-06 321.4 min, 0.44 s/step
  epoch 2/2 step 17600/26142 loss 0.0067 ce 0.4392 reward 0.206 lr 2.54e-06 321.7 min, 0.44 s/step
  epoch 2/2 step 17650/26142 loss -0.1971 ce 0.0001 reward 0.750 lr 2.53e-06 322.2 min, 0.44 s/step
  epoch 2/2 step 17700/26142 loss -0.1055 ce 0.6351 reward 0.042 lr 2.51e-06 322.5 min, 0.44 s/step
  epoch 2/2 step 17750/26142 loss 0.2591 ce 0.3931 reward 0.260 lr 2.49e-06 322.8 min, 0.44 s/step
  epoch 2/2 step 17800/26142 loss 0.5825 ce 0.6229 reward -0.019 lr 2.47e-06 323.2 min, 0.44 s/step
  epoch 2/2 step 17850/26142 loss -0.2510 ce 0.6352 reward 0.042 lr 2.46e-06 323.7 min, 0.44 s/step
  epoch 2/2 step 17900/26142 loss 0.5770 ce 0.6398 reward -0.001 lr 2.44e-06 324.0 min, 0.44 s/step
  epoch 2/2 step 17950/26142 loss -0.9074 ce 0.4630 reward 0.225 lr 2.42e-06 324.4 min, 0.44 s/step
  epoch 2/2 step 18000/26142 loss 1.0190 ce 0.6351 reward 0.042 lr 2.41e-06 324.7 min, 0.44 s/step
  epoch 2/2 step 18050/26142 loss 0.2942 ce 0.3193 reward 0.349 lr 2.39e-06 325.1 min, 0.44 s/step
  epoch 2/2 step 18100/26142 loss 0.5525 ce 0.4454 reward 0.187 lr 2.37e-06 325.6 min, 0.44 s/step
  epoch 2/2 step 18150/26142 loss -0.1876 ce 0.5141 reward 0.167 lr 2.36e-06 325.9 min, 0.44 s/step
  epoch 2/2 step 18200/26142 loss -1.5842 ce 0.6351 reward 0.042 lr 2.34e-06 326.3 min, 0.44 s/step
  epoch 2/2 step 18250/26142 loss 0.3994 ce 0.6351 reward 0.042 lr 2.32e-06 326.8 min, 0.44 s/step
  epoch 2/2 step 18300/26142 loss -0.0303 ce 0.5141 reward 0.167 lr 2.31e-06 327.1 min, 0.44 s/step
  epoch 2/2 step 18350/26142 loss 0.1703 ce 0.3483 reward 0.326 lr 2.29e-06 327.5 min, 0.44 s/step
  epoch 2/2 step 18400/26142 loss 0.7237 ce 0.5211 reward 0.097 lr 2.27e-06 327.8 min, 0.44 s/step
  epoch 2/2 step 18450/26142 loss 1.6733 ce 0.6932 reward -0.118 lr 2.26e-06 328.2 min, 0.44 s/step
  epoch 2/2 step 18500/26142 loss -0.1206 ce 0.2585 reward 0.435 lr 2.24e-06 328.6 min, 0.44 s/step
  epoch 2/2 step 18550/26142 loss -0.1442 ce 0.4942 reward 0.115 lr 2.23e-06 328.9 min, 0.44 s/step
  epoch 2/2 step 18600/26142 loss -0.0901 ce 0.3691 reward 0.310 lr 2.21e-06 329.3 min, 0.44 s/step
  epoch 2/2 step 18650/26142 loss 0.2275 ce 0.5141 reward 0.167 lr 2.19e-06 329.7 min, 0.44 s/step
  epoch 2/2 step 18700/26142 loss -0.7300 ce 0.6351 reward 0.042 lr 2.18e-06 330.0 min, 0.44 s/step
  epoch 2/2 step 18750/26142 loss -0.1152 ce 0.4390 reward 0.197 lr 2.16e-06 330.4 min, 0.44 s/step
  epoch 2/2 step 18800/26142 loss -0.0455 ce 0.3178 reward 0.353 lr 2.15e-06 330.8 min, 0.44 s/step
  epoch 2/2 step 18850/26142 loss 0.4787 ce 0.5813 reward 0.005 lr 2.13e-06 331.2 min, 0.44 s/step
  epoch 2/2 step 18900/26142 loss 0.4874 ce 0.5523 reward 0.040 lr 2.12e-06 331.6 min, 0.44 s/step
  epoch 2/2 step 18950/26142 loss 0.6005 ce 0.2620 reward 0.427 lr 2.10e-06 332.0 min, 0.44 s/step
  epoch 2/2 step 19000/26142 loss 0.2834 ce 0.4766 reward 0.125 lr 2.09e-06 332.3 min, 0.44 s/step
  epoch 2/2 step 19050/26142 loss 0.4003 ce 0.4648 reward 0.200 lr 2.07e-06 332.8 min, 0.44 s/step
  epoch 2/2 step 19100/26142 loss -1.0625 ce 0.6351 reward 0.042 lr 2.06e-06 333.2 min, 0.44 s/step
  epoch 2/2 step 19150/26142 loss -0.0589 ce 0.6201 reward 0.036 lr 2.04e-06 333.6 min, 0.44 s/step
  epoch 2/2 step 19200/26142 loss -1.2966 ce 0.6351 reward 0.042 lr 2.03e-06 334.0 min, 0.44 s/step
  epoch 2/2 step 19250/26142 loss 0.4369 ce 0.6063 reward -0.030 lr 2.01e-06 334.5 min, 0.44 s/step
  epoch 2/2 step 19300/26142 loss -0.3225 ce 0.6351 reward 0.042 lr 2.00e-06 334.9 min, 0.44 s/step
  epoch 2/2 step 19350/26142 loss -0.2675 ce 0.5141 reward 0.167 lr 1.98e-06 335.2 min, 0.44 s/step
  epoch 2/2 step 19400/26142 loss 0.4761 ce 0.5110 reward 0.102 lr 1.97e-06 335.6 min, 0.44 s/step
  epoch 2/2 step 19450/26142 loss 0.2939 ce 0.4316 reward 0.201 lr 1.96e-06 336.0 min, 0.44 s/step
  epoch 2/2 step 19500/26142 loss -0.1394 ce 0.6351 reward 0.042 lr 1.94e-06 336.4 min, 0.44 s/step
  epoch 2/2 step 19550/26142 loss 0.5699 ce 0.5633 reward 0.097 lr 1.93e-06 336.7 min, 0.44 s/step
  epoch 2/2 step 19600/26142 loss 0.5524 ce 0.5490 reward 0.065 lr 1.91e-06 337.1 min, 0.44 s/step
  epoch 2/2 step 19650/26142 loss 1.0896 ce 0.7463 reward -0.142 lr 1.90e-06 337.4 min, 0.44 s/step
  epoch 2/2 step 19700/26142 loss 0.4184 ce 0.3466 reward 0.313 lr 1.89e-06 337.7 min, 0.44 s/step
  epoch 2/2 step 19750/26142 loss -1.7289 ce 0.6351 reward 0.042 lr 1.87e-06 338.1 min, 0.44 s/step
  epoch 2/2 step 19800/26142 loss 0.4224 ce 0.6636 reward -0.025 lr 1.86e-06 338.5 min, 0.44 s/step
  epoch 2/2 step 19850/26142 loss 0.2707 ce 0.5888 reward 0.060 lr 1.85e-06 338.7 min, 0.44 s/step
  epoch 2/2 step 19900/26142 loss 0.1011 ce 0.2679 reward 0.425 lr 1.83e-06 339.1 min, 0.44 s/step
  epoch 2/2 step 19950/26142 loss 0.4129 ce 0.6236 reward 0.019 lr 1.82e-06 339.4 min, 0.44 s/step
  epoch 2/2 step 20000/26142 loss 0.1447 ce 0.3208 reward 0.350 lr 1.81e-06 339.8 min, 0.44 s/step
  epoch 2/2 step 20050/26142 loss 0.2216 ce 0.4610 reward 0.176 lr 1.79e-06 340.1 min, 0.44 s/step
  epoch 2/2 step 20100/26142 loss -0.1302 ce 0.3458 reward 0.328 lr 1.78e-06 340.5 min, 0.44 s/step
  epoch 2/2 step 20150/26142 loss 0.3759 ce 0.4260 reward 0.217 lr 1.77e-06 340.8 min, 0.44 s/step
  epoch 2/2 step 20200/26142 loss 0.4135 ce 0.3805 reward 0.272 lr 1.76e-06 341.1 min, 0.44 s/step
  epoch 2/2 step 20250/26142 loss 0.8450 ce 0.8079 reward -0.210 lr 1.74e-06 341.5 min, 0.44 s/step
  epoch 2/2 step 20300/26142 loss 0.0351 ce 0.4143 reward 0.229 lr 1.73e-06 341.8 min, 0.44 s/step
  epoch 2/2 step 20350/26142 loss 0.4023 ce 0.4528 reward 0.176 lr 1.72e-06 342.2 min, 0.44 s/step
  epoch 2/2 step 20400/26142 loss 0.4200 ce 0.4219 reward 0.227 lr 1.71e-06 342.5 min, 0.44 s/step
  epoch 2/2 step 20450/26142 loss 1.4394 ce 1.3529 reward -0.756 lr 1.69e-06 343.0 min, 0.44 s/step
  epoch 2/2 step 20500/26142 loss 0.5349 ce 0.5448 reward 0.079 lr 1.68e-06 343.5 min, 0.44 s/step
  epoch 2/2 step 20550/26142 loss 0.9998 ce 1.9425 reward -0.672 lr 1.67e-06 343.8 min, 0.44 s/step
  epoch 2/2 step 20600/26142 loss 0.5274 ce 0.7930 reward -0.279 lr 1.66e-06 344.3 min, 0.44 s/step
  epoch 2/2 step 20650/26142 loss -0.2532 ce 0.5917 reward -0.006 lr 1.65e-06 344.7 min, 0.44 s/step
  epoch 2/2 step 20700/26142 loss 0.5255 ce 0.3651 reward 0.306 lr 1.63e-06 345.1 min, 0.44 s/step
  epoch 2/2 step 20750/26142 loss 0.0845 ce 0.3917 reward 0.261 lr 1.62e-06 345.5 min, 0.44 s/step
  epoch 2/2 step 20800/26142 loss -1.6170 ce 0.5141 reward 0.167 lr 1.61e-06 345.8 min, 0.44 s/step
  epoch 2/2 step 20850/26142 loss 0.0286 ce 0.5536 reward 0.047 lr 1.60e-06 346.1 min, 0.44 s/step
  epoch 2/2 step 20900/26142 loss -0.0266 ce 0.2705 reward 0.411 lr 1.59e-06 346.4 min, 0.44 s/step
  epoch 2/2 step 20950/26142 loss -0.6624 ce 0.6351 reward 0.042 lr 1.58e-06 346.8 min, 0.44 s/step
  epoch 2/2 step 21000/26142 loss 0.7206 ce 0.5363 reward 0.076 lr 1.57e-06 347.1 min, 0.44 s/step
  epoch 2/2 step 21050/26142 loss 0.3793 ce 0.0617 reward 0.684 lr 1.56e-06 347.5 min, 0.44 s/step
  epoch 2/2 step 21100/26142 loss -0.5045 ce 0.6351 reward 0.042 lr 1.55e-06 347.9 min, 0.44 s/step
  epoch 2/2 step 21150/26142 loss 0.5820 ce 0.4967 reward 0.123 lr 1.54e-06 348.3 min, 0.44 s/step
  epoch 2/2 step 21200/26142 loss 0.8840 ce 0.6671 reward -0.045 lr 1.52e-06 348.7 min, 0.44 s/step
  epoch 2/2 step 21250/26142 loss -0.2533 ce 0.5141 reward 0.167 lr 1.51e-06 349.0 min, 0.44 s/step
  epoch 2/2 step 21300/26142 loss 0.7097 ce 0.4854 reward 0.145 lr 1.50e-06 349.4 min, 0.44 s/step
  epoch 2/2 step 21350/26142 loss 0.2401 ce 0.3008 reward 0.378 lr 1.49e-06 349.7 min, 0.44 s/step
  epoch 2/2 step 21400/26142 loss 0.0435 ce 0.2472 reward 0.445 lr 1.48e-06 350.1 min, 0.44 s/step
  epoch 2/2 step 21450/26142 loss -0.0188 ce 0.3593 reward 0.299 lr 1.47e-06 350.5 min, 0.44 s/step
  epoch 2/2 step 21500/26142 loss 0.2357 ce 0.4766 reward 0.163 lr 1.46e-06 350.8 min, 0.44 s/step
  epoch 2/2 step 21550/26142 loss 0.3306 ce 0.5396 reward 0.073 lr 1.45e-06 351.2 min, 0.44 s/step
  epoch 2/2 step 21600/26142 loss 0.7183 ce 0.5071 reward 0.174 lr 1.44e-06 351.6 min, 0.44 s/step
  epoch 2/2 step 21650/26142 loss 0.2930 ce 0.4479 reward 0.233 lr 1.43e-06 351.9 min, 0.44 s/step
  epoch 2/2 step 21700/26142 loss 0.5255 ce 0.4885 reward 0.189 lr 1.42e-06 352.3 min, 0.44 s/step
  epoch 2/2 step 21750/26142 loss -0.1277 ce 0.5435 reward 0.120 lr 1.41e-06 352.7 min, 0.44 s/step
  epoch 2/2 step 21800/26142 loss 0.4577 ce 0.5960 reward 0.043 lr 1.41e-06 353.0 min, 0.44 s/step
  epoch 2/2 step 21850/26142 loss 0.3430 ce 0.2635 reward 0.424 lr 1.40e-06 353.3 min, 0.44 s/step
  epoch 2/2 step 21900/26142 loss -0.3915 ce 0.2605 reward 0.434 lr 1.39e-06 353.6 min, 0.44 s/step
  epoch 2/2 step 21950/26142 loss 0.2103 ce 0.3195 reward 0.343 lr 1.38e-06 354.0 min, 0.44 s/step
  epoch 2/2 step 22000/26142 loss 0.5933 ce 0.5780 reward 0.066 lr 1.37e-06 354.4 min, 0.44 s/step
  epoch 2/2 step 22050/26142 loss -0.6172 ce 0.6351 reward 0.041 lr 1.36e-06 354.7 min, 0.44 s/step
  epoch 2/2 step 22100/26142 loss 0.5213 ce 0.5792 reward 0.025 lr 1.35e-06 355.0 min, 0.44 s/step
  epoch 2/2 step 22150/26142 loss -0.7920 ce 0.6351 reward 0.042 lr 1.34e-06 355.4 min, 0.44 s/step
  epoch 2/2 step 22200/26142 loss 0.3514 ce 0.4783 reward 0.153 lr 1.33e-06 355.8 min, 0.44 s/step
  epoch 2/2 step 22250/26142 loss 0.2036 ce 0.3909 reward 0.261 lr 1.33e-06 356.1 min, 0.44 s/step
  epoch 2/2 step 22300/26142 loss -0.5624 ce 0.4763 reward 0.219 lr 1.32e-06 356.6 min, 0.44 s/step
  epoch 2/2 step 22350/26142 loss 0.5973 ce 0.4143 reward 0.280 lr 1.31e-06 356.9 min, 0.44 s/step
  epoch 2/2 step 22400/26142 loss 0.6895 ce 0.7224 reward -0.159 lr 1.30e-06 357.3 min, 0.44 s/step
  epoch 2/2 step 22450/26142 loss 0.3978 ce 0.5523 reward 0.118 lr 1.29e-06 357.5 min, 0.44 s/step
  epoch 2/2 step 22500/26142 loss 0.6389 ce 0.2766 reward 0.414 lr 1.29e-06 358.0 min, 0.44 s/step
  epoch 2/2 step 22550/26142 loss 1.3854 ce 1.1992 reward -0.710 lr 1.28e-06 358.4 min, 0.44 s/step
  epoch 2/2 step 22600/26142 loss 0.7225 ce 0.6681 reward -0.089 lr 1.27e-06 358.7 min, 0.44 s/step
  epoch 2/2 step 22650/26142 loss -0.3676 ce 0.6351 reward 0.042 lr 1.26e-06 359.0 min, 0.44 s/step
  epoch 2/2 step 22700/26142 loss 0.3124 ce 0.4650 reward 0.164 lr 1.25e-06 359.4 min, 0.44 s/step
  epoch 2/2 step 22750/26142 loss -0.3735 ce 0.5141 reward 0.167 lr 1.25e-06 359.7 min, 0.44 s/step
  epoch 2/2 step 22800/26142 loss -1.2437 ce 0.6351 reward 0.042 lr 1.24e-06 360.0 min, 0.44 s/step
  epoch 2/2 step 22850/26142 loss -0.4019 ce 0.5141 reward 0.167 lr 1.23e-06 360.4 min, 0.44 s/step
  epoch 2/2 step 22900/26142 loss 0.8334 ce 0.7858 reward -0.284 lr 1.23e-06 360.8 min, 0.44 s/step
  epoch 2/2 step 22950/26142 loss 0.4036 ce 0.3622 reward 0.305 lr 1.22e-06 361.2 min, 0.44 s/step
  epoch 2/2 step 23000/26142 loss 0.2462 ce 0.3695 reward 0.312 lr 1.21e-06 361.6 min, 0.44 s/step
  epoch 2/2 step 23050/26142 loss -0.9755 ce 0.6351 reward 0.042 lr 1.21e-06 362.0 min, 0.44 s/step
  epoch 2/2 step 23100/26142 loss 0.7256 ce 0.7835 reward -0.173 lr 1.20e-06 362.4 min, 0.44 s/step
  epoch 2/2 step 23150/26142 loss -0.0971 ce 0.6351 reward 0.042 lr 1.19e-06 362.7 min, 0.44 s/step
  epoch 2/2 step 23200/26142 loss 0.3628 ce 0.3624 reward 0.314 lr 1.19e-06 363.1 min, 0.44 s/step
  epoch 2/2 step 23250/26142 loss 0.0164 ce 0.6351 reward 0.042 lr 1.18e-06 363.5 min, 0.44 s/step
  epoch 2/2 step 23300/26142 loss 0.3959 ce 0.3554 reward 0.299 lr 1.17e-06 363.9 min, 0.44 s/step
  epoch 2/2 step 23350/26142 loss -0.4926 ce 0.2798 reward 0.401 lr 1.17e-06 364.3 min, 0.44 s/step
  epoch 2/2 step 23400/26142 loss 1.1366 ce 0.7616 reward -0.177 lr 1.16e-06 364.7 min, 0.44 s/step
  epoch 2/2 step 23450/26142 loss 0.5194 ce 0.4855 reward 0.148 lr 1.16e-06 365.0 min, 0.44 s/step
  epoch 2/2 step 23500/26142 loss 0.5513 ce 0.4122 reward 0.253 lr 1.15e-06 365.4 min, 0.44 s/step
  epoch 2/2 step 23550/26142 loss 0.0909 ce 0.6273 reward -0.016 lr 1.14e-06 365.8 min, 0.44 s/step
  epoch 2/2 step 23600/26142 loss 0.0330 ce 0.3506 reward 0.314 lr 1.14e-06 366.2 min, 0.44 s/step
  epoch 2/2 step 23650/26142 loss 0.8482 ce 0.4303 reward 0.224 lr 1.13e-06 366.5 min, 0.44 s/step
  epoch 2/2 step 23700/26142 loss 0.3945 ce 0.4715 reward 0.143 lr 1.13e-06 366.9 min, 0.44 s/step
  epoch 2/2 step 23750/26142 loss 0.6597 ce 0.7087 reward -0.123 lr 1.12e-06 367.2 min, 0.44 s/step
  epoch 2/2 step 23800/26142 loss -1.0399 ce 0.6351 reward 0.042 lr 1.12e-06 367.6 min, 0.44 s/step
  epoch 2/2 step 23850/26142 loss 0.3036 ce 0.4022 reward 0.239 lr 1.11e-06 367.9 min, 0.44 s/step
  epoch 2/2 step 23900/26142 loss 0.4371 ce 0.6040 reward -0.007 lr 1.11e-06 368.3 min, 0.44 s/step
  epoch 2/2 step 23950/26142 loss 0.8602 ce 0.6058 reward -0.011 lr 1.10e-06 368.6 min, 0.44 s/step
  epoch 2/2 step 24000/26142 loss -0.3208 ce 0.3847 reward 0.266 lr 1.10e-06 369.0 min, 0.44 s/step
  epoch 2/2 step 24050/26142 loss -1.0847 ce 0.6353 reward 0.042 lr 1.09e-06 369.4 min, 0.44 s/step
  epoch 2/2 step 24100/26142 loss 0.7944 ce 0.4974 reward 0.122 lr 1.09e-06 369.7 min, 0.44 s/step
  epoch 2/2 step 24150/26142 loss 0.4230 ce 0.4207 reward 0.229 lr 1.09e-06 370.1 min, 0.44 s/step
  epoch 2/2 step 24200/26142 loss 0.7377 ce 0.7671 reward -0.230 lr 1.08e-06 370.5 min, 0.44 s/step
  epoch 2/2 step 24250/26142 loss -0.1893 ce 0.2954 reward 0.385 lr 1.08e-06 370.9 min, 0.44 s/step
  epoch 2/2 step 24300/26142 loss -0.5028 ce 0.6351 reward 0.042 lr 1.07e-06 371.3 min, 0.44 s/step
  epoch 2/2 step 24350/26142 loss 0.4913 ce 0.3378 reward 0.327 lr 1.07e-06 371.7 min, 0.44 s/step
  epoch 2/2 step 24400/26142 loss 0.3628 ce 0.5557 reward 0.130 lr 1.07e-06 372.1 min, 0.44 s/step
  epoch 2/2 step 24450/26142 loss 0.2929 ce 0.4027 reward 0.246 lr 1.06e-06 372.4 min, 0.44 s/step
  epoch 2/2 step 24500/26142 loss -0.2076 ce 0.6351 reward 0.042 lr 1.06e-06 372.8 min, 0.44 s/step
  epoch 2/2 step 24550/26142 loss -0.0291 ce 0.3532 reward 0.308 lr 1.05e-06 373.1 min, 0.44 s/step
  epoch 2/2 step 24600/26142 loss 0.2318 ce 0.3529 reward 0.301 lr 1.05e-06 373.5 min, 0.44 s/step
  epoch 2/2 step 24650/26142 loss 1.6525 ce 0.8223 reward -0.303 lr 1.05e-06 373.8 min, 0.44 s/step
  epoch 2/2 step 24700/26142 loss 0.2642 ce 0.4877 reward 0.114 lr 1.04e-06 374.3 min, 0.44 s/step
  epoch 2/2 step 24750/26142 loss 0.4532 ce 0.4696 reward 0.148 lr 1.04e-06 374.6 min, 0.44 s/step
  epoch 2/2 step 24800/26142 loss 0.6023 ce 0.3454 reward 0.326 lr 1.04e-06 375.1 min, 0.44 s/step
  epoch 2/2 step 24850/26142 loss 0.4756 ce 0.4550 reward 0.185 lr 1.04e-06 375.4 min, 0.44 s/step
  epoch 2/2 step 24900/26142 loss 0.1181 ce 0.2712 reward 0.415 lr 1.03e-06 375.8 min, 0.44 s/step
  epoch 2/2 step 24950/26142 loss -0.1068 ce 0.4893 reward 0.195 lr 1.03e-06 376.2 min, 0.44 s/step
  epoch 2/2 step 25000/26142 loss 0.1580 ce 0.3740 reward 0.282 lr 1.03e-06 376.6 min, 0.44 s/step
  epoch 2/2 step 25050/26142 loss 0.1554 ce 0.3054 reward 0.359 lr 1.03e-06 376.9 min, 0.44 s/step
  epoch 2/2 step 25100/26142 loss -1.0743 ce 0.6352 reward 0.042 lr 1.02e-06 377.2 min, 0.44 s/step
  epoch 2/2 step 25150/26142 loss 0.0276 ce 0.2603 reward 0.417 lr 1.02e-06 377.6 min, 0.44 s/step
  epoch 2/2 step 25200/26142 loss 0.1676 ce 0.4926 reward 0.185 lr 1.02e-06 378.0 min, 0.44 s/step
  epoch 2/2 step 25250/26142 loss 0.1484 ce 0.6351 reward 0.042 lr 1.02e-06 378.3 min, 0.44 s/step
  epoch 2/2 step 25300/26142 loss 0.1826 ce 0.4477 reward 0.170 lr 1.02e-06 378.6 min, 0.44 s/step
  epoch 2/2 step 25350/26142 loss -0.2268 ce 0.6351 reward 0.042 lr 1.01e-06 379.1 min, 0.44 s/step
  epoch 2/2 step 25400/26142 loss 0.5252 ce 0.6492 reward -0.085 lr 1.01e-06 379.6 min, 0.44 s/step
  epoch 2/2 step 25450/26142 loss -0.2054 ce 0.3801 reward 0.287 lr 1.01e-06 380.0 min, 0.44 s/step
  epoch 2/2 step 25500/26142 loss 0.4752 ce 0.6672 reward -0.093 lr 1.01e-06 380.3 min, 0.44 s/step
  epoch 2/2 step 25550/26142 loss 0.2589 ce 0.3189 reward 0.353 lr 1.01e-06 380.6 min, 0.44 s/step
  epoch 2/2 step 25600/26142 loss 0.6947 ce 0.6232 reward -0.007 lr 1.01e-06 381.0 min, 0.44 s/step
  epoch 2/2 step 25650/26142 loss -1.2480 ce 0.6351 reward 0.042 lr 1.01e-06 381.4 min, 0.44 s/step
  epoch 2/2 step 25700/26142 loss 0.5339 ce 0.3613 reward 0.309 lr 1.00e-06 381.7 min, 0.44 s/step
  epoch 2/2 step 25750/26142 loss 0.8407 ce 0.8542 reward -0.327 lr 1.00e-06 382.1 min, 0.44 s/step
  epoch 2/2 step 25800/26142 loss -0.5874 ce 0.5141 reward 0.167 lr 1.00e-06 382.5 min, 0.44 s/step
  epoch 2/2 step 25850/26142 loss -0.9877 ce 0.4599 reward 0.225 lr 1.00e-06 382.9 min, 0.44 s/step
  epoch 2/2 step 25900/26142 loss -0.1901 ce 0.4234 reward 0.262 lr 1.00e-06 383.2 min, 0.44 s/step
  epoch 2/2 step 25950/26142 loss 0.4131 ce 0.6525 reward -0.083 lr 1.00e-06 383.6 min, 0.44 s/step
  epoch 2/2 step 26000/26142 loss 0.0269 ce 0.6351 reward 0.042 lr 1.00e-06 383.9 min, 0.44 s/step
  epoch 2/2 step 26050/26142 loss 0.9466 ce 0.6921 reward -0.103 lr 1.00e-06 384.3 min, 0.44 s/step
  epoch 2/2 step 26100/26142 loss 0.5735 ce 0.4685 reward 0.167 lr 1.00e-06 384.7 min, 0.44 s/step
=== epoch 2 done, avg loss 0.2111, 385.0 min ===
calibrating temperatures
temperatures (choice, score, noul): [1.045, 0.977, 1.006]
saved to /work/thai/out/laya-th-run5 after 385.3 min
== [01:46] 3/5 eval on the new held-out set (intent has other): run 3, run 4, run 5
student vs teacher on /work/thai/data/cc/cc5_eval.jsonl:
  choice  n=13932 argmax agreement 0.698  mean TV distance 0.450
  noul    n=10449 argmax agreement 0.929  mean TV distance 0.140
  score   n= 6966 argmax agreement 0.492  mean TV distance 0.283

/work/thai/out/laya-th-run3: 3483 eval records, 72 ms/record
overall: 6966 decisions, accuracy 0.667, Brier 0.523, ECE 0.198
source:type                      n    acc  brier    mae
cc:choice                     5784  0.745  0.462 
wisesight:choice              1182  0.285  0.819 
tickets: department 4/5  refund 5/5  frustration MAE 0.25
   โดนหักเงินซ้ำสองครั้งเมื่อวานน billing   p=0.94 frustration=1.81 refund=0.70
   เน็ตบ้านหลุดบ่อยมากตั้งแต่เมื่ technical p=0.98 frustration=1.45 refund=0.02
   สนใจเปลี่ยนเป็นแพ็กเกจ 5G ที่โ sales     p=0.92 frustration=0.10 refund=0.02
   ใบแจ้งหนี้เดือนนี้แพงกว่าปกติ  billing   p=0.98 frustration=0.27 refund=0.03
   แอปล็อกอินไม่ได้ ขึ้นว่ารหัสผิ billing   p=0.70 frustration=1.78 refund=0.11
student vs teacher on /work/thai/data/cc/cc5_eval.jsonl:
  choice  n=13932 argmax agreement 0.897  mean TV distance 0.151
  noul    n=10449 argmax agreement 0.987  mean TV distance 0.027
  score   n= 6966 argmax agreement 0.840  mean TV distance 0.106

/work/thai/out/laya-th-run4: 3483 eval records, 72 ms/record
overall: 6966 decisions, accuracy 0.917, Brier 0.121, ECE 0.043
source:type                      n    acc  brier    mae
cc:choice                     5784  0.998  0.004 
wisesight:choice              1182  0.525  0.695 
tickets: department 5/5  refund 5/5  frustration MAE 0.48
   โดนหักเงินซ้ำสองครั้งเมื่อวานน billing   p=0.92 frustration=1.71 refund=0.98
   เน็ตบ้านหลุดบ่อยมากตั้งแต่เมื่ technical p=0.95 frustration=1.64 refund=0.02
   สนใจเปลี่ยนเป็นแพ็กเกจ 5G ที่โ sales     p=0.86 frustration=0.24 refund=0.03
   ใบแจ้งหนี้เดือนนี้แพงกว่าปกติ  billing   p=0.97 frustration=1.06 refund=0.04
   แอปล็อกอินไม่ได้ ขึ้นว่ารหัสผิ technical p=0.64 frustration=1.85 refund=0.09
student vs teacher on /work/thai/data/cc/cc5_eval.jsonl:
  choice  n=13932 argmax agreement 0.933  mean TV distance 0.113
  noul    n=10449 argmax agreement 0.989  mean TV distance 0.024
  score   n= 6966 argmax agreement 0.861  mean TV distance 0.093

/work/thai/out/laya-th-run5: 3483 eval records, 72 ms/record
overall: 6966 decisions, accuracy 0.977, Brier 0.045, ECE 0.092
source:type                      n    acc  brier    mae
cc:choice                     5784  0.998  0.013 
wisesight:choice              1182  0.873  0.204 
tickets: department 5/5  refund 5/5  frustration MAE 0.40
   โดนหักเงินซ้ำสองครั้งเมื่อวานน billing   p=0.98 frustration=1.90 refund=0.98
   เน็ตบ้านหลุดบ่อยมากตั้งแต่เมื่ technical p=0.98 frustration=1.69 refund=0.03
   สนใจเปลี่ยนเป็นแพ็กเกจ 5G ที่โ sales     p=0.97 frustration=0.20 refund=0.02
   ใบแจ้งหนี้เดือนนี้แพงกว่าปกติ  billing   p=0.99 frustration=0.94 refund=0.04
   แอปล็อกอินไม่ได้ ขึ้นว่ารหัสผิ technical p=0.54 frustration=1.93 refund=0.12
== [02:44] 4/5 eval run 5 on the public set + cascade sweeps
student vs teacher on /work/thai/data/distill3_eval.jsonl:
  choice  n= 2528 argmax agreement 0.706  mean TV distance 0.290
  noul    n= 2483 argmax agreement 0.899  mean TV distance 0.116
  score   n= 1117 argmax agreement 0.723  mean TV distance 0.240

/work/thai/out/laya-th-run5: 1704 eval records, 38 ms/record
overall: 2455 decisions, accuracy 0.782, Brier 0.380, ECE 0.151
source:type                      n    acc  brier    mae
massive_th:choice              300  0.827  0.313 
prachathai:choice              163  0.865  0.251 
prachathai:noul                588  0.888  0.209 
sib200_th:choice               204  0.711  0.476 
wisesight:choice               300  0.723  0.413 
wongnai:score                  300  0.590  0.710  0.424
xnli_th:choice                 300  0.733  0.481 
xnli_th:noul                   300  0.833  0.321 
tickets: department 5/5  refund 5/5  frustration MAE 0.40
   โดนหักเงินซ้ำสองครั้งเมื่อวานน billing   p=0.98 frustration=1.90 refund=0.98
   เน็ตบ้านหลุดบ่อยมากตั้งแต่เมื่ technical p=0.98 frustration=1.69 refund=0.03
   สนใจเปลี่ยนเป็นแพ็กเกจ 5G ที่โ sales     p=0.97 frustration=0.20 refund=0.02
   ใบแจ้งหนี้เดือนนี้แพงกว่าปกติ  billing   p=0.99 frustration=0.94 refund=0.04
   แอปล็อกอินไม่ได้ ขึ้นว่ารหัสผิ technical p=0.54 frustration=1.93 refund=0.12
{"decisions": 6966, "student_only": 0.9769, "teacher_only": 0.8223, "student_ms_per_record": 72.5, "teacher_ms_per_record": 1437.2, "max_options": 60}
  thr    acc to_teacher student@kept teacher@sent  est ms
 0.00  0.977      0.000        0.977        0.000      72
 0.50  0.976      0.003        0.978        0.316      76
 0.60  0.976      0.007        0.980        0.400      83
 0.70  0.974      0.014        0.983        0.379      92
 0.80  0.974      0.024        0.987        0.444     107
 0.85  0.971      0.036        0.991        0.436     124
 0.90  0.954      0.182        0.996        0.762     334
 0.95  0.822      0.998        0.929        0.822    1507
 0.98  0.822      1.000        0.000        0.822    1510
 1.01  0.822      1.000        0.000        0.822    1510
{"decisions": 2455, "student_only": 0.7821, "teacher_only": 0.8147, "student_ms_per_record": 38.3, "teacher_ms_per_record": 893.7, "max_options": 60}
  thr    acc to_teacher student@kept teacher@sent  est ms
 0.00  0.782      0.000        0.782        0.000      38
 0.50  0.778      0.033        0.789        0.438      67
 0.60  0.780      0.070        0.800        0.509     101
 0.70  0.777      0.114        0.808        0.532     140
 0.80  0.777      0.153        0.819        0.545     175
 0.85  0.779      0.184        0.827        0.570     203
 0.90  0.780      0.220        0.833        0.596     234
 0.95  0.787      0.262        0.844        0.627     272
 0.98  0.794      0.304        0.861        0.641     310
 1.01  0.815      1.000        0.000        0.815     932
== [03:07] 5/5 restore :8011 (still run 4) and permissions
== [03:07] done
