== [12:00] 0/5 waiting for prep_cs_data.sh
== [21:00] prep done: 54586 checked rewrites
== [21:00] 1/5 second teacher on GPU 1 (:8013), cascade stopped
{"ok":true,"queued":0}
== [21:01] 2/5 label (cs + e-commerce + wisesight) with two teachers
110243 records: cs kept 40608, by source {'banking': 12425, 'telecom': 11814, 'insurance': 16369, 'ecommerce': 57635, 'wisesight': 12000}
  2000/110243 labelled, 4.9 min, 6.8 rec/s
  4000/110243 labelled, 9.8 min, 6.8 rec/s
  6000/110243 labelled, 14.8 min, 6.8 rec/s
  8000/110243 labelled, 19.7 min, 6.8 rec/s
  10000/110243 labelled, 24.6 min, 6.8 rec/s
  12000/110243 labelled, 29.5 min, 6.8 rec/s
  14000/110243 labelled, 34.3 min, 6.8 rec/s
  16000/110243 labelled, 39.3 min, 6.8 rec/s
  18000/110243 labelled, 44.2 min, 6.8 rec/s
  20000/110243 labelled, 49.1 min, 6.8 rec/s
  22000/110243 labelled, 54.0 min, 6.8 rec/s
  24000/110243 labelled, 58.9 min, 6.8 rec/s
  26000/110243 labelled, 63.8 min, 6.8 rec/s
  28000/110243 labelled, 68.7 min, 6.8 rec/s
  30000/110243 labelled, 73.6 min, 6.8 rec/s
  32000/110243 labelled, 78.5 min, 6.8 rec/s
  34000/110243 labelled, 83.4 min, 6.8 rec/s
  36000/110243 labelled, 88.3 min, 6.8 rec/s
  38000/110243 labelled, 93.2 min, 6.8 rec/s
  40000/110243 labelled, 98.1 min, 6.8 rec/s
  42000/110243 labelled, 102.9 min, 6.8 rec/s
  44000/110243 labelled, 107.6 min, 6.8 rec/s
  46000/110243 labelled, 112.3 min, 6.8 rec/s
  48000/110243 labelled, 117.0 min, 6.8 rec/s
  50000/110243 labelled, 121.6 min, 6.9 rec/s
  52000/110243 labelled, 126.3 min, 6.9 rec/s
  54000/110243 labelled, 131.0 min, 6.9 rec/s
  56000/110243 labelled, 135.7 min, 6.9 rec/s
  58000/110243 labelled, 140.4 min, 6.9 rec/s
  60000/110243 labelled, 145.1 min, 6.9 rec/s
  62000/110243 labelled, 149.8 min, 6.9 rec/s
  64000/110243 labelled, 154.5 min, 6.9 rec/s
  66000/110243 labelled, 159.1 min, 6.9 rec/s
  68000/110243 labelled, 163.8 min, 6.9 rec/s
  70000/110243 labelled, 168.5 min, 6.9 rec/s
  72000/110243 labelled, 173.2 min, 6.9 rec/s
  74000/110243 labelled, 177.9 min, 6.9 rec/s
  76000/110243 labelled, 182.6 min, 6.9 rec/s
  78000/110243 labelled, 187.2 min, 6.9 rec/s
  80000/110243 labelled, 191.9 min, 6.9 rec/s
  82000/110243 labelled, 196.6 min, 7.0 rec/s
  84000/110243 labelled, 201.3 min, 7.0 rec/s
  86000/110243 labelled, 206.0 min, 7.0 rec/s
  88000/110243 labelled, 210.7 min, 7.0 rec/s
  90000/110243 labelled, 215.4 min, 7.0 rec/s
  92000/110243 labelled, 220.1 min, 7.0 rec/s
  94000/110243 labelled, 224.7 min, 7.0 rec/s
  96000/110243 labelled, 229.4 min, 7.0 rec/s
  98000/110243 labelled, 234.1 min, 7.0 rec/s
  100000/110243 labelled, 239.0 min, 7.0 rec/s
  102000/110243 labelled, 243.8 min, 7.0 rec/s
  104000/110243 labelled, 248.7 min, 7.0 rec/s
  106000/110243 labelled, 253.6 min, 7.0 rec/s
  108000/110243 labelled, 258.5 min, 7.0 rec/s
  110000/110243 labelled, 263.3 min, 7.0 rec/s
teacher labelled 110243/110243 in 263.9 min
{
  "records": 110243,
  "train_records": 104711,
  "eval_records": 5532,
  "items": 314133,
  "dropped": 0,
  "by_source": {
    "banking": 12425,
    "telecom": 11814,
    "insurance": 16369,
    "ecommerce": 57635,
    "wisesight": 12000
  },
  "by_type": {
    "choice": 183410,
    "noul": 78452,
    "score": 52271
  },
  "questions_per_record": 3,
  "smooth": 0.1,
  "min_p": 0.5,
  "head_max_len": 768,
  "max_len": 1024,
  "mean_len": 219.08007118004159,
  "teachers": [
    "http://172.18.72.145:8010",
    "http://172.18.72.145:8013"
  ],
  "minutes": 266.4
}
== [01:28] 3/5 train from run 3 (cs6_items + human items, 2 epochs)
  /work/thai/data/cs/cs6_items.pt: 314133 items
  /work/thai/data/train_items768.pt: 10674 items
train: 324807 items, 2 epochs, 20300 updates, micro 8 x accum 4
  epoch 1/2 step 50/40601 loss 1.1565 ce 1.6305 reward -1.448 lr 2.50e-05 0.5 min, 0.63 s/step
  epoch 1/2 step 100/40601 loss 0.2067 ce 0.4590 reward 0.163 lr 2.50e-05 0.9 min, 0.56 s/step
  epoch 1/2 step 150/40601 loss 0.5957 ce 0.6646 reward -0.091 lr 2.50e-05 1.4 min, 0.55 s/step
  epoch 1/2 step 200/40601 loss 1.0604 ce 0.5629 reward 0.001 lr 2.50e-05 1.8 min, 0.53 s/step
  epoch 1/2 step 250/40601 loss 0.2855 ce 0.2953 reward 0.385 lr 2.50e-05 2.1 min, 0.51 s/step
  epoch 1/2 step 300/40601 loss 0.3949 ce 0.4842 reward 0.147 lr 2.50e-05 2.5 min, 0.50 s/step
  epoch 1/2 step 350/40601 loss 0.6136 ce 0.5923 reward 0.006 lr 2.50e-05 2.9 min, 0.50 s/step
  epoch 1/2 step 400/40601 loss 0.3194 ce 0.4764 reward 0.192 lr 2.50e-05 3.2 min, 0.48 s/step
  epoch 1/2 step 450/40601 loss 0.6013 ce 0.6062 reward 0.015 lr 2.50e-05 3.6 min, 0.48 s/step
  epoch 1/2 step 500/40601 loss 0.4617 ce 0.4720 reward 0.157 lr 2.50e-05 4.0 min, 0.48 s/step
  epoch 1/2 step 550/40601 loss 0.4885 ce 0.7405 reward -0.182 lr 2.50e-05 4.4 min, 0.48 s/step
  epoch 1/2 step 600/40601 loss -0.4451 ce 0.6247 reward 0.043 lr 2.50e-05 4.8 min, 0.48 s/step
  epoch 1/2 step 650/40601 loss -0.0714 ce 0.4111 reward 0.193 lr 2.50e-05 5.2 min, 0.48 s/step
  epoch 1/2 step 700/40601 loss -0.1312 ce 0.6981 reward -0.205 lr 2.50e-05 5.6 min, 0.48 s/step
  epoch 1/2 step 750/40601 loss -0.1402 ce 0.2582 reward 0.424 lr 2.50e-05 5.9 min, 0.47 s/step
  epoch 1/2 step 800/40601 loss 0.3870 ce 0.4742 reward 0.122 lr 2.50e-05 6.2 min, 0.46 s/step
  epoch 1/2 step 850/40601 loss 0.4200 ce 0.5379 reward -0.005 lr 2.50e-05 6.5 min, 0.46 s/step
  epoch 1/2 step 900/40601 loss 0.8847 ce 0.8033 reward -0.164 lr 2.50e-05 6.9 min, 0.46 s/step
  epoch 1/2 step 950/40601 loss 0.2548 ce 0.5690 reward 0.021 lr 2.50e-05 7.4 min, 0.46 s/step
  epoch 1/2 step 1000/40601 loss 0.8006 ce 0.6872 reward -0.077 lr 2.50e-05 7.7 min, 0.46 s/step
  epoch 1/2 step 1050/40601 loss 1.3103 ce 1.5680 reward -1.175 lr 2.50e-05 8.1 min, 0.46 s/step
  epoch 1/2 step 1100/40601 loss 0.5901 ce 0.6330 reward 0.028 lr 2.50e-05 8.5 min, 0.46 s/step
  epoch 1/2 step 1150/40601 loss 0.5259 ce 0.6224 reward 0.008 lr 2.50e-05 8.9 min, 0.46 s/step
  epoch 1/2 step 1200/40601 loss -0.0611 ce 0.8092 reward -0.287 lr 2.50e-05 9.2 min, 0.46 s/step
  epoch 1/2 step 1250/40601 loss -0.5492 ce 0.6408 reward 0.022 lr 2.50e-05 9.7 min, 0.47 s/step
  epoch 1/2 step 1300/40601 loss 1.5075 ce 0.7588 reward -0.161 lr 2.50e-05 10.2 min, 0.47 s/step
  epoch 1/2 step 1350/40601 loss -0.6796 ce 0.6734 reward -0.067 lr 2.50e-05 10.6 min, 0.47 s/step
  epoch 1/2 step 1400/40601 loss 0.4643 ce 0.6032 reward -0.048 lr 2.50e-05 10.9 min, 0.47 s/step
  epoch 1/2 step 1450/40601 loss 0.4410 ce 0.5627 reward 0.113 lr 2.50e-05 11.3 min, 0.47 s/step
  epoch 1/2 step 1500/40601 loss 0.9535 ce 0.7585 reward -0.164 lr 2.50e-05 11.7 min, 0.47 s/step
  epoch 1/2 step 1550/40601 loss 0.8656 ce 0.6485 reward 0.018 lr 2.50e-05 12.1 min, 0.47 s/step
  epoch 1/2 step 1600/40601 loss 0.5264 ce 0.4444 reward 0.148 lr 2.50e-05 12.4 min, 0.47 s/step
  epoch 1/2 step 1650/40601 loss 0.5097 ce 0.5474 reward 0.038 lr 2.50e-05 12.7 min, 0.46 s/step
  epoch 1/2 step 1700/40601 loss 0.3041 ce 0.4387 reward 0.218 lr 2.50e-05 13.1 min, 0.46 s/step
  epoch 1/2 step 1750/40601 loss 0.6224 ce 0.6385 reward -0.074 lr 2.50e-05 13.5 min, 0.46 s/step
  epoch 1/2 step 1800/40601 loss 0.1214 ce 0.3582 reward 0.289 lr 2.50e-05 13.9 min, 0.46 s/step
  epoch 1/2 step 1850/40601 loss 0.4640 ce 0.4131 reward 0.222 lr 2.50e-05 14.2 min, 0.46 s/step
  epoch 1/2 step 1900/40601 loss 0.2532 ce 0.6024 reward -0.053 lr 2.50e-05 14.6 min, 0.46 s/step
  epoch 1/2 step 1950/40601 loss 0.0461 ce 0.4638 reward 0.135 lr 2.50e-05 15.0 min, 0.46 s/step
  epoch 1/2 step 2000/40601 loss 0.9468 ce 0.7931 reward -0.225 lr 2.50e-05 15.4 min, 0.46 s/step
  epoch 1/2 step 2050/40601 loss 0.3301 ce 0.4132 reward 0.173 lr 2.50e-05 15.7 min, 0.46 s/step
  epoch 1/2 step 2100/40601 loss 1.0790 ce 0.8372 reward -0.331 lr 2.50e-05 16.1 min, 0.46 s/step
  epoch 1/2 step 2150/40601 loss 1.5816 ce 1.1510 reward -0.544 lr 2.50e-05 16.5 min, 0.46 s/step
  epoch 1/2 step 2200/40601 loss 0.1162 ce 0.4305 reward 0.180 lr 2.50e-05 16.8 min, 0.46 s/step
  epoch 1/2 step 2250/40601 loss 1.6351 ce 1.3610 reward -0.779 lr 2.50e-05 17.2 min, 0.46 s/step
  epoch 1/2 step 2300/40601 loss 0.5141 ce 0.5818 reward 0.021 lr 2.50e-05 17.5 min, 0.46 s/step
  epoch 1/2 step 2350/40601 loss 0.0072 ce 0.6952 reward -0.102 lr 2.50e-05 17.9 min, 0.46 s/step
  epoch 1/2 step 2400/40601 loss 0.9712 ce 0.6510 reward -0.064 lr 2.49e-05 18.3 min, 0.46 s/step
  epoch 1/2 step 2450/40601 loss 0.1487 ce 0.3003 reward 0.368 lr 2.49e-05 18.7 min, 0.46 s/step
  epoch 1/2 step 2500/40601 loss 0.0680 ce 0.2925 reward 0.373 lr 2.49e-05 19.1 min, 0.46 s/step
  epoch 1/2 step 2550/40601 loss 0.1508 ce 0.6277 reward -0.101 lr 2.49e-05 19.4 min, 0.46 s/step
  epoch 1/2 step 2600/40601 loss -0.1844 ce 0.4022 reward 0.281 lr 2.49e-05 19.8 min, 0.46 s/step
  epoch 1/2 step 2650/40601 loss -1.5602 ce 0.7143 reward -0.055 lr 2.49e-05 20.2 min, 0.46 s/step
  epoch 1/2 step 2700/40601 loss -0.4735 ce 0.6683 reward -0.018 lr 2.49e-05 20.6 min, 0.46 s/step
  epoch 1/2 step 2750/40601 loss 0.1231 ce 0.5850 reward 0.058 lr 2.49e-05 21.0 min, 0.46 s/step
  epoch 1/2 step 2800/40601 loss 0.3778 ce 0.4606 reward 0.143 lr 2.49e-05 21.5 min, 0.46 s/step
  epoch 1/2 step 2850/40601 loss 0.3957 ce 0.4267 reward 0.200 lr 2.49e-05 21.9 min, 0.46 s/step
  epoch 1/2 step 2900/40601 loss 1.7438 ce 1.0272 reward -0.450 lr 2.49e-05 22.3 min, 0.46 s/step
  epoch 1/2 step 2950/40601 loss 0.1222 ce 0.7566 reward -0.172 lr 2.49e-05 22.6 min, 0.46 s/step
  epoch 1/2 step 3000/40601 loss -0.0913 ce 0.3833 reward 0.235 lr 2.49e-05 23.1 min, 0.46 s/step
  epoch 1/2 step 3050/40601 loss 0.0015 ce 0.7888 reward -0.333 lr 2.49e-05 23.5 min, 0.46 s/step
  epoch 1/2 step 3100/40601 loss -0.7633 ce 0.3972 reward 0.282 lr 2.49e-05 23.9 min, 0.46 s/step
  epoch 1/2 step 3150/40601 loss 0.6079 ce 0.7138 reward -0.217 lr 2.49e-05 24.3 min, 0.46 s/step
  epoch 1/2 step 3200/40601 loss 0.2990 ce 0.5203 reward 0.082 lr 2.49e-05 24.7 min, 0.46 s/step
  epoch 1/2 step 3250/40601 loss 0.1841 ce 0.4266 reward 0.171 lr 2.49e-05 25.1 min, 0.46 s/step
  epoch 1/2 step 3300/40601 loss -0.2668 ce 0.3950 reward 0.287 lr 2.49e-05 25.5 min, 0.46 s/step
  epoch 1/2 step 3350/40601 loss 0.0254 ce 0.5022 reward 0.026 lr 2.49e-05 25.9 min, 0.46 s/step
  epoch 1/2 step 3400/40601 loss 0.7595 ce 0.7109 reward -0.161 lr 2.49e-05 26.2 min, 0.46 s/step
  epoch 1/2 step 3450/40601 loss -0.1219 ce 0.4583 reward 0.144 lr 2.49e-05 26.6 min, 0.46 s/step
  epoch 1/2 step 3500/40601 loss -0.0450 ce 0.4728 reward 0.099 lr 2.49e-05 27.0 min, 0.46 s/step
  epoch 1/2 step 3550/40601 loss 0.2006 ce 0.3557 reward 0.317 lr 2.49e-05 27.4 min, 0.46 s/step
  epoch 1/2 step 3600/40601 loss 0.4443 ce 0.4882 reward 0.142 lr 2.49e-05 27.7 min, 0.46 s/step
  epoch 1/2 step 3650/40601 loss -0.5802 ce 0.6110 reward 0.049 lr 2.49e-05 28.2 min, 0.46 s/step
  epoch 1/2 step 3700/40601 loss 0.4200 ce 0.5646 reward 0.019 lr 2.49e-05 28.6 min, 0.46 s/step
  epoch 1/2 step 3750/40601 loss 0.4764 ce 0.4981 reward 0.094 lr 2.49e-05 29.0 min, 0.46 s/step
  epoch 1/2 step 3800/40601 loss 0.4731 ce 0.5097 reward 0.108 lr 2.49e-05 29.3 min, 0.46 s/step
  epoch 1/2 step 3850/40601 loss 0.3473 ce 0.4521 reward 0.152 lr 2.49e-05 29.7 min, 0.46 s/step
  epoch 1/2 step 3900/40601 loss 0.0746 ce 0.6071 reward 0.059 lr 2.49e-05 30.1 min, 0.46 s/step
  epoch 1/2 step 3950/40601 loss -0.0666 ce 0.7052 reward -0.148 lr 2.49e-05 30.5 min, 0.46 s/step
  epoch 1/2 step 4000/40601 loss 0.2857 ce 0.3685 reward 0.269 lr 2.49e-05 30.9 min, 0.46 s/step
  epoch 1/2 step 4050/40601 loss -0.0721 ce 0.4370 reward 0.202 lr 2.49e-05 31.3 min, 0.46 s/step
  epoch 1/2 step 4100/40601 loss 0.4097 ce 0.3775 reward 0.306 lr 2.48e-05 31.7 min, 0.46 s/step
  epoch 1/2 step 4150/40601 loss 0.1833 ce 0.7519 reward -0.285 lr 2.48e-05 31.9 min, 0.46 s/step
  epoch 1/2 step 4200/40601 loss 0.0368 ce 0.6204 reward 0.038 lr 2.48e-05 32.4 min, 0.46 s/step
  epoch 1/2 step 4250/40601 loss 0.0303 ce 0.2489 reward 0.406 lr 2.48e-05 32.8 min, 0.46 s/step
  epoch 1/2 step 4300/40601 loss 0.1831 ce 0.1516 reward 0.567 lr 2.48e-05 33.2 min, 0.46 s/step
  epoch 1/2 step 4350/40601 loss 0.1967 ce 0.5158 reward 0.051 lr 2.48e-05 33.6 min, 0.46 s/step
  epoch 1/2 step 4400/40601 loss 0.8744 ce 0.5807 reward 0.076 lr 2.48e-05 34.0 min, 0.46 s/step
  epoch 1/2 step 4450/40601 loss 0.6021 ce 1.2357 reward -0.702 lr 2.48e-05 34.4 min, 0.46 s/step
  epoch 1/2 step 4500/40601 loss 0.4481 ce 0.6308 reward -0.067 lr 2.48e-05 34.9 min, 0.47 s/step
  epoch 1/2 step 4550/40601 loss -0.2786 ce 0.6111 reward 0.058 lr 2.48e-05 35.3 min, 0.47 s/step
  epoch 1/2 step 4600/40601 loss 0.1911 ce 0.5637 reward 0.024 lr 2.48e-05 35.7 min, 0.47 s/step
  epoch 1/2 step 4650/40601 loss 0.9719 ce 0.7354 reward -0.112 lr 2.48e-05 36.1 min, 0.47 s/step
  epoch 1/2 step 4700/40601 loss 0.1941 ce 0.5356 reward 0.034 lr 2.48e-05 36.5 min, 0.47 s/step
  epoch 1/2 step 4750/40601 loss 0.4348 ce 0.4006 reward 0.243 lr 2.48e-05 36.9 min, 0.47 s/step
  epoch 1/2 step 4800/40601 loss 0.5421 ce 0.6319 reward 0.036 lr 2.48e-05 37.3 min, 0.47 s/step
  epoch 1/2 step 4850/40601 loss 0.9650 ce 0.6902 reward -0.040 lr 2.48e-05 37.7 min, 0.47 s/step
  epoch 1/2 step 4900/40601 loss 0.2425 ce 0.8285 reward -0.279 lr 2.48e-05 38.1 min, 0.47 s/step
  epoch 1/2 step 4950/40601 loss 0.4698 ce 0.6848 reward -0.084 lr 2.48e-05 38.5 min, 0.47 s/step
  epoch 1/2 step 5000/40601 loss 0.1664 ce 0.6493 reward 0.011 lr 2.48e-05 38.9 min, 0.47 s/step
  epoch 1/2 step 5050/40601 loss 0.1904 ce 0.5285 reward 0.042 lr 2.48e-05 39.2 min, 0.47 s/step
  epoch 1/2 step 5100/40601 loss 0.3461 ce 0.4664 reward 0.093 lr 2.48e-05 39.6 min, 0.47 s/step
  epoch 1/2 step 5150/40601 loss 0.7833 ce 0.6040 reward -0.040 lr 2.48e-05 40.0 min, 0.47 s/step
  epoch 1/2 step 5200/40601 loss 0.2478 ce 0.5201 reward 0.048 lr 2.48e-05 40.5 min, 0.47 s/step
  epoch 1/2 step 5250/40601 loss 0.2848 ce 0.5831 reward 0.031 lr 2.48e-05 41.0 min, 0.47 s/step
  epoch 1/2 step 5300/40601 loss -0.2841 ce 0.6329 reward 0.023 lr 2.47e-05 41.3 min, 0.47 s/step
  epoch 1/2 step 5350/40601 loss 0.1072 ce 0.5350 reward 0.077 lr 2.47e-05 41.6 min, 0.47 s/step
  epoch 1/2 step 5400/40601 loss 0.1404 ce 0.4539 reward 0.108 lr 2.47e-05 41.9 min, 0.47 s/step
  epoch 1/2 step 5450/40601 loss 1.0384 ce 0.8775 reward -0.423 lr 2.47e-05 42.4 min, 0.47 s/step
  epoch 1/2 step 5500/40601 loss 0.0763 ce 0.6754 reward -0.019 lr 2.47e-05 42.7 min, 0.47 s/step
  epoch 1/2 step 5550/40601 loss 0.1111 ce 0.4863 reward 0.124 lr 2.47e-05 43.0 min, 0.47 s/step
  epoch 1/2 step 5600/40601 loss -0.9363 ce 0.6094 reward 0.054 lr 2.47e-05 43.4 min, 0.46 s/step
  epoch 1/2 step 5650/40601 loss 0.0232 ce 0.3234 reward 0.338 lr 2.47e-05 43.8 min, 0.46 s/step
  epoch 1/2 step 5700/40601 loss 0.3656 ce 0.3543 reward 0.295 lr 2.47e-05 44.2 min, 0.47 s/step
  epoch 1/2 step 5750/40601 loss 0.5389 ce 0.5315 reward 0.068 lr 2.47e-05 44.6 min, 0.47 s/step
  epoch 1/2 step 5800/40601 loss 0.6018 ce 0.4891 reward 0.152 lr 2.47e-05 45.0 min, 0.47 s/step
  epoch 1/2 step 5850/40601 loss 0.5148 ce 0.7775 reward -0.279 lr 2.47e-05 45.4 min, 0.47 s/step
  epoch 1/2 step 5900/40601 loss 0.0189 ce 0.3962 reward 0.286 lr 2.47e-05 45.8 min, 0.47 s/step
  epoch 1/2 step 5950/40601 loss 1.1207 ce 1.0006 reward -0.394 lr 2.47e-05 46.2 min, 0.47 s/step
  epoch 1/2 step 6000/40601 loss 0.7219 ce 0.6113 reward 0.054 lr 2.47e-05 46.6 min, 0.47 s/step
  epoch 1/2 step 6050/40601 loss -0.2434 ce 0.4665 reward 0.188 lr 2.47e-05 47.0 min, 0.47 s/step
  epoch 1/2 step 6100/40601 loss 0.7475 ce 0.5951 reward 0.019 lr 2.47e-05 47.4 min, 0.47 s/step
  epoch 1/2 step 6150/40601 loss 0.4566 ce 0.7388 reward -0.306 lr 2.47e-05 47.8 min, 0.47 s/step
  epoch 1/2 step 6200/40601 loss 1.0494 ce 1.0752 reward -0.571 lr 2.47e-05 48.2 min, 0.47 s/step
  epoch 1/2 step 6250/40601 loss 1.2888 ce 1.2721 reward -0.798 lr 2.47e-05 48.6 min, 0.47 s/step
  epoch 1/2 step 6300/40601 loss 0.2264 ce 0.5940 reward -0.046 lr 2.46e-05 48.9 min, 0.47 s/step
  epoch 1/2 step 6350/40601 loss 0.6150 ce 0.5029 reward 0.093 lr 2.46e-05 49.3 min, 0.47 s/step
  epoch 1/2 step 6400/40601 loss 0.1511 ce 0.6121 reward 0.054 lr 2.46e-05 49.8 min, 0.47 s/step
  epoch 1/2 step 6450/40601 loss 0.8570 ce 0.8895 reward -0.503 lr 2.46e-05 50.3 min, 0.47 s/step
  epoch 1/2 step 6500/40601 loss -0.0848 ce 0.4783 reward 0.110 lr 2.46e-05 50.6 min, 0.47 s/step
  epoch 1/2 step 6550/40601 loss 0.4956 ce 0.5892 reward -0.011 lr 2.46e-05 51.0 min, 0.47 s/step
  epoch 1/2 step 6600/40601 loss 0.4238 ce 0.5717 reward 0.001 lr 2.46e-05 51.4 min, 0.47 s/step
  epoch 1/2 step 6650/40601 loss -0.1356 ce 0.4121 reward 0.207 lr 2.46e-05 51.8 min, 0.47 s/step
  epoch 1/2 step 6700/40601 loss 0.7388 ce 0.6542 reward -0.020 lr 2.46e-05 52.2 min, 0.47 s/step
  epoch 1/2 step 6750/40601 loss 0.5415 ce 0.9033 reward -0.505 lr 2.46e-05 52.6 min, 0.47 s/step
  epoch 1/2 step 6800/40601 loss 0.5796 ce 0.6424 reward -0.007 lr 2.46e-05 52.9 min, 0.47 s/step
  epoch 1/2 step 6850/40601 loss 0.1330 ce 0.5943 reward -0.026 lr 2.46e-05 53.3 min, 0.47 s/step
  epoch 1/2 step 6900/40601 loss -0.0411 ce 0.4893 reward 0.111 lr 2.46e-05 53.7 min, 0.47 s/step
  epoch 1/2 step 6950/40601 loss -0.4167 ce 0.6131 reward 0.052 lr 2.46e-05 54.1 min, 0.47 s/step
  epoch 1/2 step 7000/40601 loss -0.2634 ce 0.5846 reward -0.012 lr 2.46e-05 54.6 min, 0.47 s/step
  epoch 1/2 step 7050/40601 loss 0.4585 ce 0.5501 reward 0.017 lr 2.46e-05 54.9 min, 0.47 s/step
  epoch 1/2 step 7100/40601 loss -0.1323 ce 0.4242 reward 0.231 lr 2.46e-05 55.2 min, 0.47 s/step
  epoch 1/2 step 7150/40601 loss -0.2422 ce 0.6601 reward 0.006 lr 2.45e-05 55.7 min, 0.47 s/step
  epoch 1/2 step 7200/40601 loss 0.2976 ce 0.4952 reward 0.105 lr 2.45e-05 56.1 min, 0.47 s/step
  epoch 1/2 step 7250/40601 loss -0.3352 ce 0.6800 reward -0.017 lr 2.45e-05 56.5 min, 0.47 s/step
  epoch 1/2 step 7300/40601 loss 0.2367 ce 0.3936 reward 0.294 lr 2.45e-05 56.9 min, 0.47 s/step
  epoch 1/2 step 7350/40601 loss 0.3182 ce 0.3544 reward 0.336 lr 2.45e-05 57.2 min, 0.47 s/step
  epoch 1/2 step 7400/40601 loss 0.1126 ce 0.4877 reward 0.100 lr 2.45e-05 57.6 min, 0.47 s/step
  epoch 1/2 step 7450/40601 loss 0.6952 ce 0.4669 reward 0.177 lr 2.45e-05 58.0 min, 0.47 s/step
  epoch 1/2 step 7500/40601 loss 0.1441 ce 0.3813 reward 0.250 lr 2.45e-05 58.3 min, 0.47 s/step
  epoch 1/2 step 7550/40601 loss 0.1706 ce 0.6342 reward 0.032 lr 2.45e-05 58.7 min, 0.47 s/step
  epoch 1/2 step 7600/40601 loss 0.7935 ce 0.6968 reward -0.044 lr 2.45e-05 59.1 min, 0.47 s/step
  epoch 1/2 step 7650/40601 loss 0.1999 ce 0.4655 reward 0.131 lr 2.45e-05 59.5 min, 0.47 s/step
  epoch 1/2 step 7700/40601 loss -0.3794 ce 0.3591 reward 0.328 lr 2.45e-05 59.8 min, 0.47 s/step
  epoch 1/2 step 7750/40601 loss 0.4825 ce 0.9820 reward -0.412 lr 2.45e-05 60.1 min, 0.47 s/step
  epoch 1/2 step 7800/40601 loss 0.1935 ce 0.4985 reward 0.152 lr 2.45e-05 60.5 min, 0.47 s/step
  epoch 1/2 step 7850/40601 loss 0.0611 ce 0.4652 reward 0.162 lr 2.45e-05 60.8 min, 0.46 s/step
  epoch 1/2 step 7900/40601 loss 0.6489 ce 0.9419 reward -0.442 lr 2.44e-05 61.2 min, 0.46 s/step
  epoch 1/2 step 7950/40601 loss 0.6958 ce 0.6589 reward -0.150 lr 2.44e-05 61.5 min, 0.46 s/step
  epoch 1/2 step 8000/40601 loss 0.1424 ce 0.7128 reward -0.240 lr 2.44e-05 61.9 min, 0.46 s/step
  epoch 1/2 step 8050/40601 loss 0.0778 ce 0.5229 reward 0.021 lr 2.44e-05 62.3 min, 0.46 s/step
  epoch 1/2 step 8100/40601 loss -0.0084 ce 0.2673 reward 0.409 lr 2.44e-05 62.7 min, 0.46 s/step
  epoch 1/2 step 8150/40601 loss 0.7320 ce 0.4219 reward 0.210 lr 2.44e-05 63.1 min, 0.46 s/step
  epoch 1/2 step 8200/40601 loss -0.1519 ce 0.3632 reward 0.318 lr 2.44e-05 63.5 min, 0.46 s/step
  epoch 1/2 step 8250/40601 loss 0.6230 ce 0.8325 reward -0.210 lr 2.44e-05 63.9 min, 0.46 s/step
  epoch 1/2 step 8300/40601 loss 0.6307 ce 0.7923 reward -0.279 lr 2.44e-05 64.3 min, 0.47 s/step
  epoch 1/2 step 8350/40601 loss 0.4792 ce 0.8031 reward -0.209 lr 2.44e-05 64.7 min, 0.47 s/step
  epoch 1/2 step 8400/40601 loss -0.1386 ce 0.3787 reward 0.300 lr 2.44e-05 65.1 min, 0.47 s/step
  epoch 1/2 step 8450/40601 loss 0.2549 ce 0.5623 reward 0.022 lr 2.44e-05 65.6 min, 0.47 s/step
  epoch 1/2 step 8500/40601 loss 0.4423 ce 0.3823 reward 0.285 lr 2.44e-05 66.0 min, 0.47 s/step
  epoch 1/2 step 8550/40601 loss -0.5019 ce 0.4644 reward 0.176 lr 2.43e-05 66.3 min, 0.47 s/step
  epoch 1/2 step 8600/40601 loss 0.2752 ce 0.3287 reward 0.352 lr 2.43e-05 66.7 min, 0.47 s/step
  epoch 1/2 step 8650/40601 loss 0.4013 ce 0.4945 reward 0.101 lr 2.43e-05 67.1 min, 0.47 s/step
  epoch 1/2 step 8700/40601 loss 0.2033 ce 0.3564 reward 0.303 lr 2.43e-05 67.4 min, 0.46 s/step
  epoch 1/2 step 8750/40601 loss 0.0153 ce 0.7328 reward -0.099 lr 2.43e-05 67.8 min, 0.46 s/step
  epoch 1/2 step 8800/40601 loss 0.9283 ce 0.6773 reward -0.022 lr 2.43e-05 68.3 min, 0.47 s/step
  epoch 1/2 step 8850/40601 loss -0.0863 ce 0.3829 reward 0.215 lr 2.43e-05 68.6 min, 0.47 s/step
  epoch 1/2 step 8900/40601 loss -1.0422 ce 0.6249 reward 0.037 lr 2.43e-05 69.1 min, 0.47 s/step
  epoch 1/2 step 8950/40601 loss 0.5777 ce 0.6665 reward -0.087 lr 2.43e-05 69.4 min, 0.47 s/step
  epoch 1/2 step 9000/40601 loss 0.3083 ce 0.5589 reward 0.017 lr 2.43e-05 69.8 min, 0.47 s/step
  epoch 1/2 step 9050/40601 loss 0.5631 ce 0.7064 reward -0.177 lr 2.43e-05 70.1 min, 0.47 s/step
  epoch 1/2 step 9100/40601 loss 0.0887 ce 0.4354 reward 0.169 lr 2.43e-05 70.6 min, 0.47 s/step
  epoch 1/2 step 9150/40601 loss 0.2810 ce 0.6709 reward -0.054 lr 2.43e-05 70.9 min, 0.47 s/step
  epoch 1/2 step 9200/40601 loss 0.4880 ce 0.4239 reward 0.210 lr 2.42e-05 71.2 min, 0.46 s/step
  epoch 1/2 step 9250/40601 loss -0.0470 ce 0.5088 reward 0.128 lr 2.42e-05 71.7 min, 0.46 s/step
  epoch 1/2 step 9300/40601 loss 0.2767 ce 0.3230 reward 0.344 lr 2.42e-05 72.0 min, 0.46 s/step
  epoch 1/2 step 9350/40601 loss 0.6284 ce 1.0472 reward -0.619 lr 2.42e-05 72.4 min, 0.46 s/step
  epoch 1/2 step 9400/40601 loss 1.0030 ce 0.4711 reward 0.183 lr 2.42e-05 72.7 min, 0.46 s/step
  epoch 1/2 step 9450/40601 loss 0.5019 ce 0.6409 reward -0.102 lr 2.42e-05 73.0 min, 0.46 s/step
  epoch 1/2 step 9500/40601 loss 0.3660 ce 0.5378 reward 0.047 lr 2.42e-05 73.5 min, 0.46 s/step
  epoch 1/2 step 9550/40601 loss -0.0414 ce 0.3506 reward 0.287 lr 2.42e-05 73.9 min, 0.46 s/step
  epoch 1/2 step 9600/40601 loss 0.1845 ce 0.5550 reward -0.049 lr 2.42e-05 74.3 min, 0.46 s/step
  epoch 1/2 step 9650/40601 loss 0.0324 ce 0.4192 reward 0.227 lr 2.42e-05 74.8 min, 0.47 s/step
  epoch 1/2 step 9700/40601 loss -0.0485 ce 0.4502 reward 0.127 lr 2.42e-05 75.2 min, 0.47 s/step
  epoch 1/2 step 9750/40601 loss 0.6416 ce 0.4745 reward 0.143 lr 2.42e-05 75.7 min, 0.47 s/step
  epoch 1/2 step 9800/40601 loss 0.2575 ce 0.5830 reward -0.006 lr 2.41e-05 76.0 min, 0.47 s/step
  epoch 1/2 step 9850/40601 loss 0.2568 ce 0.5473 reward 0.051 lr 2.41e-05 76.3 min, 0.46 s/step
  epoch 1/2 step 9900/40601 loss -0.1718 ce 0.3800 reward 0.243 lr 2.41e-05 76.8 min, 0.47 s/step
  epoch 1/2 step 9950/40601 loss 0.3103 ce 0.4678 reward 0.135 lr 2.41e-05 77.0 min, 0.46 s/step
  epoch 1/2 step 10000/40601 loss 1.0434 ce 0.8225 reward -0.237 lr 2.41e-05 77.4 min, 0.46 s/step
  epoch 1/2 step 10050/40601 loss 0.4447 ce 0.6356 reward -0.050 lr 2.41e-05 77.9 min, 0.46 s/step
  epoch 1/2 step 10100/40601 loss 0.3780 ce 0.6354 reward -0.123 lr 2.41e-05 78.2 min, 0.46 s/step
  epoch 1/2 step 10150/40601 loss 0.2840 ce 0.5102 reward 0.093 lr 2.41e-05 78.6 min, 0.46 s/step
  epoch 1/2 step 10200/40601 loss -0.6086 ce 0.6069 reward 0.060 lr 2.41e-05 79.0 min, 0.46 s/step
  epoch 1/2 step 10250/40601 loss 0.3367 ce 0.3763 reward 0.254 lr 2.41e-05 79.3 min, 0.46 s/step
  epoch 1/2 step 10300/40601 loss -0.8485 ce 0.6111 reward 0.053 lr 2.41e-05 79.8 min, 0.46 s/step
  epoch 1/2 step 10350/40601 loss -0.3376 ce 0.6072 reward 0.060 lr 2.41e-05 80.1 min, 0.46 s/step
  epoch 1/2 step 10400/40601 loss -1.5644 ce 0.6328 reward 0.033 lr 2.40e-05 80.5 min, 0.46 s/step
  epoch 1/2 step 10450/40601 loss 0.2519 ce 0.3497 reward 0.309 lr 2.40e-05 80.9 min, 0.46 s/step
  epoch 1/2 step 10500/40601 loss -1.0869 ce 0.6092 reward 0.048 lr 2.40e-05 81.3 min, 0.46 s/step
  epoch 1/2 step 10550/40601 loss -1.1155 ce 0.6097 reward 0.053 lr 2.40e-05 81.8 min, 0.47 s/step
  epoch 1/2 step 10600/40601 loss 1.3563 ce 0.8078 reward -0.168 lr 2.40e-05 82.2 min, 0.47 s/step
  epoch 1/2 step 10650/40601 loss 0.0588 ce 0.4293 reward 0.179 lr 2.40e-05 82.7 min, 0.47 s/step
  epoch 1/2 step 10700/40601 loss 0.9649 ce 0.8889 reward -0.383 lr 2.40e-05 83.0 min, 0.47 s/step
  epoch 1/2 step 10750/40601 loss 0.0429 ce 0.5201 reward 0.132 lr 2.40e-05 83.5 min, 0.47 s/step
  epoch 1/2 step 10800/40601 loss 0.4396 ce 0.7300 reward -0.263 lr 2.40e-05 83.8 min, 0.47 s/step
  epoch 1/2 step 10850/40601 loss 0.2846 ce 0.4411 reward 0.147 lr 2.40e-05 84.2 min, 0.47 s/step
  epoch 1/2 step 10900/40601 loss 0.3238 ce 0.4654 reward 0.156 lr 2.39e-05 84.6 min, 0.47 s/step
  epoch 1/2 step 10950/40601 loss 1.1484 ce 1.1423 reward -0.482 lr 2.39e-05 85.0 min, 0.47 s/step
  epoch 1/2 step 11000/40601 loss 0.2761 ce 0.2993 reward 0.379 lr 2.39e-05 85.4 min, 0.47 s/step
  epoch 1/2 step 11050/40601 loss 0.8233 ce 0.7465 reward -0.302 lr 2.39e-05 85.8 min, 0.47 s/step
  epoch 1/2 step 11100/40601 loss -0.4057 ce 0.3917 reward 0.284 lr 2.39e-05 86.2 min, 0.47 s/step
  epoch 1/2 step 11150/40601 loss 0.4076 ce 0.6810 reward -0.160 lr 2.39e-05 86.6 min, 0.47 s/step
  epoch 1/2 step 11200/40601 loss 0.1178 ce 0.5614 reward 0.034 lr 2.39e-05 87.0 min, 0.47 s/step
  epoch 1/2 step 11250/40601 loss -0.2207 ce 0.3438 reward 0.347 lr 2.39e-05 87.4 min, 0.47 s/step
  epoch 1/2 step 11300/40601 loss -0.1718 ce 0.3337 reward 0.323 lr 2.39e-05 87.7 min, 0.47 s/step
  epoch 1/2 step 11350/40601 loss 0.8609 ce 0.5280 reward 0.124 lr 2.39e-05 88.1 min, 0.47 s/step
  epoch 1/2 step 11400/40601 loss 0.2971 ce 0.4232 reward 0.163 lr 2.39e-05 88.5 min, 0.47 s/step
  epoch 1/2 step 11450/40601 loss 0.1305 ce 0.5192 reward 0.096 lr 2.38e-05 88.9 min, 0.47 s/step
  epoch 1/2 step 11500/40601 loss -0.4109 ce 0.3165 reward 0.318 lr 2.38e-05 89.3 min, 0.47 s/step
  epoch 1/2 step 11550/40601 loss 1.0263 ce 0.6912 reward -0.123 lr 2.38e-05 89.6 min, 0.47 s/step
  epoch 1/2 step 11600/40601 loss 0.6235 ce 0.5487 reward 0.091 lr 2.38e-05 89.9 min, 0.47 s/step
  epoch 1/2 step 11650/40601 loss -0.3038 ce 0.4238 reward 0.243 lr 2.38e-05 90.3 min, 0.47 s/step
  epoch 1/2 step 11700/40601 loss 0.3926 ce 0.4858 reward 0.144 lr 2.38e-05 90.7 min, 0.47 s/step
  epoch 1/2 step 11750/40601 loss 0.1450 ce 0.4636 reward 0.183 lr 2.38e-05 91.2 min, 0.47 s/step
  epoch 1/2 step 11800/40601 loss 0.2737 ce 0.4420 reward 0.178 lr 2.38e-05 91.6 min, 0.47 s/step
  epoch 1/2 step 11850/40601 loss 0.0629 ce 0.2938 reward 0.344 lr 2.38e-05 91.9 min, 0.47 s/step
  epoch 1/2 step 11900/40601 loss 0.4013 ce 0.6111 reward -0.093 lr 2.38e-05 92.3 min, 0.47 s/step
  epoch 1/2 step 11950/40601 loss 0.3275 ce 0.4566 reward 0.191 lr 2.37e-05 92.7 min, 0.47 s/step
  epoch 1/2 step 12000/40601 loss -0.3554 ce 0.4130 reward 0.248 lr 2.37e-05 93.1 min, 0.47 s/step
  epoch 1/2 step 12050/40601 loss 0.4943 ce 0.6271 reward -0.073 lr 2.37e-05 93.5 min, 0.47 s/step
  epoch 1/2 step 12100/40601 loss 0.0425 ce 0.3983 reward 0.246 lr 2.37e-05 93.9 min, 0.47 s/step
  epoch 1/2 step 12150/40601 loss 0.2342 ce 0.3624 reward 0.292 lr 2.37e-05 94.2 min, 0.47 s/step
  epoch 1/2 step 12200/40601 loss -0.8679 ce 0.4572 reward 0.228 lr 2.37e-05 94.5 min, 0.46 s/step
  epoch 1/2 step 12250/40601 loss 0.7187 ce 0.6254 reward -0.117 lr 2.37e-05 94.8 min, 0.46 s/step
  epoch 1/2 step 12300/40601 loss 0.3495 ce 0.6768 reward -0.132 lr 2.37e-05 95.2 min, 0.46 s/step
  epoch 1/2 step 12350/40601 loss -0.2392 ce 0.3757 reward 0.293 lr 2.37e-05 95.5 min, 0.46 s/step
  epoch 1/2 step 12400/40601 loss 0.8031 ce 0.6000 reward 0.051 lr 2.36e-05 95.9 min, 0.46 s/step
  epoch 1/2 step 12450/40601 loss 0.0335 ce 0.3746 reward 0.257 lr 2.36e-05 96.3 min, 0.46 s/step
  epoch 1/2 step 12500/40601 loss 0.1884 ce 0.4718 reward 0.074 lr 2.36e-05 96.7 min, 0.46 s/step
  epoch 1/2 step 12550/40601 loss 0.1972 ce 0.6792 reward -0.163 lr 2.36e-05 97.1 min, 0.46 s/step
  epoch 1/2 step 12600/40601 loss -0.3512 ce 0.6210 reward 0.047 lr 2.36e-05 97.5 min, 0.46 s/step
  epoch 1/2 step 12650/40601 loss -0.2988 ce 0.6100 reward 0.055 lr 2.36e-05 97.8 min, 0.46 s/step
  epoch 1/2 step 12700/40601 loss 0.3825 ce 0.4239 reward 0.192 lr 2.36e-05 98.3 min, 0.46 s/step
  epoch 1/2 step 12750/40601 loss -0.6479 ce 0.6118 reward 0.039 lr 2.36e-05 98.8 min, 0.46 s/step
  epoch 1/2 step 12800/40601 loss 0.0195 ce 0.4991 reward 0.105 lr 2.36e-05 99.2 min, 0.47 s/step
  epoch 1/2 step 12850/40601 loss 0.1255 ce 0.4957 reward 0.100 lr 2.35e-05 99.6 min, 0.46 s/step
  epoch 1/2 step 12900/40601 loss -0.2117 ce 0.4996 reward 0.152 lr 2.35e-05 100.0 min, 0.47 s/step
  epoch 1/2 step 12950/40601 loss 0.0851 ce 0.6272 reward 0.038 lr 2.35e-05 100.4 min, 0.47 s/step
  epoch 1/2 step 13000/40601 loss 0.1078 ce 0.4900 reward 0.116 lr 2.35e-05 100.8 min, 0.47 s/step
  epoch 1/2 step 13050/40601 loss 1.1628 ce 1.2570 reward -0.868 lr 2.35e-05 101.2 min, 0.47 s/step
  epoch 1/2 step 13100/40601 loss 0.4429 ce 0.4691 reward 0.128 lr 2.35e-05 101.5 min, 0.46 s/step
  epoch 1/2 step 13150/40601 loss 0.0902 ce 0.5270 reward 0.046 lr 2.35e-05 101.8 min, 0.46 s/step
  epoch 1/2 step 13200/40601 loss 0.5568 ce 0.6843 reward -0.161 lr 2.35e-05 102.2 min, 0.46 s/step
  epoch 1/2 step 13250/40601 loss 0.7105 ce 0.6946 reward -0.129 lr 2.35e-05 102.6 min, 0.46 s/step
  epoch 1/2 step 13300/40601 loss 0.3308 ce 0.6665 reward -0.114 lr 2.34e-05 103.0 min, 0.46 s/step
  epoch 1/2 step 13350/40601 loss -0.2672 ce 0.6127 reward 0.051 lr 2.34e-05 103.4 min, 0.46 s/step
  epoch 1/2 step 13400/40601 loss -0.0595 ce 0.3947 reward 0.218 lr 2.34e-05 103.7 min, 0.46 s/step
  epoch 1/2 step 13450/40601 loss 0.8371 ce 1.0655 reward -0.580 lr 2.34e-05 104.1 min, 0.46 s/step
  epoch 1/2 step 13500/40601 loss 0.0262 ce 0.4328 reward 0.169 lr 2.34e-05 104.5 min, 0.46 s/step
  epoch 1/2 step 13550/40601 loss -0.2097 ce 0.6123 reward 0.054 lr 2.34e-05 104.8 min, 0.46 s/step
  epoch 1/2 step 13600/40601 loss 0.9162 ce 0.9644 reward -0.400 lr 2.34e-05 105.3 min, 0.46 s/step
  epoch 1/2 step 13650/40601 loss -0.5524 ce 0.3763 reward 0.308 lr 2.34e-05 105.5 min, 0.46 s/step
  epoch 1/2 step 13700/40601 loss 0.5380 ce 0.7705 reward -0.360 lr 2.34e-05 105.9 min, 0.46 s/step
  epoch 1/2 step 13750/40601 loss 0.1406 ce 0.3999 reward 0.260 lr 2.33e-05 106.2 min, 0.46 s/step
  epoch 1/2 step 13800/40601 loss 0.4547 ce 0.5556 reward 0.008 lr 2.33e-05 106.6 min, 0.46 s/step
  epoch 1/2 step 13850/40601 loss 0.6227 ce 0.6058 reward -0.035 lr 2.33e-05 107.0 min, 0.46 s/step
  epoch 1/2 step 13900/40601 loss 0.9432 ce 0.8347 reward -0.301 lr 2.33e-05 107.4 min, 0.46 s/step
  epoch 1/2 step 13950/40601 loss 0.0813 ce 0.5627 reward 0.030 lr 2.33e-05 107.8 min, 0.46 s/step
  epoch 1/2 step 14000/40601 loss 0.1512 ce 0.3855 reward 0.257 lr 2.33e-05 108.2 min, 0.46 s/step
  epoch 1/2 step 14050/40601 loss 0.2288 ce 0.4598 reward 0.145 lr 2.33e-05 108.6 min, 0.46 s/step
  epoch 1/2 step 14100/40601 loss 0.1778 ce 0.4944 reward 0.147 lr 2.33e-05 109.1 min, 0.46 s/step
  epoch 1/2 step 14150/40601 loss 0.6064 ce 0.3431 reward 0.359 lr 2.32e-05 109.5 min, 0.46 s/step
  epoch 1/2 step 14200/40601 loss 0.1203 ce 0.3762 reward 0.249 lr 2.32e-05 109.9 min, 0.46 s/step
  epoch 1/2 step 14250/40601 loss 0.1926 ce 0.4472 reward 0.213 lr 2.32e-05 110.3 min, 0.46 s/step
  epoch 1/2 step 14300/40601 loss 0.0983 ce 0.2681 reward 0.423 lr 2.32e-05 110.7 min, 0.46 s/step
  epoch 1/2 step 14350/40601 loss -0.2350 ce 0.3919 reward 0.285 lr 2.32e-05 111.0 min, 0.46 s/step
  epoch 1/2 step 14400/40601 loss -0.0942 ce 0.6232 reward 0.041 lr 2.32e-05 111.4 min, 0.46 s/step
  epoch 1/2 step 14450/40601 loss 1.5214 ce 0.9142 reward -0.289 lr 2.32e-05 111.7 min, 0.46 s/step
  epoch 1/2 step 14500/40601 loss 0.5658 ce 0.7827 reward -0.258 lr 2.32e-05 112.1 min, 0.46 s/step
  epoch 1/2 step 14550/40601 loss 0.1650 ce 0.6119 reward 0.053 lr 2.31e-05 112.6 min, 0.46 s/step
  epoch 1/2 step 14600/40601 loss 0.3554 ce 0.7012 reward -0.148 lr 2.31e-05 113.0 min, 0.46 s/step
  epoch 1/2 step 14650/40601 loss -0.1189 ce 0.3911 reward 0.289 lr 2.31e-05 113.3 min, 0.46 s/step
  epoch 1/2 step 14700/40601 loss 0.1737 ce 0.6158 reward 0.050 lr 2.31e-05 113.7 min, 0.46 s/step
  epoch 1/2 step 14750/40601 loss -1.2862 ce 0.6781 reward -0.027 lr 2.31e-05 114.2 min, 0.46 s/step
  epoch 1/2 step 14800/40601 loss 0.3625 ce 0.6385 reward -0.099 lr 2.31e-05 114.6 min, 0.46 s/step
  epoch 1/2 step 14850/40601 loss 0.5854 ce 0.7081 reward -0.218 lr 2.31e-05 114.9 min, 0.46 s/step
  epoch 1/2 step 14900/40601 loss 0.6496 ce 0.8167 reward -0.317 lr 2.31e-05 115.3 min, 0.46 s/step
  epoch 1/2 step 14950/40601 loss 0.4394 ce 0.7269 reward -0.195 lr 2.30e-05 115.7 min, 0.46 s/step
  epoch 1/2 step 15000/40601 loss -0.1859 ce 0.4046 reward 0.207 lr 2.30e-05 116.2 min, 0.46 s/step
  epoch 1/2 step 15050/40601 loss 0.3128 ce 0.4617 reward 0.201 lr 2.30e-05 116.6 min, 0.46 s/step
  epoch 1/2 step 15100/40601 loss 0.2039 ce 0.3571 reward 0.298 lr 2.30e-05 116.9 min, 0.46 s/step
  epoch 1/2 step 15150/40601 loss 0.3089 ce 0.5760 reward -0.048 lr 2.30e-05 117.3 min, 0.46 s/step
  epoch 1/2 step 15200/40601 loss -0.6488 ce 0.6121 reward 0.054 lr 2.30e-05 117.6 min, 0.46 s/step
  epoch 1/2 step 15250/40601 loss 0.8666 ce 0.6237 reward 0.036 lr 2.30e-05 118.0 min, 0.46 s/step
  epoch 1/2 step 15300/40601 loss 0.1506 ce 0.4833 reward 0.108 lr 2.30e-05 118.4 min, 0.46 s/step
  epoch 1/2 step 15350/40601 loss 0.4638 ce 0.5907 reward 0.017 lr 2.29e-05 118.7 min, 0.46 s/step
  epoch 1/2 step 15400/40601 loss -0.6261 ce 0.6154 reward 0.051 lr 2.29e-05 119.1 min, 0.46 s/step
  epoch 1/2 step 15450/40601 loss -0.0446 ce 0.6127 reward 0.053 lr 2.29e-05 119.5 min, 0.46 s/step
  epoch 1/2 step 15500/40601 loss 0.1083 ce 0.4728 reward 0.103 lr 2.29e-05 119.9 min, 0.46 s/step
  epoch 1/2 step 15550/40601 loss 0.3980 ce 0.6525 reward -0.121 lr 2.29e-05 120.3 min, 0.46 s/step
  epoch 1/2 step 15600/40601 loss 0.7303 ce 0.6745 reward -0.121 lr 2.29e-05 120.7 min, 0.46 s/step
  epoch 1/2 step 15650/40601 loss 0.1010 ce 0.7308 reward -0.198 lr 2.29e-05 121.1 min, 0.46 s/step
  epoch 1/2 step 15700/40601 loss 0.3110 ce 0.7962 reward -0.241 lr 2.29e-05 121.4 min, 0.46 s/step
  epoch 1/2 step 15750/40601 loss 0.4922 ce 0.4784 reward 0.150 lr 2.28e-05 121.8 min, 0.46 s/step
  epoch 1/2 step 15800/40601 loss 0.1227 ce 0.5344 reward 0.035 lr 2.28e-05 122.2 min, 0.46 s/step
  epoch 1/2 step 15850/40601 loss 0.5683 ce 0.5824 reward -0.010 lr 2.28e-05 122.5 min, 0.46 s/step
  epoch 1/2 step 15900/40601 loss 0.6184 ce 0.6069 reward 0.060 lr 2.28e-05 122.8 min, 0.46 s/step
  epoch 1/2 step 15950/40601 loss 0.3855 ce 0.6212 reward -0.079 lr 2.28e-05 123.3 min, 0.46 s/step
  epoch 1/2 step 16000/40601 loss 1.3711 ce 0.9895 reward -0.440 lr 2.28e-05 123.6 min, 0.46 s/step
  epoch 1/2 step 16050/40601 loss -0.0591 ce 0.1899 reward 0.521 lr 2.28e-05 124.0 min, 0.46 s/step
  epoch 1/2 step 16100/40601 loss 0.9401 ce 0.8906 reward -0.326 lr 2.27e-05 124.4 min, 0.46 s/step
  epoch 1/2 step 16150/40601 loss -0.1877 ce 0.7540 reward -0.263 lr 2.27e-05 124.7 min, 0.46 s/step
  epoch 1/2 step 16200/40601 loss 0.2727 ce 0.4254 reward 0.187 lr 2.27e-05 125.1 min, 0.46 s/step
  epoch 1/2 step 16250/40601 loss -0.2479 ce 0.2691 reward 0.401 lr 2.27e-05 125.5 min, 0.46 s/step
  epoch 1/2 step 16300/40601 loss 0.0103 ce 0.4755 reward 0.149 lr 2.27e-05 125.8 min, 0.46 s/step
  epoch 1/2 step 16350/40601 loss 0.2084 ce 0.5599 reward 0.004 lr 2.27e-05 126.2 min, 0.46 s/step
  epoch 1/2 step 16400/40601 loss 0.3841 ce 0.4610 reward 0.159 lr 2.27e-05 126.6 min, 0.46 s/step
  epoch 1/2 step 16450/40601 loss 0.5055 ce 0.4939 reward 0.131 lr 2.27e-05 127.0 min, 0.46 s/step
  epoch 1/2 step 16500/40601 loss 0.1084 ce 0.3654 reward 0.281 lr 2.26e-05 127.4 min, 0.46 s/step
  epoch 1/2 step 16550/40601 loss -1.4248 ce 0.6719 reward -0.016 lr 2.26e-05 127.8 min, 0.46 s/step
  epoch 1/2 step 16600/40601 loss 0.1473 ce 0.6625 reward -0.141 lr 2.26e-05 128.1 min, 0.46 s/step
  epoch 1/2 step 16650/40601 loss 0.2435 ce 0.3328 reward 0.327 lr 2.26e-05 128.5 min, 0.46 s/step
  epoch 1/2 step 16700/40601 loss 0.6233 ce 0.6578 reward -0.092 lr 2.26e-05 128.8 min, 0.46 s/step
  epoch 1/2 step 16750/40601 loss 0.1415 ce 0.4257 reward 0.200 lr 2.26e-05 129.2 min, 0.46 s/step
  epoch 1/2 step 16800/40601 loss -0.1090 ce 0.3792 reward 0.311 lr 2.26e-05 129.6 min, 0.46 s/step
  epoch 1/2 step 16850/40601 loss 0.6382 ce 0.4767 reward 0.114 lr 2.25e-05 129.9 min, 0.46 s/step
  epoch 1/2 step 16900/40601 loss 0.4993 ce 0.5878 reward -0.045 lr 2.25e-05 130.3 min, 0.46 s/step
  epoch 1/2 step 16950/40601 loss 0.2921 ce 0.5659 reward 0.005 lr 2.25e-05 130.6 min, 0.46 s/step
  epoch 1/2 step 17000/40601 loss 0.3246 ce 0.5686 reward 0.104 lr 2.25e-05 131.0 min, 0.46 s/step
  epoch 1/2 step 17050/40601 loss 0.1750 ce 0.4950 reward 0.124 lr 2.25e-05 131.4 min, 0.46 s/step
  epoch 1/2 step 17100/40601 loss -0.1773 ce 0.4443 reward 0.154 lr 2.25e-05 131.8 min, 0.46 s/step
  epoch 1/2 step 17150/40601 loss 0.3465 ce 0.4809 reward 0.160 lr 2.25e-05 132.2 min, 0.46 s/step
  epoch 1/2 step 17200/40601 loss 0.5061 ce 0.7271 reward -0.239 lr 2.24e-05 132.6 min, 0.46 s/step
  epoch 1/2 step 17250/40601 loss -0.0479 ce 0.3752 reward 0.293 lr 2.24e-05 132.9 min, 0.46 s/step
  epoch 1/2 step 17300/40601 loss -0.4369 ce 0.4560 reward 0.139 lr 2.24e-05 133.3 min, 0.46 s/step
  epoch 1/2 step 17350/40601 loss 0.5493 ce 0.8745 reward -0.408 lr 2.24e-05 133.7 min, 0.46 s/step
  epoch 1/2 step 17400/40601 loss 0.0217 ce 0.6551 reward -0.152 lr 2.24e-05 134.1 min, 0.46 s/step
  epoch 1/2 step 17450/40601 loss -0.2722 ce 0.6075 reward 0.059 lr 2.24e-05 134.5 min, 0.46 s/step
  epoch 1/2 step 17500/40601 loss -0.4232 ce 0.4462 reward 0.182 lr 2.24e-05 135.0 min, 0.46 s/step
  epoch 1/2 step 17550/40601 loss 0.7693 ce 0.8518 reward -0.342 lr 2.23e-05 135.3 min, 0.46 s/step
  epoch 1/2 step 17600/40601 loss 0.3462 ce 0.4015 reward 0.231 lr 2.23e-05 135.8 min, 0.46 s/step
  epoch 1/2 step 17650/40601 loss 0.2871 ce 0.4553 reward 0.164 lr 2.23e-05 136.2 min, 0.46 s/step
  epoch 1/2 step 17700/40601 loss 0.3089 ce 0.4325 reward 0.187 lr 2.23e-05 136.6 min, 0.46 s/step
  epoch 1/2 step 17750/40601 loss -2.0487 ce 0.6210 reward 0.046 lr 2.23e-05 136.9 min, 0.46 s/step
  epoch 1/2 step 17800/40601 loss -0.2104 ce 0.3883 reward 0.287 lr 2.23e-05 137.3 min, 0.46 s/step
  epoch 1/2 step 17850/40601 loss 0.5734 ce 0.5430 reward 0.092 lr 2.23e-05 137.6 min, 0.46 s/step
  epoch 1/2 step 17900/40601 loss 0.2000 ce 0.4243 reward 0.220 lr 2.22e-05 138.1 min, 0.46 s/step
  epoch 1/2 step 17950/40601 loss 1.6478 ce 0.8404 reward -0.235 lr 2.22e-05 138.4 min, 0.46 s/step
  epoch 1/2 step 18000/40601 loss -0.5343 ce 0.6333 reward 0.034 lr 2.22e-05 138.9 min, 0.46 s/step
  epoch 1/2 step 18050/40601 loss 0.6488 ce 0.8518 reward -0.418 lr 2.22e-05 139.3 min, 0.46 s/step
  epoch 1/2 step 18100/40601 loss 0.7254 ce 0.4142 reward 0.250 lr 2.22e-05 139.7 min, 0.46 s/step
  epoch 1/2 step 18150/40601 loss -0.0500 ce 0.4805 reward 0.137 lr 2.22e-05 140.0 min, 0.46 s/step
  epoch 1/2 step 18200/40601 loss 0.1719 ce 0.4632 reward 0.143 lr 2.21e-05 140.4 min, 0.46 s/step
  epoch 1/2 step 18250/40601 loss 0.3801 ce 0.5947 reward 0.012 lr 2.21e-05 140.7 min, 0.46 s/step
  epoch 1/2 step 18300/40601 loss -0.8664 ce 0.6096 reward 0.056 lr 2.21e-05 141.2 min, 0.46 s/step
  epoch 1/2 step 18350/40601 loss -0.3526 ce 0.6082 reward 0.055 lr 2.21e-05 141.5 min, 0.46 s/step
  epoch 1/2 step 18400/40601 loss 0.1169 ce 0.5548 reward 0.048 lr 2.21e-05 142.0 min, 0.46 s/step
  epoch 1/2 step 18450/40601 loss 0.7115 ce 0.6086 reward -0.032 lr 2.21e-05 142.4 min, 0.46 s/step
  epoch 1/2 step 18500/40601 loss 0.1546 ce 0.4286 reward 0.234 lr 2.21e-05 142.8 min, 0.46 s/step
  epoch 1/2 step 18550/40601 loss 1.0996 ce 1.0098 reward -0.444 lr 2.20e-05 143.2 min, 0.46 s/step
  epoch 1/2 step 18600/40601 loss -0.8092 ce 0.6953 reward -0.078 lr 2.20e-05 143.6 min, 0.46 s/step
  epoch 1/2 step 18650/40601 loss -0.0501 ce 0.2063 reward 0.493 lr 2.20e-05 143.9 min, 0.46 s/step
  epoch 1/2 step 18700/40601 loss 0.1562 ce 0.3889 reward 0.240 lr 2.20e-05 144.4 min, 0.46 s/step
  epoch 1/2 step 18750/40601 loss 0.4284 ce 0.5232 reward 0.053 lr 2.20e-05 144.8 min, 0.46 s/step
  epoch 1/2 step 18800/40601 loss 0.1198 ce 0.4642 reward 0.103 lr 2.20e-05 145.2 min, 0.46 s/step
  epoch 1/2 step 18850/40601 loss -0.1814 ce 0.3592 reward 0.325 lr 2.19e-05 145.6 min, 0.46 s/step
  epoch 1/2 step 18900/40601 loss 0.8066 ce 0.7549 reward -0.195 lr 2.19e-05 146.0 min, 0.46 s/step
  epoch 1/2 step 18950/40601 loss 0.2450 ce 0.4278 reward 0.223 lr 2.19e-05 146.3 min, 0.46 s/step
  epoch 1/2 step 19000/40601 loss -0.0578 ce 0.4018 reward 0.186 lr 2.19e-05 146.7 min, 0.46 s/step
  epoch 1/2 step 19050/40601 loss -0.3086 ce 0.3899 reward 0.291 lr 2.19e-05 147.1 min, 0.46 s/step
  epoch 1/2 step 19100/40601 loss -0.2248 ce 0.6065 reward 0.058 lr 2.19e-05 147.5 min, 0.46 s/step
  epoch 1/2 step 19150/40601 loss -0.2118 ce 0.4136 reward 0.265 lr 2.19e-05 147.8 min, 0.46 s/step
  epoch 1/2 step 19200/40601 loss 0.3251 ce 0.6076 reward 0.054 lr 2.18e-05 148.3 min, 0.46 s/step
  epoch 1/2 step 19250/40601 loss 0.0406 ce 0.6164 reward 0.044 lr 2.18e-05 148.6 min, 0.46 s/step
  epoch 1/2 step 19300/40601 loss 0.2420 ce 0.3807 reward 0.235 lr 2.18e-05 149.0 min, 0.46 s/step
  epoch 1/2 step 19350/40601 loss -0.4754 ce 0.6167 reward 0.049 lr 2.18e-05 149.4 min, 0.46 s/step
  epoch 1/2 step 19400/40601 loss 0.1261 ce 0.7166 reward -0.222 lr 2.18e-05 149.7 min, 0.46 s/step
  epoch 1/2 step 19450/40601 loss -0.0353 ce 0.7108 reward -0.141 lr 2.18e-05 150.1 min, 0.46 s/step
  epoch 1/2 step 19500/40601 loss 0.2238 ce 0.4600 reward 0.146 lr 2.17e-05 150.4 min, 0.46 s/step
  epoch 1/2 step 19550/40601 loss -0.4242 ce 0.3181 reward 0.339 lr 2.17e-05 150.8 min, 0.46 s/step
  epoch 1/2 step 19600/40601 loss 0.3075 ce 0.4117 reward 0.198 lr 2.17e-05 151.1 min, 0.46 s/step
  epoch 1/2 step 19650/40601 loss 1.0149 ce 0.6102 reward 0.055 lr 2.17e-05 151.6 min, 0.46 s/step
  epoch 1/2 step 19700/40601 loss 1.6771 ce 1.2626 reward -0.713 lr 2.17e-05 152.0 min, 0.46 s/step
  epoch 1/2 step 19750/40601 loss 0.2785 ce 0.4219 reward 0.182 lr 2.17e-05 152.3 min, 0.46 s/step
  epoch 1/2 step 19800/40601 loss -0.0316 ce 0.6168 reward 0.045 lr 2.16e-05 152.7 min, 0.46 s/step
  epoch 1/2 step 19850/40601 loss 0.8507 ce 0.7409 reward -0.187 lr 2.16e-05 153.1 min, 0.46 s/step
  epoch 1/2 step 19900/40601 loss 0.7487 ce 0.5887 reward -0.019 lr 2.16e-05 153.5 min, 0.46 s/step
  epoch 1/2 step 19950/40601 loss 0.8006 ce 0.7281 reward -0.253 lr 2.16e-05 154.0 min, 0.46 s/step
  epoch 1/2 step 20000/40601 loss -0.7944 ce 0.6059 reward 0.059 lr 2.16e-05 154.3 min, 0.46 s/step
  epoch 1/2 step 20050/40601 loss 0.8451 ce 0.8829 reward -0.361 lr 2.16e-05 154.6 min, 0.46 s/step
  epoch 1/2 step 20100/40601 loss 0.4062 ce 0.7172 reward -0.152 lr 2.16e-05 155.0 min, 0.46 s/step
  epoch 1/2 step 20150/40601 loss 0.5417 ce 0.6985 reward -0.185 lr 2.15e-05 155.5 min, 0.46 s/step
  epoch 1/2 step 20200/40601 loss 0.4852 ce 0.5884 reward 0.008 lr 2.15e-05 155.9 min, 0.46 s/step
  epoch 1/2 step 20250/40601 loss 0.5348 ce 0.5085 reward 0.010 lr 2.15e-05 156.3 min, 0.46 s/step
  epoch 1/2 step 20300/40601 loss -0.9363 ce 0.6126 reward 0.052 lr 2.15e-05 156.6 min, 0.46 s/step
  epoch 1/2 step 20350/40601 loss 0.4791 ce 0.5159 reward 0.133 lr 2.15e-05 157.0 min, 0.46 s/step
  epoch 1/2 step 20400/40601 loss -0.0170 ce 0.4322 reward 0.216 lr 2.15e-05 157.4 min, 0.46 s/step
  epoch 1/2 step 20450/40601 loss -1.1162 ce 0.6146 reward 0.052 lr 2.14e-05 157.8 min, 0.46 s/step
  epoch 1/2 step 20500/40601 loss -2.0336 ce 0.6774 reward -0.014 lr 2.14e-05 158.3 min, 0.46 s/step
  epoch 1/2 step 20550/40601 loss -0.8886 ce 0.6064 reward 0.059 lr 2.14e-05 158.7 min, 0.46 s/step
  epoch 1/2 step 20600/40601 loss 0.2380 ce 0.4230 reward 0.204 lr 2.14e-05 159.0 min, 0.46 s/step
  epoch 1/2 step 20650/40601 loss 0.1259 ce 0.5281 reward 0.080 lr 2.14e-05 159.4 min, 0.46 s/step
  epoch 1/2 step 20700/40601 loss 0.6806 ce 0.7250 reward -0.252 lr 2.14e-05 159.7 min, 0.46 s/step
  epoch 1/2 step 20750/40601 loss -0.2373 ce 0.3885 reward 0.177 lr 2.13e-05 160.1 min, 0.46 s/step
  epoch 1/2 step 20800/40601 loss -0.3256 ce 0.6164 reward 0.047 lr 2.13e-05 160.5 min, 0.46 s/step
  epoch 1/2 step 20850/40601 loss 0.9590 ce 0.8966 reward -0.376 lr 2.13e-05 160.8 min, 0.46 s/step
  epoch 1/2 step 20900/40601 loss 0.4009 ce 0.8899 reward -0.361 lr 2.13e-05 161.2 min, 0.46 s/step
  epoch 1/2 step 20950/40601 loss -0.1691 ce 0.2105 reward 0.490 lr 2.13e-05 161.5 min, 0.46 s/step
  epoch 1/2 step 21000/40601 loss 0.0591 ce 0.6324 reward 0.031 lr 2.13e-05 161.9 min, 0.46 s/step
  epoch 1/2 step 21050/40601 loss 0.0416 ce 0.7016 reward -0.219 lr 2.12e-05 162.2 min, 0.46 s/step
  epoch 1/2 step 21100/40601 loss -0.5521 ce 0.6060 reward 0.059 lr 2.12e-05 162.6 min, 0.46 s/step
  epoch 1/2 step 21150/40601 loss -0.3745 ce 0.3895 reward 0.281 lr 2.12e-05 163.1 min, 0.46 s/step
  epoch 1/2 step 21200/40601 loss -0.4838 ce 0.4574 reward 0.092 lr 2.12e-05 163.5 min, 0.46 s/step
  epoch 1/2 step 21250/40601 loss 1.0346 ce 0.8032 reward -0.259 lr 2.12e-05 163.9 min, 0.46 s/step
  epoch 1/2 step 21300/40601 loss 0.0649 ce 0.5291 reward 0.078 lr 2.12e-05 164.2 min, 0.46 s/step
  epoch 1/2 step 21350/40601 loss 0.0810 ce 0.6636 reward -0.112 lr 2.11e-05 164.7 min, 0.46 s/step
  epoch 1/2 step 21400/40601 loss -0.0051 ce 0.3902 reward 0.287 lr 2.11e-05 165.0 min, 0.46 s/step
  epoch 1/2 step 21450/40601 loss 0.2749 ce 0.5494 reward 0.026 lr 2.11e-05 165.4 min, 0.46 s/step
  epoch 1/2 step 21500/40601 loss 0.4129 ce 0.3309 reward 0.349 lr 2.11e-05 165.8 min, 0.46 s/step
  epoch 1/2 step 21550/40601 loss 0.4947 ce 0.4895 reward 0.120 lr 2.11e-05 166.3 min, 0.46 s/step
  epoch 1/2 step 21600/40601 loss 0.5646 ce 0.4796 reward 0.174 lr 2.10e-05 166.7 min, 0.46 s/step
  epoch 1/2 step 21650/40601 loss 0.0906 ce 0.1726 reward 0.533 lr 2.10e-05 167.1 min, 0.46 s/step
  epoch 1/2 step 21700/40601 loss -1.7372 ce 0.6787 reward -0.014 lr 2.10e-05 167.5 min, 0.46 s/step
  epoch 1/2 step 21750/40601 loss 1.2699 ce 1.0375 reward -0.444 lr 2.10e-05 167.8 min, 0.46 s/step
  epoch 1/2 step 21800/40601 loss -0.3006 ce 0.4252 reward 0.171 lr 2.10e-05 168.3 min, 0.46 s/step
  epoch 1/2 step 21850/40601 loss 0.4064 ce 0.5952 reward 0.006 lr 2.10e-05 168.6 min, 0.46 s/step
  epoch 1/2 step 21900/40601 loss 0.4584 ce 0.7291 reward -0.125 lr 2.09e-05 169.0 min, 0.46 s/step
  epoch 1/2 step 21950/40601 loss 0.8457 ce 0.6723 reward -0.009 lr 2.09e-05 169.3 min, 0.46 s/step
  epoch 1/2 step 22000/40601 loss -0.0464 ce 0.3759 reward 0.249 lr 2.09e-05 169.8 min, 0.46 s/step
  epoch 1/2 step 22050/40601 loss 0.0646 ce 0.5513 reward 0.050 lr 2.09e-05 170.2 min, 0.46 s/step
  epoch 1/2 step 22100/40601 loss 0.1300 ce 0.4358 reward 0.191 lr 2.09e-05 170.5 min, 0.46 s/step
  epoch 1/2 step 22150/40601 loss 0.0874 ce 0.5158 reward 0.092 lr 2.09e-05 170.8 min, 0.46 s/step
  epoch 1/2 step 22200/40601 loss 1.3507 ce 1.1610 reward -0.624 lr 2.08e-05 171.2 min, 0.46 s/step
  epoch 1/2 step 22250/40601 loss 0.4554 ce 0.6166 reward -0.065 lr 2.08e-05 171.5 min, 0.46 s/step
  epoch 1/2 step 22300/40601 loss 0.0783 ce 0.4035 reward 0.211 lr 2.08e-05 171.9 min, 0.46 s/step
  epoch 1/2 step 22350/40601 loss 0.1093 ce 0.4940 reward 0.057 lr 2.08e-05 172.3 min, 0.46 s/step
  epoch 1/2 step 22400/40601 loss -0.0358 ce 0.5554 reward 0.113 lr 2.08e-05 172.8 min, 0.46 s/step
  epoch 1/2 step 22450/40601 loss -0.2544 ce 0.1756 reward 0.532 lr 2.08e-05 173.2 min, 0.46 s/step
  epoch 1/2 step 22500/40601 loss 0.6494 ce 0.6520 reward -0.060 lr 2.07e-05 173.6 min, 0.46 s/step
  epoch 1/2 step 22550/40601 loss -0.6695 ce 0.6454 reward 0.015 lr 2.07e-05 174.0 min, 0.46 s/step
  epoch 1/2 step 22600/40601 loss -0.6268 ce 0.3921 reward 0.286 lr 2.07e-05 174.3 min, 0.46 s/step
  epoch 1/2 step 22650/40601 loss 0.5526 ce 0.4803 reward 0.139 lr 2.07e-05 174.7 min, 0.46 s/step
  epoch 1/2 step 22700/40601 loss -0.7981 ce 0.5859 reward 0.075 lr 2.07e-05 175.1 min, 0.46 s/step
  epoch 1/2 step 22750/40601 loss -0.7101 ce 0.4164 reward 0.176 lr 2.06e-05 175.4 min, 0.46 s/step
  epoch 1/2 step 22800/40601 loss 0.1374 ce 0.6966 reward -0.169 lr 2.06e-05 175.8 min, 0.46 s/step
  epoch 1/2 step 22850/40601 loss 0.6716 ce 0.9223 reward -0.455 lr 2.06e-05 176.2 min, 0.46 s/step
  epoch 1/2 step 22900/40601 loss 0.5435 ce 0.7711 reward -0.306 lr 2.06e-05 176.6 min, 0.46 s/step
  epoch 1/2 step 22950/40601 loss 0.9825 ce 0.8412 reward -0.248 lr 2.06e-05 176.9 min, 0.46 s/step
  epoch 1/2 step 23000/40601 loss -0.0880 ce 0.3575 reward 0.324 lr 2.06e-05 177.3 min, 0.46 s/step
  epoch 1/2 step 23050/40601 loss -0.4154 ce 0.2611 reward 0.457 lr 2.05e-05 177.6 min, 0.46 s/step
  epoch 1/2 step 23100/40601 loss 0.6235 ce 0.6759 reward -0.068 lr 2.05e-05 178.1 min, 0.46 s/step
  epoch 1/2 step 23150/40601 loss 0.1748 ce 0.4323 reward 0.224 lr 2.05e-05 178.4 min, 0.46 s/step
  epoch 1/2 step 23200/40601 loss 0.0583 ce 0.3689 reward 0.249 lr 2.05e-05 178.8 min, 0.46 s/step
  epoch 1/2 step 23250/40601 loss -0.0769 ce 0.4166 reward 0.207 lr 2.05e-05 179.2 min, 0.46 s/step
  epoch 1/2 step 23300/40601 loss -0.4052 ce 0.3637 reward 0.260 lr 2.04e-05 179.5 min, 0.46 s/step
  epoch 1/2 step 23350/40601 loss 0.1299 ce 0.6784 reward -0.014 lr 2.04e-05 179.9 min, 0.46 s/step
  epoch 1/2 step 23400/40601 loss 0.6725 ce 0.6414 reward -0.043 lr 2.04e-05 180.3 min, 0.46 s/step
  epoch 1/2 step 23450/40601 loss -0.6486 ce 0.5824 reward 0.088 lr 2.04e-05 180.7 min, 0.46 s/step
  epoch 1/2 step 23500/40601 loss 0.6746 ce 0.7270 reward -0.200 lr 2.04e-05 181.2 min, 0.46 s/step
  epoch 1/2 step 23550/40601 loss 0.9846 ce 0.7893 reward -0.171 lr 2.04e-05 181.5 min, 0.46 s/step
  epoch 1/2 step 23600/40601 loss 0.9759 ce 0.9207 reward -0.398 lr 2.03e-05 182.0 min, 0.46 s/step
  epoch 1/2 step 23650/40601 loss -0.7757 ce 0.2458 reward 0.454 lr 2.03e-05 182.3 min, 0.46 s/step
  epoch 1/2 step 23700/40601 loss -0.2250 ce 0.6093 reward 0.048 lr 2.03e-05 182.7 min, 0.46 s/step
  epoch 1/2 step 23750/40601 loss 0.2353 ce 0.5663 reward 0.032 lr 2.03e-05 183.1 min, 0.46 s/step
  epoch 1/2 step 23800/40601 loss 0.0365 ce 0.3365 reward 0.317 lr 2.03e-05 183.5 min, 0.46 s/step
  epoch 1/2 step 23850/40601 loss 0.2949 ce 0.7970 reward -0.263 lr 2.02e-05 183.9 min, 0.46 s/step
  epoch 1/2 step 23900/40601 loss 0.2970 ce 0.3528 reward 0.314 lr 2.02e-05 184.2 min, 0.46 s/step
  epoch 1/2 step 23950/40601 loss 0.5219 ce 0.8426 reward -0.317 lr 2.02e-05 184.6 min, 0.46 s/step
  epoch 1/2 step 24000/40601 loss -0.1509 ce 0.6089 reward 0.053 lr 2.02e-05 185.0 min, 0.46 s/step
  epoch 1/2 step 24050/40601 loss -0.4572 ce 0.2132 reward 0.486 lr 2.02e-05 185.3 min, 0.46 s/step
  epoch 1/2 step 24100/40601 loss -0.9214 ce 0.6092 reward 0.059 lr 2.02e-05 185.8 min, 0.46 s/step
  epoch 1/2 step 24150/40601 loss 0.1384 ce 0.3861 reward 0.252 lr 2.01e-05 186.1 min, 0.46 s/step
  epoch 1/2 step 24200/40601 loss 0.3498 ce 0.5393 reward 0.028 lr 2.01e-05 186.5 min, 0.46 s/step
  epoch 1/2 step 24250/40601 loss 0.3583 ce 0.3781 reward 0.261 lr 2.01e-05 186.8 min, 0.46 s/step
  epoch 1/2 step 24300/40601 loss 0.1511 ce 0.4838 reward 0.100 lr 2.01e-05 187.3 min, 0.46 s/step
  epoch 1/2 step 24350/40601 loss 1.1411 ce 0.8134 reward -0.257 lr 2.01e-05 187.6 min, 0.46 s/step
  epoch 1/2 step 24400/40601 loss -0.2398 ce 0.3813 reward 0.298 lr 2.00e-05 188.0 min, 0.46 s/step
  epoch 1/2 step 24450/40601 loss -0.0825 ce 0.4807 reward 0.104 lr 2.00e-05 188.4 min, 0.46 s/step
  epoch 1/2 step 24500/40601 loss -0.1321 ce 0.4822 reward 0.118 lr 2.00e-05 188.7 min, 0.46 s/step
  epoch 1/2 step 24550/40601 loss -1.4940 ce 0.6072 reward 0.059 lr 2.00e-05 189.2 min, 0.46 s/step
  epoch 1/2 step 24600/40601 loss 0.9264 ce 0.8863 reward -0.346 lr 2.00e-05 189.6 min, 0.46 s/step
  epoch 1/2 step 24650/40601 loss 0.0069 ce 0.6112 reward 0.050 lr 1.99e-05 189.9 min, 0.46 s/step
  epoch 1/2 step 24700/40601 loss -0.1818 ce 0.3559 reward 0.291 lr 1.99e-05 190.3 min, 0.46 s/step
  epoch 1/2 step 24750/40601 loss 0.1756 ce 0.4135 reward 0.210 lr 1.99e-05 190.7 min, 0.46 s/step
  epoch 1/2 step 24800/40601 loss -0.0350 ce 0.6095 reward 0.055 lr 1.99e-05 191.1 min, 0.46 s/step
  epoch 1/2 step 24850/40601 loss 0.0076 ce 0.6102 reward -0.008 lr 1.99e-05 191.4 min, 0.46 s/step
  epoch 1/2 step 24900/40601 loss 0.2651 ce 0.6453 reward -0.063 lr 1.98e-05 191.9 min, 0.46 s/step
  epoch 1/2 step 24950/40601 loss -0.4523 ce 0.6122 reward 0.046 lr 1.98e-05 192.3 min, 0.46 s/step
  epoch 1/2 step 25000/40601 loss 0.1370 ce 0.3177 reward 0.342 lr 1.98e-05 192.6 min, 0.46 s/step
  epoch 1/2 step 25050/40601 loss 0.3791 ce 0.9223 reward -0.488 lr 1.98e-05 193.1 min, 0.46 s/step
  epoch 1/2 step 25100/40601 loss 1.2016 ce 0.5453 reward 0.078 lr 1.98e-05 193.4 min, 0.46 s/step
  epoch 1/2 step 25150/40601 loss 0.3624 ce 0.4438 reward 0.177 lr 1.98e-05 193.8 min, 0.46 s/step
  epoch 1/2 step 25200/40601 loss 0.6071 ce 0.5746 reward 0.061 lr 1.97e-05 194.2 min, 0.46 s/step
  epoch 1/2 step 25250/40601 loss 0.7190 ce 0.5442 reward 0.070 lr 1.97e-05 194.6 min, 0.46 s/step
  epoch 1/2 step 25300/40601 loss 0.2398 ce 0.4286 reward 0.217 lr 1.97e-05 195.0 min, 0.46 s/step
  epoch 1/2 step 25350/40601 loss -0.0799 ce 0.4009 reward 0.217 lr 1.97e-05 195.4 min, 0.46 s/step
  epoch 1/2 step 25400/40601 loss 0.4908 ce 0.5937 reward -0.016 lr 1.97e-05 195.9 min, 0.46 s/step
  epoch 1/2 step 25450/40601 loss 0.4905 ce 0.8514 reward -0.330 lr 1.96e-05 196.2 min, 0.46 s/step
  epoch 1/2 step 25500/40601 loss 0.3504 ce 0.5545 reward 0.027 lr 1.96e-05 196.6 min, 0.46 s/step
  epoch 1/2 step 25550/40601 loss 0.2662 ce 0.3553 reward 0.287 lr 1.96e-05 197.0 min, 0.46 s/step
  epoch 1/2 step 25600/40601 loss -0.1907 ce 0.4437 reward 0.207 lr 1.96e-05 197.3 min, 0.46 s/step
  epoch 1/2 step 25650/40601 loss -0.2259 ce 0.6089 reward 0.053 lr 1.96e-05 197.7 min, 0.46 s/step
  epoch 1/2 step 25700/40601 loss 0.2974 ce 0.7139 reward -0.147 lr 1.95e-05 198.2 min, 0.46 s/step
  epoch 1/2 step 25750/40601 loss 0.5170 ce 0.6089 reward 0.051 lr 1.95e-05 198.6 min, 0.46 s/step
  epoch 1/2 step 25800/40601 loss 0.3640 ce 0.5192 reward 0.072 lr 1.95e-05 199.0 min, 0.46 s/step
  epoch 1/2 step 25850/40601 loss 0.0075 ce 0.4723 reward 0.111 lr 1.95e-05 199.4 min, 0.46 s/step
  epoch 1/2 step 25900/40601 loss -1.3541 ce 0.6559 reward 0.011 lr 1.95e-05 199.8 min, 0.46 s/step
  epoch 1/2 step 25950/40601 loss -0.1077 ce 0.5681 reward -0.019 lr 1.94e-05 200.2 min, 0.46 s/step
  epoch 1/2 step 26000/40601 loss -1.4074 ce 0.5486 reward 0.122 lr 1.94e-05 200.6 min, 0.46 s/step
  epoch 1/2 step 26050/40601 loss 0.6535 ce 0.4682 reward 0.165 lr 1.94e-05 201.0 min, 0.46 s/step
  epoch 1/2 step 26100/40601 loss 0.4606 ce 0.6507 reward -0.161 lr 1.94e-05 201.3 min, 0.46 s/step
  epoch 1/2 step 26150/40601 loss 0.4060 ce 0.3014 reward 0.398 lr 1.94e-05 201.7 min, 0.46 s/step
  epoch 1/2 step 26200/40601 loss 0.2878 ce 0.3418 reward 0.315 lr 1.93e-05 202.1 min, 0.46 s/step
  epoch 1/2 step 26250/40601 loss 0.3629 ce 0.5114 reward 0.101 lr 1.93e-05 202.4 min, 0.46 s/step
  epoch 1/2 step 26300/40601 loss 0.1079 ce 0.5670 reward 0.017 lr 1.93e-05 202.9 min, 0.46 s/step
  epoch 1/2 step 26350/40601 loss 0.0816 ce 0.2844 reward 0.388 lr 1.93e-05 203.2 min, 0.46 s/step
  epoch 1/2 step 26400/40601 loss 0.4915 ce 0.5759 reward 0.058 lr 1.93e-05 203.6 min, 0.46 s/step
  epoch 1/2 step 26450/40601 loss 0.2550 ce 0.2750 reward 0.407 lr 1.92e-05 203.9 min, 0.46 s/step
  epoch 1/2 step 26500/40601 loss -0.2767 ce 0.6124 reward 0.055 lr 1.92e-05 204.3 min, 0.46 s/step
  epoch 1/2 step 26550/40601 loss 0.0898 ce 0.3378 reward 0.321 lr 1.92e-05 204.7 min, 0.46 s/step
  epoch 1/2 step 26600/40601 loss 0.9464 ce 0.6592 reward -0.008 lr 1.92e-05 205.1 min, 0.46 s/step
  epoch 1/2 step 26650/40601 loss 0.5865 ce 0.5009 reward 0.144 lr 1.92e-05 205.5 min, 0.46 s/step
  epoch 1/2 step 26700/40601 loss -0.3604 ce 0.3720 reward 0.246 lr 1.91e-05 205.8 min, 0.46 s/step
  epoch 1/2 step 26750/40601 loss -0.0832 ce 0.1896 reward 0.522 lr 1.91e-05 206.1 min, 0.46 s/step
  epoch 1/2 step 26800/40601 loss 0.2115 ce 0.6126 reward 0.051 lr 1.91e-05 206.5 min, 0.46 s/step
  epoch 1/2 step 26850/40601 loss 0.3707 ce 0.6001 reward -0.049 lr 1.91e-05 206.8 min, 0.46 s/step
  epoch 1/2 step 26900/40601 loss -0.0558 ce 0.1780 reward 0.534 lr 1.91e-05 207.2 min, 0.46 s/step
  epoch 1/2 step 26950/40601 loss 1.2735 ce 1.4750 reward -1.068 lr 1.90e-05 207.6 min, 0.46 s/step
  epoch 1/2 step 27000/40601 loss 0.5728 ce 0.3874 reward 0.261 lr 1.90e-05 207.9 min, 0.46 s/step
  epoch 1/2 step 27050/40601 loss -0.1087 ce 0.4951 reward 0.138 lr 1.90e-05 208.4 min, 0.46 s/step
  epoch 1/2 step 27100/40601 loss 0.2213 ce 0.6035 reward -0.041 lr 1.90e-05 208.8 min, 0.46 s/step
  epoch 1/2 step 27150/40601 loss 0.4615 ce 0.3547 reward 0.290 lr 1.90e-05 209.2 min, 0.46 s/step
  epoch 1/2 step 27200/40601 loss 1.0446 ce 1.1615 reward -0.568 lr 1.89e-05 209.6 min, 0.46 s/step
  epoch 1/2 step 27250/40601 loss -0.5532 ce 0.6536 reward 0.008 lr 1.89e-05 210.0 min, 0.46 s/step
  epoch 1/2 step 27300/40601 loss -0.1497 ce 0.3936 reward 0.283 lr 1.89e-05 210.4 min, 0.46 s/step
  epoch 1/2 step 27350/40601 loss 0.1945 ce 0.5025 reward 0.068 lr 1.89e-05 210.7 min, 0.46 s/step
  epoch 1/2 step 27400/40601 loss 0.1856 ce 0.3355 reward 0.348 lr 1.89e-05 211.1 min, 0.46 s/step
  epoch 1/2 step 27450/40601 loss -0.4013 ce 0.3458 reward 0.336 lr 1.88e-05 211.5 min, 0.46 s/step
  epoch 1/2 step 27500/40601 loss -0.3053 ce 0.6790 reward -0.013 lr 1.88e-05 211.8 min, 0.46 s/step
  epoch 1/2 step 27550/40601 loss -0.6477 ce 0.3928 reward 0.275 lr 1.88e-05 212.2 min, 0.46 s/step
  epoch 1/2 step 27600/40601 loss 0.2726 ce 0.6114 reward -0.028 lr 1.88e-05 212.5 min, 0.46 s/step
  epoch 1/2 step 27650/40601 loss 0.2440 ce 0.4384 reward 0.174 lr 1.88e-05 212.9 min, 0.46 s/step
  epoch 1/2 step 27700/40601 loss 0.7620 ce 0.5562 reward 0.089 lr 1.87e-05 213.2 min, 0.46 s/step
  epoch 1/2 step 27750/40601 loss -0.4988 ce 0.6198 reward 0.049 lr 1.87e-05 213.7 min, 0.46 s/step
  epoch 1/2 step 27800/40601 loss 0.0595 ce 0.5762 reward -0.018 lr 1.87e-05 214.1 min, 0.46 s/step
  epoch 1/2 step 27850/40601 loss 0.1666 ce 0.4003 reward 0.233 lr 1.87e-05 214.5 min, 0.46 s/step
  epoch 1/2 step 27900/40601 loss 0.0808 ce 0.6167 reward -0.074 lr 1.87e-05 214.9 min, 0.46 s/step
  epoch 1/2 step 27950/40601 loss 0.6478 ce 0.6785 reward -0.013 lr 1.86e-05 215.3 min, 0.46 s/step
  epoch 1/2 step 28000/40601 loss 0.1885 ce 0.6091 reward 0.049 lr 1.86e-05 215.8 min, 0.46 s/step
  epoch 1/2 step 28050/40601 loss 1.1657 ce 0.6655 reward -0.005 lr 1.86e-05 216.2 min, 0.46 s/step
  epoch 1/2 step 28100/40601 loss -0.1565 ce 0.6101 reward 0.054 lr 1.86e-05 216.6 min, 0.46 s/step
  epoch 1/2 step 28150/40601 loss -0.2128 ce 0.6149 reward -0.088 lr 1.86e-05 216.9 min, 0.46 s/step
  epoch 1/2 step 28200/40601 loss 0.0729 ce 0.4668 reward 0.153 lr 1.85e-05 217.3 min, 0.46 s/step
  epoch 1/2 step 28250/40601 loss -0.1667 ce 0.6157 reward 0.047 lr 1.85e-05 217.6 min, 0.46 s/step
  epoch 1/2 step 28300/40601 loss 0.2681 ce 0.2913 reward 0.391 lr 1.85e-05 218.0 min, 0.46 s/step
  epoch 1/2 step 28350/40601 loss 0.5766 ce 0.6840 reward -0.146 lr 1.85e-05 218.4 min, 0.46 s/step
  epoch 1/2 step 28400/40601 loss 0.3278 ce 0.4241 reward 0.196 lr 1.85e-05 218.8 min, 0.46 s/step
  epoch 1/2 step 28450/40601 loss -0.0156 ce 0.3750 reward 0.253 lr 1.84e-05 219.1 min, 0.46 s/step
  epoch 1/2 step 28500/40601 loss -0.5937 ce 0.5642 reward -0.055 lr 1.84e-05 219.5 min, 0.46 s/step
  epoch 1/2 step 28550/40601 loss 0.2227 ce 0.6335 reward 0.030 lr 1.84e-05 219.9 min, 0.46 s/step
  epoch 1/2 step 28600/40601 loss 0.9183 ce 0.6171 reward -0.022 lr 1.84e-05 220.2 min, 0.46 s/step
  epoch 1/2 step 28650/40601 loss 0.0741 ce 0.3763 reward 0.263 lr 1.84e-05 220.7 min, 0.46 s/step
  epoch 1/2 step 28700/40601 loss 0.4556 ce 0.7936 reward -0.374 lr 1.83e-05 221.0 min, 0.46 s/step
  epoch 1/2 step 28750/40601 loss -0.2330 ce 0.3834 reward 0.214 lr 1.83e-05 221.4 min, 0.46 s/step
  epoch 1/2 step 28800/40601 loss 0.4485 ce 0.6493 reward 0.014 lr 1.83e-05 221.7 min, 0.46 s/step
  epoch 1/2 step 28850/40601 loss 0.6265 ce 0.7031 reward -0.055 lr 1.83e-05 222.1 min, 0.46 s/step
  epoch 1/2 step 28900/40601 loss -0.6586 ce 0.6102 reward 0.054 lr 1.82e-05 222.6 min, 0.46 s/step
  epoch 1/2 step 28950/40601 loss 0.2944 ce 0.4960 reward 0.095 lr 1.82e-05 223.0 min, 0.46 s/step
  epoch 1/2 step 29000/40601 loss 0.2765 ce 0.6318 reward -0.100 lr 1.82e-05 223.4 min, 0.46 s/step
  epoch 1/2 step 29050/40601 loss 0.4611 ce 0.7107 reward -0.140 lr 1.82e-05 223.8 min, 0.46 s/step
  epoch 1/2 step 29100/40601 loss 0.1855 ce 0.4763 reward 0.161 lr 1.82e-05 224.1 min, 0.46 s/step
  epoch 1/2 step 29150/40601 loss 0.7168 ce 0.8857 reward -0.400 lr 1.81e-05 224.5 min, 0.46 s/step
  epoch 1/2 step 29200/40601 loss -1.0108 ce 0.6076 reward 0.054 lr 1.81e-05 224.8 min, 0.46 s/step
  epoch 1/2 step 29250/40601 loss 0.4395 ce 0.8184 reward -0.298 lr 1.81e-05 225.1 min, 0.46 s/step
  epoch 1/2 step 29300/40601 loss -0.4877 ce 0.5530 reward 0.121 lr 1.81e-05 225.5 min, 0.46 s/step
  epoch 1/2 step 29350/40601 loss -0.4812 ce 0.6218 reward 0.039 lr 1.81e-05 225.9 min, 0.46 s/step
  epoch 1/2 step 29400/40601 loss -0.2137 ce 0.3936 reward 0.287 lr 1.80e-05 226.3 min, 0.46 s/step
  epoch 1/2 step 29450/40601 loss -0.1244 ce 0.2656 reward 0.392 lr 1.80e-05 226.7 min, 0.46 s/step
  epoch 1/2 step 29500/40601 loss 0.3066 ce 0.5291 reward 0.076 lr 1.80e-05 227.1 min, 0.46 s/step
  epoch 1/2 step 29550/40601 loss -0.3113 ce 0.6091 reward 0.058 lr 1.80e-05 227.5 min, 0.46 s/step
  epoch 1/2 step 29600/40601 loss 0.2317 ce 0.3817 reward 0.274 lr 1.80e-05 227.9 min, 0.46 s/step
  epoch 1/2 step 29650/40601 loss -0.4738 ce 0.3903 reward 0.288 lr 1.79e-05 228.4 min, 0.46 s/step
  epoch 1/2 step 29700/40601 loss -0.1868 ce 0.7447 reward -0.182 lr 1.79e-05 228.8 min, 0.46 s/step
  epoch 1/2 step 29750/40601 loss -1.8189 ce 0.6098 reward 0.056 lr 1.79e-05 229.1 min, 0.46 s/step
  epoch 1/2 step 29800/40601 loss 0.1438 ce 0.6290 reward -0.056 lr 1.79e-05 229.6 min, 0.46 s/step
  epoch 1/2 step 29850/40601 loss 0.6279 ce 0.7966 reward -0.302 lr 1.78e-05 230.0 min, 0.46 s/step
  epoch 1/2 step 29900/40601 loss -0.1174 ce 0.6096 reward 0.053 lr 1.78e-05 230.4 min, 0.46 s/step
  epoch 1/2 step 29950/40601 loss 0.5448 ce 0.7040 reward -0.179 lr 1.78e-05 230.8 min, 0.46 s/step
  epoch 1/2 step 30000/40601 loss 0.4912 ce 0.5129 reward 0.135 lr 1.78e-05 231.3 min, 0.46 s/step
  epoch 1/2 step 30050/40601 loss 0.0814 ce 0.4514 reward 0.158 lr 1.78e-05 231.7 min, 0.46 s/step
  epoch 1/2 step 30100/40601 loss -0.5935 ce 0.3526 reward 0.334 lr 1.77e-05 232.1 min, 0.46 s/step
  epoch 1/2 step 30150/40601 loss 0.2919 ce 0.5026 reward 0.138 lr 1.77e-05 232.4 min, 0.46 s/step
  epoch 1/2 step 30200/40601 loss -0.0469 ce 0.6320 reward 0.031 lr 1.77e-05 232.8 min, 0.46 s/step
  epoch 1/2 step 30250/40601 loss -0.6722 ce 0.6063 reward 0.060 lr 1.77e-05 233.3 min, 0.46 s/step
  epoch 1/2 step 30300/40601 loss -0.0614 ce 0.2131 reward 0.482 lr 1.77e-05 233.7 min, 0.46 s/step
  epoch 1/2 step 30350/40601 loss 0.2754 ce 0.7264 reward -0.092 lr 1.76e-05 234.1 min, 0.46 s/step
  epoch 1/2 step 30400/40601 loss 0.5246 ce 0.4985 reward 0.186 lr 1.76e-05 234.4 min, 0.46 s/step
  epoch 1/2 step 30450/40601 loss -0.5083 ce 0.6824 reward -0.017 lr 1.76e-05 234.8 min, 0.46 s/step
  epoch 1/2 step 30500/40601 loss 0.5288 ce 0.4251 reward 0.216 lr 1.76e-05 235.2 min, 0.46 s/step
  epoch 1/2 step 30550/40601 loss 0.6781 ce 0.8822 reward -0.352 lr 1.76e-05 235.6 min, 0.46 s/step
  epoch 1/2 step 30600/40601 loss 0.1967 ce 0.5997 reward 0.013 lr 1.75e-05 236.0 min, 0.46 s/step
  epoch 1/2 step 30650/40601 loss 0.0232 ce 0.3372 reward 0.325 lr 1.75e-05 236.4 min, 0.46 s/step
  epoch 1/2 step 30700/40601 loss 0.3711 ce 0.5927 reward 0.003 lr 1.75e-05 236.8 min, 0.46 s/step
  epoch 1/2 step 30750/40601 loss -0.0001 ce 0.4276 reward 0.180 lr 1.75e-05 237.2 min, 0.46 s/step
  epoch 1/2 step 30800/40601 loss 0.3122 ce 0.5719 reward 0.033 lr 1.74e-05 237.6 min, 0.46 s/step
  epoch 1/2 step 30850/40601 loss 0.1551 ce 0.5445 reward 0.013 lr 1.74e-05 238.1 min, 0.46 s/step
  epoch 1/2 step 30900/40601 loss -0.6683 ce 0.7247 reward -0.110 lr 1.74e-05 238.4 min, 0.46 s/step
  epoch 1/2 step 30950/40601 loss 0.1781 ce 0.5803 reward 0.023 lr 1.74e-05 239.0 min, 0.46 s/step
  epoch 1/2 step 31000/40601 loss 0.3526 ce 0.5268 reward 0.077 lr 1.74e-05 239.2 min, 0.46 s/step
  epoch 1/2 step 31050/40601 loss 0.7080 ce 0.5428 reward 0.084 lr 1.73e-05 239.6 min, 0.46 s/step
  epoch 1/2 step 31100/40601 loss 0.0213 ce 0.6296 reward -0.107 lr 1.73e-05 240.0 min, 0.46 s/step
  epoch 1/2 step 31150/40601 loss -0.1526 ce 0.4190 reward 0.204 lr 1.73e-05 240.3 min, 0.46 s/step
  epoch 1/2 step 31200/40601 loss 0.3558 ce 0.4215 reward 0.199 lr 1.73e-05 240.7 min, 0.46 s/step
  epoch 1/2 step 31250/40601 loss 0.1491 ce 0.5681 reward 0.084 lr 1.72e-05 241.1 min, 0.46 s/step
  epoch 1/2 step 31300/40601 loss 0.5188 ce 0.6539 reward -0.115 lr 1.72e-05 241.5 min, 0.46 s/step
  epoch 1/2 step 31350/40601 loss -0.1994 ce 0.1948 reward 0.517 lr 1.72e-05 241.8 min, 0.46 s/step
  epoch 1/2 step 31400/40601 loss 0.6388 ce 0.8354 reward -0.310 lr 1.72e-05 242.2 min, 0.46 s/step
  epoch 1/2 step 31450/40601 loss 0.3630 ce 0.5604 reward 0.027 lr 1.72e-05 242.6 min, 0.46 s/step
  epoch 1/2 step 31500/40601 loss 0.3010 ce 0.6103 reward 0.053 lr 1.71e-05 243.0 min, 0.46 s/step
  epoch 1/2 step 31550/40601 loss 0.4612 ce 0.5807 reward 0.053 lr 1.71e-05 243.3 min, 0.46 s/step
  epoch 1/2 step 31600/40601 loss 0.5309 ce 0.5513 reward 0.061 lr 1.71e-05 243.7 min, 0.46 s/step
  epoch 1/2 step 31650/40601 loss -0.5605 ce 0.3517 reward 0.335 lr 1.71e-05 244.1 min, 0.46 s/step
  epoch 1/2 step 31700/40601 loss 0.7955 ce 0.6009 reward -0.026 lr 1.71e-05 244.5 min, 0.46 s/step
  epoch 1/2 step 31750/40601 loss -0.0681 ce 0.5508 reward 0.018 lr 1.70e-05 244.9 min, 0.46 s/step
  epoch 1/2 step 31800/40601 loss 0.4911 ce 0.4875 reward 0.134 lr 1.70e-05 245.2 min, 0.46 s/step
  epoch 1/2 step 31850/40601 loss 0.2999 ce 0.5462 reward -0.021 lr 1.70e-05 245.5 min, 0.46 s/step
  epoch 1/2 step 31900/40601 loss -1.0353 ce 0.6128 reward 0.053 lr 1.70e-05 245.9 min, 0.46 s/step
  epoch 1/2 step 31950/40601 loss 0.2328 ce 0.3481 reward 0.296 lr 1.69e-05 246.2 min, 0.46 s/step
  epoch 1/2 step 32000/40601 loss 0.3560 ce 0.5089 reward 0.105 lr 1.69e-05 246.6 min, 0.46 s/step
  epoch 1/2 step 32050/40601 loss -0.2208 ce 0.1653 reward 0.544 lr 1.69e-05 246.9 min, 0.46 s/step
  epoch 1/2 step 32100/40601 loss 0.0196 ce 0.5003 reward 0.103 lr 1.69e-05 247.3 min, 0.46 s/step
  epoch 1/2 step 32150/40601 loss 0.2333 ce 0.8324 reward -0.336 lr 1.69e-05 247.6 min, 0.46 s/step
  epoch 1/2 step 32200/40601 loss 0.3312 ce 0.3231 reward 0.348 lr 1.68e-05 248.0 min, 0.46 s/step
  epoch 1/2 step 32250/40601 loss 0.5437 ce 0.5101 reward 0.080 lr 1.68e-05 248.4 min, 0.46 s/step
  epoch 1/2 step 32300/40601 loss 0.3393 ce 0.4772 reward 0.212 lr 1.68e-05 248.8 min, 0.46 s/step
  epoch 1/2 step 32350/40601 loss 0.1238 ce 0.5673 reward 0.002 lr 1.68e-05 249.1 min, 0.46 s/step
  epoch 1/2 step 32400/40601 loss 0.3084 ce 0.5548 reward 0.069 lr 1.67e-05 249.6 min, 0.46 s/step
  epoch 1/2 step 32450/40601 loss 0.6104 ce 0.6150 reward -0.004 lr 1.67e-05 249.9 min, 0.46 s/step
  epoch 1/2 step 32500/40601 loss -1.7572 ce 0.6096 reward 0.054 lr 1.67e-05 250.3 min, 0.46 s/step
  epoch 1/2 step 32550/40601 loss -0.8092 ce 0.6162 reward 0.049 lr 1.67e-05 250.7 min, 0.46 s/step
  epoch 1/2 step 32600/40601 loss 0.3399 ce 0.6778 reward -0.133 lr 1.67e-05 251.1 min, 0.46 s/step
  epoch 1/2 step 32650/40601 loss 0.2748 ce 0.3008 reward 0.372 lr 1.66e-05 251.4 min, 0.46 s/step
  epoch 1/2 step 32700/40601 loss -0.3598 ce 0.6092 reward 0.054 lr 1.66e-05 251.8 min, 0.46 s/step
  epoch 1/2 step 32750/40601 loss 0.7165 ce 0.6560 reward -0.147 lr 1.66e-05 252.2 min, 0.46 s/step
  epoch 1/2 step 32800/40601 loss 0.4981 ce 0.5591 reward 0.024 lr 1.66e-05 252.5 min, 0.46 s/step
  epoch 1/2 step 32850/40601 loss 0.8215 ce 0.6060 reward 0.059 lr 1.65e-05 252.9 min, 0.46 s/step
  epoch 1/2 step 32900/40601 loss -1.2390 ce 0.6119 reward 0.054 lr 1.65e-05 253.3 min, 0.46 s/step
  epoch 1/2 step 32950/40601 loss 0.3768 ce 0.3269 reward 0.368 lr 1.65e-05 253.6 min, 0.46 s/step
  epoch 1/2 step 33000/40601 loss -0.3769 ce 0.3720 reward 0.314 lr 1.65e-05 254.0 min, 0.46 s/step
  epoch 1/2 step 33050/40601 loss 1.1654 ce 0.6712 reward -0.175 lr 1.65e-05 254.4 min, 0.46 s/step
  epoch 1/2 step 33100/40601 loss 0.3348 ce 0.4062 reward 0.229 lr 1.64e-05 254.7 min, 0.46 s/step
  epoch 1/2 step 33150/40601 loss 0.3277 ce 0.6078 reward -0.037 lr 1.64e-05 255.2 min, 0.46 s/step
  epoch 1/2 step 33200/40601 loss 0.4671 ce 0.5768 reward -0.050 lr 1.64e-05 255.6 min, 0.46 s/step
  epoch 1/2 step 33250/40601 loss 0.1352 ce 0.3083 reward 0.356 lr 1.64e-05 256.0 min, 0.46 s/step
  epoch 1/2 step 33300/40601 loss 0.1962 ce 0.4596 reward 0.177 lr 1.63e-05 256.4 min, 0.46 s/step
  epoch 1/2 step 33350/40601 loss 0.1987 ce 0.4667 reward 0.126 lr 1.63e-05 256.9 min, 0.46 s/step
  epoch 1/2 step 33400/40601 loss -0.1226 ce 0.3433 reward 0.347 lr 1.63e-05 257.3 min, 0.46 s/step
  epoch 1/2 step 33450/40601 loss 0.2410 ce 0.3141 reward 0.360 lr 1.63e-05 257.7 min, 0.46 s/step
  epoch 1/2 step 33500/40601 loss -0.1800 ce 0.2555 reward 0.438 lr 1.63e-05 258.2 min, 0.46 s/step
  epoch 1/2 step 33550/40601 loss -0.3240 ce 0.6156 reward 0.049 lr 1.62e-05 258.6 min, 0.46 s/step
  epoch 1/2 step 33600/40601 loss 0.2027 ce 0.4519 reward 0.218 lr 1.62e-05 259.0 min, 0.46 s/step
  epoch 1/2 step 33650/40601 loss 0.4887 ce 0.5511 reward 0.052 lr 1.62e-05 259.4 min, 0.46 s/step
  epoch 1/2 step 33700/40601 loss -0.3315 ce 0.2762 reward 0.387 lr 1.62e-05 259.7 min, 0.46 s/step
  epoch 1/2 step 33750/40601 loss 0.0857 ce 0.3454 reward 0.302 lr 1.61e-05 260.1 min, 0.46 s/step
  epoch 1/2 step 33800/40601 loss 1.1736 ce 0.8881 reward -0.348 lr 1.61e-05 260.5 min, 0.46 s/step
  epoch 1/2 step 33850/40601 loss 0.0771 ce 0.6066 reward -0.064 lr 1.61e-05 260.9 min, 0.46 s/step
  epoch 1/2 step 33900/40601 loss -0.0314 ce 0.2827 reward 0.393 lr 1.61e-05 261.3 min, 0.46 s/step
  epoch 1/2 step 33950/40601 loss 0.0907 ce 0.6255 reward -0.079 lr 1.61e-05 261.7 min, 0.46 s/step
  epoch 1/2 step 34000/40601 loss -0.1157 ce 0.3899 reward 0.270 lr 1.60e-05 262.1 min, 0.46 s/step
  epoch 1/2 step 34050/40601 loss -0.1063 ce 0.2689 reward 0.381 lr 1.60e-05 262.4 min, 0.46 s/step
  epoch 1/2 step 34100/40601 loss -0.6497 ce 0.6292 reward 0.037 lr 1.60e-05 262.9 min, 0.46 s/step
  epoch 1/2 step 34150/40601 loss -0.2308 ce 0.6553 reward -0.139 lr 1.60e-05 263.3 min, 0.46 s/step
  epoch 1/2 step 34200/40601 loss -0.0586 ce 0.6126 reward -0.010 lr 1.59e-05 263.7 min, 0.46 s/step
  epoch 1/2 step 34250/40601 loss -0.0546 ce 0.5380 reward 0.067 lr 1.59e-05 264.0 min, 0.46 s/step
  epoch 1/2 step 34300/40601 loss -0.5206 ce 0.6262 reward 0.037 lr 1.59e-05 264.4 min, 0.46 s/step
  epoch 1/2 step 34350/40601 loss -0.1088 ce 0.5680 reward -0.000 lr 1.59e-05 264.8 min, 0.46 s/step
  epoch 1/2 step 34400/40601 loss 0.6058 ce 0.4696 reward 0.134 lr 1.59e-05 265.1 min, 0.46 s/step
  epoch 1/2 step 34450/40601 loss 0.6904 ce 0.7239 reward -0.220 lr 1.58e-05 265.5 min, 0.46 s/step
  epoch 1/2 step 34500/40601 loss 1.0138 ce 0.6466 reward -0.015 lr 1.58e-05 265.9 min, 0.46 s/step
  epoch 1/2 step 34550/40601 loss 0.3164 ce 0.4090 reward 0.232 lr 1.58e-05 266.3 min, 0.46 s/step
  epoch 1/2 step 34600/40601 loss 0.4177 ce 0.5452 reward 0.038 lr 1.58e-05 266.7 min, 0.46 s/step
  epoch 1/2 step 34650/40601 loss 0.7578 ce 0.4509 reward 0.243 lr 1.57e-05 267.0 min, 0.46 s/step
  epoch 1/2 step 34700/40601 loss 1.7401 ce 1.2303 reward -0.682 lr 1.57e-05 267.5 min, 0.46 s/step
  epoch 1/2 step 34750/40601 loss -0.0141 ce 0.6144 reward 0.052 lr 1.57e-05 267.9 min, 0.46 s/step
  epoch 1/2 step 34800/40601 loss -0.1922 ce 0.4016 reward 0.228 lr 1.57e-05 268.2 min, 0.46 s/step
  epoch 1/2 step 34850/40601 loss 0.1075 ce 0.4551 reward 0.127 lr 1.56e-05 268.5 min, 0.46 s/step
  epoch 1/2 step 34900/40601 loss 0.3255 ce 0.3759 reward 0.273 lr 1.56e-05 268.9 min, 0.46 s/step
  epoch 1/2 step 34950/40601 loss -0.8034 ce 0.6146 reward 0.019 lr 1.56e-05 269.3 min, 0.46 s/step
  epoch 1/2 step 35000/40601 loss -1.2504 ce 0.6071 reward 0.057 lr 1.56e-05 269.7 min, 0.46 s/step
  epoch 1/2 step 35050/40601 loss -1.0757 ce 0.6124 reward 0.053 lr 1.56e-05 270.1 min, 0.46 s/step
  epoch 1/2 step 35100/40601 loss -0.3076 ce 0.4716 reward 0.176 lr 1.55e-05 270.5 min, 0.46 s/step
  epoch 1/2 step 35150/40601 loss 0.4558 ce 0.6261 reward -0.038 lr 1.55e-05 270.9 min, 0.46 s/step
  epoch 1/2 step 35200/40601 loss 0.2266 ce 0.3313 reward 0.331 lr 1.55e-05 271.2 min, 0.46 s/step
  epoch 1/2 step 35250/40601 loss 0.2989 ce 0.5670 reward -0.005 lr 1.55e-05 271.6 min, 0.46 s/step
  epoch 1/2 step 35300/40601 loss -0.0314 ce 0.3900 reward 0.289 lr 1.54e-05 272.0 min, 0.46 s/step
  epoch 1/2 step 35350/40601 loss 0.3842 ce 0.6052 reward -0.026 lr 1.54e-05 272.4 min, 0.46 s/step
  epoch 1/2 step 35400/40601 loss 0.4161 ce 0.5935 reward -0.015 lr 1.54e-05 272.7 min, 0.46 s/step
  epoch 1/2 step 35450/40601 loss -0.4402 ce 0.6191 reward 0.046 lr 1.54e-05 273.1 min, 0.46 s/step
  epoch 1/2 step 35500/40601 loss 0.2392 ce 0.4644 reward 0.156 lr 1.54e-05 273.4 min, 0.46 s/step
  epoch 1/2 step 35550/40601 loss 0.4093 ce 0.6555 reward -0.094 lr 1.53e-05 273.8 min, 0.46 s/step
  epoch 1/2 step 35600/40601 loss 0.2979 ce 0.4332 reward 0.187 lr 1.53e-05 274.1 min, 0.46 s/step
  epoch 1/2 step 35650/40601 loss 0.1533 ce 0.4331 reward 0.232 lr 1.53e-05 274.5 min, 0.46 s/step
  epoch 1/2 step 35700/40601 loss -0.0933 ce 0.3315 reward 0.337 lr 1.53e-05 274.9 min, 0.46 s/step
  epoch 1/2 step 35750/40601 loss -0.3376 ce 0.4971 reward 0.101 lr 1.52e-05 275.2 min, 0.46 s/step
  epoch 1/2 step 35800/40601 loss -0.4568 ce 0.6284 reward 0.037 lr 1.52e-05 275.7 min, 0.46 s/step
  epoch 1/2 step 35850/40601 loss -0.0568 ce 0.2107 reward 0.486 lr 1.52e-05 276.0 min, 0.46 s/step
  epoch 1/2 step 35900/40601 loss 0.1359 ce 0.2458 reward 0.441 lr 1.52e-05 276.4 min, 0.46 s/step
  epoch 1/2 step 35950/40601 loss -0.1756 ce 0.3937 reward 0.280 lr 1.51e-05 276.8 min, 0.46 s/step
  epoch 1/2 step 36000/40601 loss -0.0136 ce 0.4931 reward 0.134 lr 1.51e-05 277.2 min, 0.46 s/step
  epoch 1/2 step 36050/40601 loss 0.5968 ce 0.5585 reward 0.027 lr 1.51e-05 277.5 min, 0.46 s/step
  epoch 1/2 step 36100/40601 loss 0.2764 ce 0.6131 reward -0.077 lr 1.51e-05 277.9 min, 0.46 s/step
  epoch 1/2 step 36150/40601 loss -0.2938 ce 0.4788 reward 0.113 lr 1.51e-05 278.4 min, 0.46 s/step
  epoch 1/2 step 36200/40601 loss 0.3867 ce 0.4907 reward 0.159 lr 1.50e-05 278.7 min, 0.46 s/step
  epoch 1/2 step 36250/40601 loss 1.1697 ce 0.7875 reward -0.225 lr 1.50e-05 279.1 min, 0.46 s/step
  epoch 1/2 step 36300/40601 loss -0.4863 ce 0.6098 reward 0.054 lr 1.50e-05 279.6 min, 0.46 s/step
  epoch 1/2 step 36350/40601 loss 0.2749 ce 0.4753 reward 0.100 lr 1.50e-05 280.0 min, 0.46 s/step
  epoch 1/2 step 36400/40601 loss 0.0775 ce 0.5387 reward 0.049 lr 1.49e-05 280.4 min, 0.46 s/step
  epoch 1/2 step 36450/40601 loss -0.0248 ce 0.3974 reward 0.275 lr 1.49e-05 280.7 min, 0.46 s/step
  epoch 1/2 step 36500/40601 loss -0.3355 ce 0.4208 reward 0.246 lr 1.49e-05 281.1 min, 0.46 s/step
  epoch 1/2 step 36550/40601 loss -0.0576 ce 0.5438 reward 0.018 lr 1.49e-05 281.5 min, 0.46 s/step
  epoch 1/2 step 36600/40601 loss -0.2269 ce 0.4105 reward 0.261 lr 1.48e-05 281.9 min, 0.46 s/step
  epoch 1/2 step 36650/40601 loss -0.0104 ce 0.3683 reward 0.254 lr 1.48e-05 282.2 min, 0.46 s/step
  epoch 1/2 step 36700/40601 loss 0.4403 ce 0.6171 reward -0.078 lr 1.48e-05 282.6 min, 0.46 s/step
  epoch 1/2 step 36750/40601 loss -0.1129 ce 0.6070 reward 0.059 lr 1.48e-05 282.9 min, 0.46 s/step
  epoch 1/2 step 36800/40601 loss 0.1714 ce 0.4707 reward 0.087 lr 1.48e-05 283.3 min, 0.46 s/step
  epoch 1/2 step 36850/40601 loss 1.0466 ce 0.6207 reward 0.030 lr 1.47e-05 283.7 min, 0.46 s/step
  epoch 1/2 step 36900/40601 loss 0.3802 ce 0.6857 reward -0.171 lr 1.47e-05 284.1 min, 0.46 s/step
  epoch 1/2 step 36950/40601 loss 0.4137 ce 0.3636 reward 0.252 lr 1.47e-05 284.5 min, 0.46 s/step
  epoch 1/2 step 37000/40601 loss 0.9998 ce 0.7467 reward -0.085 lr 1.47e-05 284.8 min, 0.46 s/step
  epoch 1/2 step 37050/40601 loss 0.2991 ce 0.5711 reward -0.026 lr 1.46e-05 285.2 min, 0.46 s/step
  epoch 1/2 step 37100/40601 loss 0.3786 ce 0.5062 reward 0.098 lr 1.46e-05 285.5 min, 0.46 s/step
  epoch 1/2 step 37150/40601 loss 0.6385 ce 0.4924 reward 0.068 lr 1.46e-05 285.9 min, 0.46 s/step
  epoch 1/2 step 37200/40601 loss 0.1419 ce 0.8438 reward -0.323 lr 1.46e-05 286.3 min, 0.46 s/step
  epoch 1/2 step 37250/40601 loss -0.2438 ce 0.6147 reward 0.049 lr 1.46e-05 286.6 min, 0.46 s/step
  epoch 1/2 step 37300/40601 loss -1.2209 ce 0.6061 reward 0.057 lr 1.45e-05 287.0 min, 0.46 s/step
  epoch 1/2 step 37350/40601 loss 0.1819 ce 0.5223 reward 0.066 lr 1.45e-05 287.4 min, 0.46 s/step
  epoch 1/2 step 37400/40601 loss 0.1219 ce 0.3065 reward 0.363 lr 1.45e-05 287.8 min, 0.46 s/step
  epoch 1/2 step 37450/40601 loss -0.3513 ce 0.2991 reward 0.344 lr 1.45e-05 288.2 min, 0.46 s/step
  epoch 1/2 step 37500/40601 loss -0.0695 ce 0.2149 reward 0.481 lr 1.44e-05 288.6 min, 0.46 s/step
  epoch 1/2 step 37550/40601 loss 0.9855 ce 0.7698 reward -0.216 lr 1.44e-05 289.0 min, 0.46 s/step
  epoch 1/2 step 37600/40601 loss 0.1715 ce 0.4640 reward 0.151 lr 1.44e-05 289.4 min, 0.46 s/step
  epoch 1/2 step 37650/40601 loss -0.1373 ce 0.2395 reward 0.446 lr 1.44e-05 289.8 min, 0.46 s/step
  epoch 1/2 step 37700/40601 loss -1.3774 ce 0.6288 reward 0.038 lr 1.43e-05 290.1 min, 0.46 s/step
  epoch 1/2 step 37750/40601 loss 0.6400 ce 0.5496 reward 0.061 lr 1.43e-05 290.4 min, 0.46 s/step
  epoch 1/2 step 37800/40601 loss -0.4134 ce 0.3737 reward 0.231 lr 1.43e-05 290.9 min, 0.46 s/step
  epoch 1/2 step 37850/40601 loss 0.3192 ce 0.4841 reward 0.154 lr 1.43e-05 291.2 min, 0.46 s/step
  epoch 1/2 step 37900/40601 loss -1.6167 ce 0.6090 reward 0.053 lr 1.43e-05 291.6 min, 0.46 s/step
  epoch 1/2 step 37950/40601 loss 0.2425 ce 0.5104 reward 0.120 lr 1.42e-05 292.0 min, 0.46 s/step
  epoch 1/2 step 38000/40601 loss 0.0993 ce 0.3579 reward 0.331 lr 1.42e-05 292.3 min, 0.46 s/step
  epoch 1/2 step 38050/40601 loss -0.6319 ce 0.5526 reward 0.122 lr 1.42e-05 292.7 min, 0.46 s/step
  epoch 1/2 step 38100/40601 loss 0.5014 ce 0.5579 reward 0.021 lr 1.42e-05 293.1 min, 0.46 s/step
  epoch 1/2 step 38150/40601 loss 0.3534 ce 0.4022 reward 0.228 lr 1.41e-05 293.5 min, 0.46 s/step
  epoch 1/2 step 38200/40601 loss 0.2794 ce 0.6282 reward -0.082 lr 1.41e-05 293.9 min, 0.46 s/step
  epoch 1/2 step 38250/40601 loss 0.3801 ce 0.7111 reward -0.218 lr 1.41e-05 294.2 min, 0.46 s/step
  epoch 1/2 step 38300/40601 loss -0.1575 ce 0.6628 reward -0.000 lr 1.41e-05 294.7 min, 0.46 s/step
  epoch 1/2 step 38350/40601 loss 0.4540 ce 0.4542 reward 0.163 lr 1.40e-05 295.0 min, 0.46 s/step
  epoch 1/2 step 38400/40601 loss 0.6143 ce 0.4453 reward 0.215 lr 1.40e-05 295.4 min, 0.46 s/step
  epoch 1/2 step 38450/40601 loss 0.6523 ce 0.6460 reward -0.077 lr 1.40e-05 295.9 min, 0.46 s/step
  epoch 1/2 step 38500/40601 loss 1.0473 ce 1.1994 reward -0.640 lr 1.40e-05 296.3 min, 0.46 s/step
  epoch 1/2 step 38550/40601 loss 0.0541 ce 0.6089 reward 0.055 lr 1.40e-05 296.7 min, 0.46 s/step
  epoch 1/2 step 38600/40601 loss 0.4225 ce 0.5676 reward 0.012 lr 1.39e-05 297.1 min, 0.46 s/step
  epoch 1/2 step 38650/40601 loss 0.3551 ce 0.6277 reward -0.086 lr 1.39e-05 297.4 min, 0.46 s/step
  epoch 1/2 step 38700/40601 loss 0.0946 ce 0.5387 reward 0.020 lr 1.39e-05 297.9 min, 0.46 s/step
  epoch 1/2 step 38750/40601 loss -1.0997 ce 0.6772 reward -0.014 lr 1.39e-05 298.3 min, 0.46 s/step
  epoch 1/2 step 38800/40601 loss 0.5459 ce 0.6155 reward 0.044 lr 1.38e-05 298.6 min, 0.46 s/step
  epoch 1/2 step 38850/40601 loss 0.3510 ce 0.5018 reward 0.066 lr 1.38e-05 299.0 min, 0.46 s/step
  epoch 1/2 step 38900/40601 loss 0.3226 ce 0.4593 reward 0.165 lr 1.38e-05 299.4 min, 0.46 s/step
  epoch 1/2 step 38950/40601 loss -0.9821 ce 0.3903 reward 0.288 lr 1.38e-05 299.7 min, 0.46 s/step
  epoch 1/2 step 39000/40601 loss 0.2122 ce 0.2614 reward 0.422 lr 1.37e-05 300.1 min, 0.46 s/step
  epoch 1/2 step 39050/40601 loss 0.4050 ce 0.5113 reward 0.076 lr 1.37e-05 300.5 min, 0.46 s/step
  epoch 1/2 step 39100/40601 loss 0.3016 ce 0.4859 reward 0.101 lr 1.37e-05 300.9 min, 0.46 s/step
  epoch 1/2 step 39150/40601 loss 0.2441 ce 0.4127 reward 0.224 lr 1.37e-05 301.3 min, 0.46 s/step
  epoch 1/2 step 39200/40601 loss -0.5737 ce 0.4251 reward 0.271 lr 1.36e-05 301.7 min, 0.46 s/step
  epoch 1/2 step 39250/40601 loss 0.1164 ce 0.6203 reward 0.041 lr 1.36e-05 302.1 min, 0.46 s/step
  epoch 1/2 step 39300/40601 loss 0.0419 ce 0.6247 reward 0.034 lr 1.36e-05 302.5 min, 0.46 s/step
  epoch 1/2 step 39350/40601 loss -0.5181 ce 0.2966 reward 0.404 lr 1.36e-05 302.8 min, 0.46 s/step
  epoch 1/2 step 39400/40601 loss 0.1591 ce 0.4076 reward 0.212 lr 1.36e-05 303.2 min, 0.46 s/step
  epoch 1/2 step 39450/40601 loss 0.5678 ce 0.5968 reward 0.021 lr 1.35e-05 303.5 min, 0.46 s/step
  epoch 1/2 step 39500/40601 loss 0.2893 ce 0.6291 reward -0.068 lr 1.35e-05 303.9 min, 0.46 s/step
  epoch 1/2 step 39550/40601 loss -0.8447 ce 0.6163 reward 0.049 lr 1.35e-05 304.2 min, 0.46 s/step
  epoch 1/2 step 39600/40601 loss 0.3822 ce 0.9413 reward -0.479 lr 1.35e-05 304.7 min, 0.46 s/step
  epoch 1/2 step 39650/40601 loss 0.4836 ce 0.6262 reward -0.009 lr 1.34e-05 305.0 min, 0.46 s/step
  epoch 1/2 step 39700/40601 loss 0.7610 ce 0.7458 reward -0.230 lr 1.34e-05 305.4 min, 0.46 s/step
  epoch 1/2 step 39750/40601 loss 0.0363 ce 0.5083 reward 0.175 lr 1.34e-05 305.7 min, 0.46 s/step
  epoch 1/2 step 39800/40601 loss 0.7608 ce 0.8290 reward -0.278 lr 1.34e-05 306.1 min, 0.46 s/step
  epoch 1/2 step 39850/40601 loss -0.4813 ce 0.6090 reward 0.055 lr 1.33e-05 306.4 min, 0.46 s/step
  epoch 1/2 step 39900/40601 loss 0.7941 ce 0.7173 reward -0.123 lr 1.33e-05 306.9 min, 0.46 s/step
  epoch 1/2 step 39950/40601 loss 0.1569 ce 0.4288 reward 0.222 lr 1.33e-05 307.3 min, 0.46 s/step
  epoch 1/2 step 40000/40601 loss 0.2525 ce 0.4460 reward 0.209 lr 1.33e-05 307.7 min, 0.46 s/step
  epoch 1/2 step 40050/40601 loss -0.1947 ce 0.6813 reward -0.019 lr 1.33e-05 308.1 min, 0.46 s/step
  epoch 1/2 step 40100/40601 loss 0.1083 ce 0.5716 reward -0.003 lr 1.32e-05 308.4 min, 0.46 s/step
  epoch 1/2 step 40150/40601 loss 0.0316 ce 0.3808 reward 0.270 lr 1.32e-05 308.8 min, 0.46 s/step
  epoch 1/2 step 40200/40601 loss -0.2442 ce 0.6775 reward -0.016 lr 1.32e-05 309.2 min, 0.46 s/step
  epoch 1/2 step 40250/40601 loss 0.1713 ce 0.4455 reward 0.160 lr 1.32e-05 309.5 min, 0.46 s/step
  epoch 1/2 step 40300/40601 loss -0.0030 ce 0.5975 reward -0.046 lr 1.31e-05 309.9 min, 0.46 s/step
  epoch 1/2 step 40350/40601 loss 0.9933 ce 0.8027 reward -0.237 lr 1.31e-05 310.3 min, 0.46 s/step
  epoch 1/2 step 40400/40601 loss 0.4049 ce 0.4533 reward 0.161 lr 1.31e-05 310.7 min, 0.46 s/step
  epoch 1/2 step 40450/40601 loss -0.3044 ce 0.4448 reward 0.200 lr 1.31e-05 311.1 min, 0.46 s/step
  epoch 1/2 step 40500/40601 loss 0.2496 ce 0.8272 reward -0.296 lr 1.30e-05 311.5 min, 0.46 s/step
  epoch 1/2 step 40550/40601 loss -0.8839 ce 0.4168 reward 0.248 lr 1.30e-05 311.8 min, 0.46 s/step
  epoch 1/2 step 40600/40601 loss 0.2108 ce 0.3526 reward 0.305 lr 1.30e-05 312.1 min, 0.46 s/step
=== epoch 1 done, avg loss 0.2010, 312.1 min ===
  epoch 2/2 step 50/40601 loss 0.2980 ce 0.4143 reward 0.232 lr 1.30e-05 312.5 min, 0.46 s/step
  epoch 2/2 step 100/40601 loss 1.4707 ce 0.8962 reward -0.348 lr 1.30e-05 312.9 min, 0.46 s/step
  epoch 2/2 step 150/40601 loss 0.3902 ce 0.5611 reward 0.037 lr 1.29e-05 313.2 min, 0.46 s/step
  epoch 2/2 step 200/40601 loss -0.3180 ce 0.6059 reward 0.072 lr 1.29e-05 313.7 min, 0.46 s/step
  epoch 2/2 step 250/40601 loss 0.2025 ce 0.4629 reward 0.152 lr 1.29e-05 314.1 min, 0.46 s/step
  epoch 2/2 step 300/40601 loss 0.1740 ce 0.3608 reward 0.329 lr 1.29e-05 314.4 min, 0.46 s/step
  epoch 2/2 step 350/40601 loss 0.3045 ce 0.5764 reward 0.027 lr 1.28e-05 314.7 min, 0.46 s/step
  epoch 2/2 step 400/40601 loss 0.4644 ce 0.6112 reward -0.029 lr 1.28e-05 315.1 min, 0.46 s/step
  epoch 2/2 step 450/40601 loss -0.8323 ce 0.6514 reward 0.025 lr 1.28e-05 315.4 min, 0.46 s/step
  epoch 2/2 step 500/40601 loss 0.0730 ce 0.3181 reward 0.356 lr 1.28e-05 315.8 min, 0.46 s/step
  epoch 2/2 step 550/40601 loss 1.0025 ce 0.5581 reward 0.043 lr 1.27e-05 316.3 min, 0.46 s/step
  epoch 2/2 step 600/40601 loss 0.5242 ce 0.4182 reward 0.250 lr 1.27e-05 316.6 min, 0.46 s/step
  epoch 2/2 step 650/40601 loss -0.4697 ce 0.3898 reward 0.300 lr 1.27e-05 316.9 min, 0.46 s/step
  epoch 2/2 step 700/40601 loss 0.2672 ce 0.3894 reward 0.257 lr 1.27e-05 317.3 min, 0.46 s/step
  epoch 2/2 step 750/40601 loss 0.2975 ce 0.5672 reward 0.035 lr 1.27e-05 317.8 min, 0.46 s/step
  epoch 2/2 step 800/40601 loss 0.5362 ce 0.3903 reward 0.299 lr 1.26e-05 318.1 min, 0.46 s/step
  epoch 2/2 step 850/40601 loss 0.3987 ce 0.7288 reward -0.133 lr 1.26e-05 318.5 min, 0.46 s/step
  epoch 2/2 step 900/40601 loss -1.0007 ce 0.6058 reward 0.072 lr 1.26e-05 318.8 min, 0.46 s/step
  epoch 2/2 step 950/40601 loss 0.7734 ce 0.5801 reward 0.022 lr 1.26e-05 319.1 min, 0.46 s/step
  epoch 2/2 step 1000/40601 loss 0.1934 ce 0.7919 reward -0.247 lr 1.25e-05 319.6 min, 0.46 s/step
  epoch 2/2 step 1050/40601 loss 0.5116 ce 0.4858 reward 0.147 lr 1.25e-05 319.9 min, 0.46 s/step
  epoch 2/2 step 1100/40601 loss 0.2703 ce 0.6792 reward -0.095 lr 1.25e-05 320.3 min, 0.46 s/step
  epoch 2/2 step 1150/40601 loss 1.2335 ce 1.0869 reward -0.446 lr 1.25e-05 320.6 min, 0.46 s/step
  epoch 2/2 step 1200/40601 loss 0.6951 ce 0.6296 reward 0.047 lr 1.24e-05 321.1 min, 0.46 s/step
  epoch 2/2 step 1250/40601 loss 0.2274 ce 0.3611 reward 0.298 lr 1.24e-05 321.4 min, 0.46 s/step
  epoch 2/2 step 1300/40601 loss 0.3180 ce 0.4674 reward 0.228 lr 1.24e-05 321.9 min, 0.46 s/step
  epoch 2/2 step 1350/40601 loss 0.4997 ce 0.4706 reward 0.191 lr 1.24e-05 322.2 min, 0.46 s/step
  epoch 2/2 step 1400/40601 loss 0.1941 ce 0.3362 reward 0.328 lr 1.23e-05 322.6 min, 0.46 s/step
  epoch 2/2 step 1450/40601 loss 0.3344 ce 0.4742 reward 0.158 lr 1.23e-05 323.0 min, 0.46 s/step
  epoch 2/2 step 1500/40601 loss 0.3837 ce 0.6126 reward 0.065 lr 1.23e-05 323.3 min, 0.46 s/step
  epoch 2/2 step 1550/40601 loss 0.1374 ce 0.5211 reward 0.076 lr 1.23e-05 323.7 min, 0.46 s/step
  epoch 2/2 step 1600/40601 loss 0.4829 ce 0.4254 reward 0.246 lr 1.23e-05 324.1 min, 0.46 s/step
  epoch 2/2 step 1650/40601 loss -0.3535 ce 0.6445 reward 0.032 lr 1.22e-05 324.4 min, 0.46 s/step
  epoch 2/2 step 1700/40601 loss 0.4464 ce 0.6301 reward 0.033 lr 1.22e-05 324.9 min, 0.46 s/step
  epoch 2/2 step 1750/40601 loss 0.4256 ce 0.4338 reward 0.207 lr 1.22e-05 325.2 min, 0.46 s/step
  epoch 2/2 step 1800/40601 loss 0.3481 ce 0.7470 reward -0.172 lr 1.22e-05 325.7 min, 0.46 s/step
  epoch 2/2 step 1850/40601 loss 0.1410 ce 0.3293 reward 0.343 lr 1.21e-05 326.1 min, 0.46 s/step
  epoch 2/2 step 1900/40601 loss 0.6248 ce 0.3143 reward 0.366 lr 1.21e-05 326.5 min, 0.46 s/step
  epoch 2/2 step 1950/40601 loss 1.0172 ce 0.7078 reward -0.105 lr 1.21e-05 326.9 min, 0.46 s/step
  epoch 2/2 step 2000/40601 loss 0.6555 ce 0.5720 reward 0.023 lr 1.21e-05 327.3 min, 0.46 s/step
  epoch 2/2 step 2050/40601 loss 0.2656 ce 0.4770 reward 0.146 lr 1.20e-05 327.7 min, 0.46 s/step
  epoch 2/2 step 2100/40601 loss 0.2418 ce 0.3061 reward 0.401 lr 1.20e-05 328.1 min, 0.46 s/step
  epoch 2/2 step 2150/40601 loss 0.3148 ce 0.6330 reward -0.018 lr 1.20e-05 328.5 min, 0.46 s/step
  epoch 2/2 step 2200/40601 loss 0.2110 ce 0.3387 reward 0.328 lr 1.20e-05 328.9 min, 0.46 s/step
  epoch 2/2 step 2250/40601 loss 0.0224 ce 0.3402 reward 0.349 lr 1.20e-05 329.3 min, 0.46 s/step
  epoch 2/2 step 2300/40601 loss 0.1620 ce 0.5006 reward 0.120 lr 1.19e-05 329.7 min, 0.46 s/step
  epoch 2/2 step 2350/40601 loss -0.0327 ce 0.4931 reward 0.126 lr 1.19e-05 330.1 min, 0.46 s/step
  epoch 2/2 step 2400/40601 loss 1.1465 ce 0.7900 reward -0.223 lr 1.19e-05 330.6 min, 0.46 s/step
  epoch 2/2 step 2450/40601 loss 0.5862 ce 0.5536 reward 0.065 lr 1.19e-05 330.9 min, 0.46 s/step
  epoch 2/2 step 2500/40601 loss 0.7555 ce 0.4262 reward 0.218 lr 1.18e-05 331.3 min, 0.46 s/step
  epoch 2/2 step 2550/40601 loss 0.3639 ce 0.3347 reward 0.333 lr 1.18e-05 331.8 min, 0.46 s/step
  epoch 2/2 step 2600/40601 loss 0.3569 ce 0.4984 reward 0.166 lr 1.18e-05 332.1 min, 0.46 s/step
  epoch 2/2 step 2650/40601 loss -1.7407 ce 0.6058 reward 0.072 lr 1.18e-05 332.6 min, 0.46 s/step
  epoch 2/2 step 2700/40601 loss 0.4392 ce 0.5650 reward 0.030 lr 1.17e-05 332.9 min, 0.46 s/step
  epoch 2/2 step 2750/40601 loss -0.3083 ce 0.3131 reward 0.388 lr 1.17e-05 333.3 min, 0.46 s/step
  epoch 2/2 step 2800/40601 loss 0.4395 ce 0.4819 reward 0.147 lr 1.17e-05 333.7 min, 0.46 s/step
  epoch 2/2 step 2850/40601 loss 0.3629 ce 0.5350 reward 0.067 lr 1.17e-05 334.1 min, 0.46 s/step
  epoch 2/2 step 2900/40601 loss -0.0140 ce 0.3606 reward 0.299 lr 1.17e-05 334.4 min, 0.46 s/step
  epoch 2/2 step 2950/40601 loss 1.0991 ce 1.0208 reward -0.546 lr 1.16e-05 334.9 min, 0.46 s/step
  epoch 2/2 step 3000/40601 loss 0.7035 ce 0.6311 reward 0.006 lr 1.16e-05 335.3 min, 0.46 s/step
  epoch 2/2 step 3050/40601 loss 0.3601 ce 0.4169 reward 0.235 lr 1.16e-05 335.8 min, 0.46 s/step
  epoch 2/2 step 3100/40601 loss 1.3365 ce 0.7761 reward -0.184 lr 1.16e-05 336.1 min, 0.46 s/step
  epoch 2/2 step 3150/40601 loss 0.9913 ce 0.6880 reward -0.098 lr 1.15e-05 336.5 min, 0.46 s/step
  epoch 2/2 step 3200/40601 loss 0.6052 ce 0.7093 reward -0.107 lr 1.15e-05 336.9 min, 0.46 s/step
  epoch 2/2 step 3250/40601 loss 0.7838 ce 0.8554 reward -0.335 lr 1.15e-05 337.3 min, 0.46 s/step
  epoch 2/2 step 3300/40601 loss 0.2067 ce 0.4345 reward 0.213 lr 1.15e-05 337.7 min, 0.46 s/step
  epoch 2/2 step 3350/40601 loss 0.4968 ce 0.3958 reward 0.268 lr 1.14e-05 338.1 min, 0.46 s/step
  epoch 2/2 step 3400/40601 loss -0.5295 ce 0.6151 reward 0.062 lr 1.14e-05 338.5 min, 0.46 s/step
  epoch 2/2 step 3450/40601 loss 0.1156 ce 0.3122 reward 0.364 lr 1.14e-05 338.9 min, 0.46 s/step
  epoch 2/2 step 3500/40601 loss 0.1510 ce 0.5251 reward 0.085 lr 1.14e-05 339.3 min, 0.46 s/step
  epoch 2/2 step 3550/40601 loss 0.9979 ce 0.6911 reward -0.125 lr 1.14e-05 339.8 min, 0.46 s/step
  epoch 2/2 step 3600/40601 loss 0.2588 ce 0.4787 reward 0.149 lr 1.13e-05 340.1 min, 0.46 s/step
  epoch 2/2 step 3650/40601 loss -0.8090 ce 0.6209 reward 0.056 lr 1.13e-05 340.5 min, 0.46 s/step
  epoch 2/2 step 3700/40601 loss 0.0804 ce 0.1123 reward 0.621 lr 1.13e-05 340.9 min, 0.46 s/step
  epoch 2/2 step 3750/40601 loss 1.0981 ce 0.8225 reward -0.250 lr 1.13e-05 341.2 min, 0.46 s/step
  epoch 2/2 step 3800/40601 loss -0.0229 ce 0.6248 reward 0.052 lr 1.12e-05 341.6 min, 0.46 s/step
  epoch 2/2 step 3850/40601 loss 0.2658 ce 0.3730 reward 0.288 lr 1.12e-05 342.0 min, 0.46 s/step
  epoch 2/2 step 3900/40601 loss 1.1545 ce 0.6712 reward 0.005 lr 1.12e-05 342.4 min, 0.46 s/step
  epoch 2/2 step 3950/40601 loss 0.2755 ce 0.5085 reward 0.136 lr 1.12e-05 342.8 min, 0.46 s/step
  epoch 2/2 step 4000/40601 loss 0.6556 ce 0.6976 reward -0.085 lr 1.11e-05 343.2 min, 0.46 s/step
  epoch 2/2 step 4050/40601 loss 0.6132 ce 0.4059 reward 0.285 lr 1.11e-05 343.7 min, 0.46 s/step
  epoch 2/2 step 4100/40601 loss 0.6576 ce 0.5209 reward 0.088 lr 1.11e-05 344.1 min, 0.46 s/step
  epoch 2/2 step 4150/40601 loss 0.0508 ce 0.4788 reward 0.150 lr 1.11e-05 344.6 min, 0.46 s/step
  epoch 2/2 step 4200/40601 loss -0.3356 ce 0.3899 reward 0.300 lr 1.11e-05 345.0 min, 0.46 s/step
  epoch 2/2 step 4250/40601 loss 0.5115 ce 0.5408 reward 0.072 lr 1.10e-05 345.4 min, 0.46 s/step
  epoch 2/2 step 4300/40601 loss 0.3091 ce 0.4345 reward 0.213 lr 1.10e-05 345.7 min, 0.46 s/step
  epoch 2/2 step 4350/40601 loss -1.5586 ce 0.6276 reward 0.049 lr 1.10e-05 346.1 min, 0.46 s/step
  epoch 2/2 step 4400/40601 loss 0.7321 ce 0.6263 reward -0.054 lr 1.10e-05 346.6 min, 0.46 s/step
  epoch 2/2 step 4450/40601 loss -0.2568 ce 0.2654 reward 0.428 lr 1.09e-05 346.9 min, 0.46 s/step
  epoch 2/2 step 4500/40601 loss 0.2124 ce 0.4954 reward 0.108 lr 1.09e-05 347.4 min, 0.46 s/step
  epoch 2/2 step 4550/40601 loss 0.3450 ce 0.6446 reward 0.032 lr 1.09e-05 347.8 min, 0.46 s/step
  epoch 2/2 step 4600/40601 loss -0.5237 ce 0.6057 reward 0.072 lr 1.09e-05 348.2 min, 0.46 s/step
  epoch 2/2 step 4650/40601 loss 0.9743 ce 0.6938 reward -0.146 lr 1.09e-05 348.5 min, 0.46 s/step
  epoch 2/2 step 4700/40601 loss 0.0374 ce 0.6483 reward 0.028 lr 1.08e-05 348.9 min, 0.46 s/step
  epoch 2/2 step 4750/40601 loss -0.6733 ce 0.3061 reward 0.397 lr 1.08e-05 349.3 min, 0.46 s/step
  epoch 2/2 step 4800/40601 loss 0.5460 ce 0.7353 reward -0.178 lr 1.08e-05 349.7 min, 0.46 s/step
  epoch 2/2 step 4850/40601 loss 0.5125 ce 0.5186 reward 0.097 lr 1.08e-05 350.0 min, 0.46 s/step
  epoch 2/2 step 4900/40601 loss 0.9753 ce 0.3947 reward 0.259 lr 1.07e-05 350.4 min, 0.46 s/step
  epoch 2/2 step 4950/40601 loss 0.1296 ce 0.5756 reward 0.101 lr 1.07e-05 350.9 min, 0.46 s/step
  epoch 2/2 step 5000/40601 loss -0.6824 ce 0.5363 reward 0.150 lr 1.07e-05 351.2 min, 0.46 s/step
  epoch 2/2 step 5050/40601 loss 1.0467 ce 0.6674 reward -0.075 lr 1.07e-05 351.6 min, 0.46 s/step
  epoch 2/2 step 5100/40601 loss -0.1133 ce 0.5315 reward 0.100 lr 1.06e-05 352.0 min, 0.46 s/step
  epoch 2/2 step 5150/40601 loss 0.3230 ce 0.5474 reward 0.103 lr 1.06e-05 352.4 min, 0.46 s/step
  epoch 2/2 step 5200/40601 loss 0.5814 ce 1.1258 reward -0.517 lr 1.06e-05 352.8 min, 0.46 s/step
  epoch 2/2 step 5250/40601 loss 0.2076 ce 0.4214 reward 0.221 lr 1.06e-05 353.2 min, 0.46 s/step
  epoch 2/2 step 5300/40601 loss 0.8649 ce 0.7898 reward -0.235 lr 1.06e-05 353.6 min, 0.46 s/step
  epoch 2/2 step 5350/40601 loss 0.4045 ce 0.5236 reward 0.081 lr 1.05e-05 353.9 min, 0.46 s/step
  epoch 2/2 step 5400/40601 loss -0.3145 ce 0.4189 reward 0.265 lr 1.05e-05 354.3 min, 0.46 s/step
  epoch 2/2 step 5450/40601 loss 0.1104 ce 0.4008 reward 0.249 lr 1.05e-05 354.7 min, 0.46 s/step
  epoch 2/2 step 5500/40601 loss -1.5894 ce 0.6771 reward -0.001 lr 1.05e-05 355.1 min, 0.46 s/step
  epoch 2/2 step 5550/40601 loss 0.4096 ce 0.5058 reward 0.100 lr 1.04e-05 355.5 min, 0.46 s/step
  epoch 2/2 step 5600/40601 loss 0.6424 ce 0.6496 reward -0.044 lr 1.04e-05 355.9 min, 0.46 s/step
  epoch 2/2 step 5650/40601 loss 0.1664 ce 0.3560 reward 0.291 lr 1.04e-05 356.3 min, 0.46 s/step
  epoch 2/2 step 5700/40601 loss -0.0270 ce 0.3904 reward 0.299 lr 1.04e-05 356.6 min, 0.46 s/step
  epoch 2/2 step 5750/40601 loss 0.4450 ce 0.4491 reward 0.220 lr 1.04e-05 357.0 min, 0.46 s/step
  epoch 2/2 step 5800/40601 loss 0.3053 ce 0.3552 reward 0.330 lr 1.03e-05 357.3 min, 0.46 s/step
  epoch 2/2 step 5850/40601 loss -0.2955 ce 0.3813 reward 0.286 lr 1.03e-05 357.8 min, 0.46 s/step
  epoch 2/2 step 5900/40601 loss 0.6079 ce 0.3535 reward 0.312 lr 1.03e-05 358.2 min, 0.46 s/step
  epoch 2/2 step 5950/40601 loss 0.5016 ce 0.4722 reward 0.164 lr 1.03e-05 358.6 min, 0.46 s/step
  epoch 2/2 step 6000/40601 loss 0.4795 ce 0.6461 reward -0.030 lr 1.02e-05 359.0 min, 0.46 s/step
  epoch 2/2 step 6050/40601 loss 0.4961 ce 0.4986 reward 0.155 lr 1.02e-05 359.4 min, 0.46 s/step
  epoch 2/2 step 6100/40601 loss 0.6674 ce 0.5288 reward 0.083 lr 1.02e-05 359.8 min, 0.46 s/step
  epoch 2/2 step 6150/40601 loss 0.5526 ce 0.4101 reward 0.244 lr 1.02e-05 360.2 min, 0.46 s/step
  epoch 2/2 step 6200/40601 loss 0.2962 ce 0.5553 reward 0.089 lr 1.01e-05 360.5 min, 0.46 s/step
  epoch 2/2 step 6250/40601 loss 0.1538 ce 0.2455 reward 0.450 lr 1.01e-05 360.9 min, 0.46 s/step
  epoch 2/2 step 6300/40601 loss 0.9054 ce 1.0564 reward -0.471 lr 1.01e-05 361.3 min, 0.46 s/step
  epoch 2/2 step 6350/40601 loss -2.1980 ce 0.3409 reward 0.372 lr 1.01e-05 361.7 min, 0.46 s/step
  epoch 2/2 step 6400/40601 loss 0.2139 ce 0.3113 reward 0.353 lr 1.01e-05 362.2 min, 0.46 s/step
  epoch 2/2 step 6450/40601 loss 0.8553 ce 0.5971 reward -0.006 lr 1.00e-05 362.5 min, 0.46 s/step
  epoch 2/2 step 6500/40601 loss 0.1839 ce 0.4845 reward 0.173 lr 1.00e-05 363.0 min, 0.46 s/step
  epoch 2/2 step 6550/40601 loss 0.7445 ce 0.6746 reward -0.065 lr 9.99e-06 363.3 min, 0.46 s/step
  epoch 2/2 step 6600/40601 loss 0.2607 ce 0.3416 reward 0.318 lr 9.97e-06 363.6 min, 0.46 s/step
  epoch 2/2 step 6650/40601 loss -0.1140 ce 0.4874 reward 0.165 lr 9.95e-06 364.0 min, 0.46 s/step
  epoch 2/2 step 6700/40601 loss -0.7022 ce 0.6771 reward -0.001 lr 9.92e-06 364.4 min, 0.46 s/step
  epoch 2/2 step 6750/40601 loss 0.8583 ce 0.4945 reward 0.127 lr 9.90e-06 364.7 min, 0.46 s/step
  epoch 2/2 step 6800/40601 loss 0.6844 ce 0.8375 reward -0.229 lr 9.88e-06 365.1 min, 0.46 s/step
  epoch 2/2 step 6850/40601 loss 0.6090 ce 0.4452 reward 0.193 lr 9.86e-06 365.5 min, 0.46 s/step
  epoch 2/2 step 6900/40601 loss 1.0734 ce 0.4772 reward 0.184 lr 9.83e-06 365.9 min, 0.46 s/step
  epoch 2/2 step 6950/40601 loss 0.5962 ce 0.9477 reward -0.411 lr 9.81e-06 366.2 min, 0.46 s/step
  epoch 2/2 step 7000/40601 loss 0.8127 ce 0.5011 reward 0.159 lr 9.79e-06 366.6 min, 0.46 s/step
  epoch 2/2 step 7050/40601 loss -0.0174 ce 0.3198 reward 0.355 lr 9.77e-06 367.0 min, 0.46 s/step
  epoch 2/2 step 7100/40601 loss -0.0594 ce 0.6089 reward 0.069 lr 9.74e-06 367.4 min, 0.46 s/step
  epoch 2/2 step 7150/40601 loss 0.2401 ce 0.5676 reward 0.057 lr 9.72e-06 367.7 min, 0.46 s/step
  epoch 2/2 step 7200/40601 loss 0.2569 ce 0.5010 reward 0.123 lr 9.70e-06 368.0 min, 0.46 s/step
  epoch 2/2 step 7250/40601 loss 0.5849 ce 0.5179 reward 0.089 lr 9.68e-06 368.4 min, 0.46 s/step
  epoch 2/2 step 7300/40601 loss 0.6103 ce 0.4165 reward 0.226 lr 9.65e-06 368.8 min, 0.46 s/step
  epoch 2/2 step 7350/40601 loss -0.1091 ce 0.3898 reward 0.300 lr 9.63e-06 369.3 min, 0.46 s/step
  epoch 2/2 step 7400/40601 loss -0.8602 ce 0.6058 reward 0.072 lr 9.61e-06 369.7 min, 0.46 s/step
  epoch 2/2 step 7450/40601 loss 0.2100 ce 0.5322 reward 0.079 lr 9.59e-06 370.1 min, 0.46 s/step
  epoch 2/2 step 7500/40601 loss 0.2374 ce 0.3781 reward 0.277 lr 9.56e-06 370.5 min, 0.46 s/step
  epoch 2/2 step 7550/40601 loss 0.3965 ce 0.3027 reward 0.377 lr 9.54e-06 370.9 min, 0.46 s/step
  epoch 2/2 step 7600/40601 loss 0.5966 ce 0.6063 reward 0.072 lr 9.52e-06 371.3 min, 0.46 s/step
  epoch 2/2 step 7650/40601 loss 0.5642 ce 0.5842 reward 0.047 lr 9.50e-06 371.7 min, 0.46 s/step
  epoch 2/2 step 7700/40601 loss 0.0753 ce 0.6152 reward 0.062 lr 9.48e-06 372.0 min, 0.46 s/step
  epoch 2/2 step 7750/40601 loss 0.5124 ce 0.6015 reward 0.029 lr 9.45e-06 372.4 min, 0.46 s/step
  epoch 2/2 step 7800/40601 loss 0.4952 ce 0.4560 reward 0.179 lr 9.43e-06 372.8 min, 0.46 s/step
  epoch 2/2 step 7850/40601 loss 0.9153 ce 0.7228 reward -0.155 lr 9.41e-06 373.2 min, 0.46 s/step
  epoch 2/2 step 7900/40601 loss -0.2076 ce 0.2541 reward 0.456 lr 9.39e-06 373.6 min, 0.46 s/step
  epoch 2/2 step 7950/40601 loss 0.9193 ce 0.6729 reward -0.050 lr 9.37e-06 374.0 min, 0.46 s/step
  epoch 2/2 step 8000/40601 loss 1.1175 ce 0.9383 reward -0.397 lr 9.34e-06 374.3 min, 0.46 s/step
  epoch 2/2 step 8050/40601 loss 0.4379 ce 0.5903 reward 0.005 lr 9.32e-06 374.7 min, 0.46 s/step
  epoch 2/2 step 8100/40601 loss 0.0314 ce 0.2803 reward 0.402 lr 9.30e-06 375.1 min, 0.46 s/step
  epoch 2/2 step 8150/40601 loss 0.7539 ce 0.6727 reward -0.094 lr 9.28e-06 375.4 min, 0.46 s/step
  epoch 2/2 step 8200/40601 loss 0.3551 ce 0.2405 reward 0.460 lr 9.25e-06 375.9 min, 0.46 s/step
  epoch 2/2 step 8250/40601 loss -1.0578 ce 0.6059 reward 0.072 lr 9.23e-06 376.2 min, 0.46 s/step
  epoch 2/2 step 8300/40601 loss 0.3968 ce 0.4253 reward 0.258 lr 9.21e-06 376.5 min, 0.46 s/step
  epoch 2/2 step 8350/40601 loss 0.7873 ce 0.5899 reward 0.014 lr 9.19e-06 376.8 min, 0.46 s/step
  epoch 2/2 step 8400/40601 loss 0.5947 ce 0.2498 reward 0.459 lr 9.17e-06 377.3 min, 0.46 s/step
  epoch 2/2 step 8450/40601 loss -0.3591 ce 0.6770 reward -0.001 lr 9.15e-06 377.8 min, 0.46 s/step
  epoch 2/2 step 8500/40601 loss 0.5952 ce 0.4911 reward 0.180 lr 9.12e-06 378.2 min, 0.46 s/step
  epoch 2/2 step 8550/40601 loss 0.3720 ce 0.4877 reward 0.135 lr 9.10e-06 378.6 min, 0.46 s/step
  epoch 2/2 step 8600/40601 loss -0.0215 ce 0.3512 reward 0.347 lr 9.08e-06 378.9 min, 0.46 s/step
  epoch 2/2 step 8650/40601 loss 0.3239 ce 0.6396 reward -0.021 lr 9.06e-06 379.3 min, 0.46 s/step
  epoch 2/2 step 8700/40601 loss 1.1116 ce 0.7649 reward -0.192 lr 9.03e-06 379.7 min, 0.46 s/step
  epoch 2/2 step 8750/40601 loss 0.6728 ce 0.6504 reward -0.044 lr 9.01e-06 380.0 min, 0.46 s/step
  epoch 2/2 step 8800/40601 loss -0.3881 ce 0.5629 reward 0.122 lr 8.99e-06 380.5 min, 0.46 s/step
  epoch 2/2 step 8850/40601 loss 0.4005 ce 0.3727 reward 0.287 lr 8.97e-06 380.8 min, 0.46 s/step
  epoch 2/2 step 8900/40601 loss -0.3555 ce 0.6770 reward -0.001 lr 8.95e-06 381.2 min, 0.46 s/step
  epoch 2/2 step 8950/40601 loss 0.8515 ce 0.6302 reward -0.010 lr 8.93e-06 381.6 min, 0.46 s/step
  epoch 2/2 step 9000/40601 loss 0.4002 ce 0.5568 reward 0.075 lr 8.90e-06 382.0 min, 0.46 s/step
  epoch 2/2 step 9050/40601 loss -0.1582 ce 0.2542 reward 0.468 lr 8.88e-06 382.4 min, 0.46 s/step
  epoch 2/2 step 9100/40601 loss 0.8439 ce 0.4730 reward 0.164 lr 8.86e-06 382.8 min, 0.46 s/step
  epoch 2/2 step 9150/40601 loss 0.2951 ce 0.4226 reward 0.245 lr 8.84e-06 383.1 min, 0.46 s/step
  epoch 2/2 step 9200/40601 loss 0.9557 ce 0.8923 reward -0.333 lr 8.82e-06 383.5 min, 0.46 s/step
  epoch 2/2 step 9250/40601 loss -0.4868 ce 0.6058 reward 0.072 lr 8.80e-06 383.9 min, 0.46 s/step
  epoch 2/2 step 9300/40601 loss -0.7854 ce 0.5547 reward 0.131 lr 8.77e-06 384.2 min, 0.46 s/step
  epoch 2/2 step 9350/40601 loss 0.5982 ce 0.5996 reward 0.042 lr 8.75e-06 384.6 min, 0.46 s/step
  epoch 2/2 step 9400/40601 loss 0.4824 ce 0.6417 reward -0.077 lr 8.73e-06 385.0 min, 0.46 s/step
  epoch 2/2 step 9450/40601 loss 0.2555 ce 0.5453 reward 0.067 lr 8.71e-06 385.3 min, 0.46 s/step
  epoch 2/2 step 9500/40601 loss -0.1094 ce 0.3911 reward 0.299 lr 8.69e-06 385.7 min, 0.46 s/step
  epoch 2/2 step 9550/40601 loss 0.5377 ce 0.3310 reward 0.348 lr 8.67e-06 386.1 min, 0.46 s/step
  epoch 2/2 step 9600/40601 loss -0.4412 ce 0.6057 reward 0.072 lr 8.64e-06 386.5 min, 0.46 s/step
  epoch 2/2 step 9650/40601 loss 0.5298 ce 0.4213 reward 0.222 lr 8.62e-06 386.9 min, 0.46 s/step
  epoch 2/2 step 9700/40601 loss 0.5297 ce 0.4329 reward 0.206 lr 8.60e-06 387.3 min, 0.46 s/step
  epoch 2/2 step 9750/40601 loss 0.3255 ce 0.4316 reward 0.207 lr 8.58e-06 387.7 min, 0.46 s/step
  epoch 2/2 step 9800/40601 loss 0.4738 ce 0.5116 reward 0.104 lr 8.56e-06 388.0 min, 0.46 s/step
  epoch 2/2 step 9850/40601 loss 0.2988 ce 0.5669 reward 0.023 lr 8.54e-06 388.4 min, 0.46 s/step
  epoch 2/2 step 9900/40601 loss -0.6299 ce 0.6057 reward 0.072 lr 8.51e-06 388.8 min, 0.46 s/step
  epoch 2/2 step 9950/40601 loss 0.2223 ce 0.7475 reward -0.181 lr 8.49e-06 389.2 min, 0.46 s/step
  epoch 2/2 step 10000/40601 loss 0.4639 ce 0.3851 reward 0.305 lr 8.47e-06 389.6 min, 0.46 s/step
  epoch 2/2 step 10050/40601 loss 0.4936 ce 0.4221 reward 0.258 lr 8.45e-06 389.9 min, 0.46 s/step
  epoch 2/2 step 10100/40601 loss 0.6587 ce 0.5415 reward 0.104 lr 8.43e-06 390.3 min, 0.46 s/step
  epoch 2/2 step 10150/40601 loss 0.6182 ce 0.4061 reward 0.263 lr 8.41e-06 390.7 min, 0.46 s/step
  epoch 2/2 step 10200/40601 loss 0.3785 ce 0.3286 reward 0.352 lr 8.38e-06 391.1 min, 0.46 s/step
  epoch 2/2 step 10250/40601 loss 0.8198 ce 0.3902 reward 0.293 lr 8.36e-06 391.4 min, 0.46 s/step
  epoch 2/2 step 10300/40601 loss 0.3315 ce 0.4871 reward 0.170 lr 8.34e-06 391.8 min, 0.46 s/step
  epoch 2/2 step 10350/40601 loss 0.3854 ce 0.3978 reward 0.247 lr 8.32e-06 392.3 min, 0.46 s/step
  epoch 2/2 step 10400/40601 loss -0.5374 ce 0.3898 reward 0.300 lr 8.30e-06 392.6 min, 0.46 s/step
  epoch 2/2 step 10450/40601 loss 0.4141 ce 0.4131 reward 0.231 lr 8.28e-06 392.9 min, 0.46 s/step
  epoch 2/2 step 10500/40601 loss 0.5358 ce 0.5633 reward 0.041 lr 8.26e-06 393.3 min, 0.46 s/step
  epoch 2/2 step 10550/40601 loss 0.5449 ce 0.5961 reward 0.030 lr 8.24e-06 393.7 min, 0.46 s/step
  epoch 2/2 step 10600/40601 loss 0.4655 ce 0.5899 reward 0.040 lr 8.21e-06 394.0 min, 0.46 s/step
  epoch 2/2 step 10650/40601 loss -0.0389 ce 0.3918 reward 0.297 lr 8.19e-06 394.5 min, 0.46 s/step
  epoch 2/2 step 10700/40601 loss -0.9690 ce 0.6183 reward 0.059 lr 8.17e-06 394.8 min, 0.46 s/step
  epoch 2/2 step 10750/40601 loss 0.3762 ce 0.4123 reward 0.230 lr 8.15e-06 395.2 min, 0.46 s/step
  epoch 2/2 step 10800/40601 loss -0.4943 ce 0.6151 reward 0.062 lr 8.13e-06 395.6 min, 0.46 s/step
  epoch 2/2 step 10850/40601 loss -0.5197 ce 0.6120 reward 0.065 lr 8.11e-06 396.0 min, 0.46 s/step
  epoch 2/2 step 10900/40601 loss -0.0223 ce 0.5907 reward 0.009 lr 8.09e-06 396.4 min, 0.46 s/step
  epoch 2/2 step 10950/40601 loss 0.1640 ce 0.6247 reward -0.020 lr 8.07e-06 396.8 min, 0.46 s/step
  epoch 2/2 step 11000/40601 loss 0.0931 ce 0.4819 reward 0.140 lr 8.04e-06 397.2 min, 0.46 s/step
  epoch 2/2 step 11050/40601 loss -0.5132 ce 0.3235 reward 0.377 lr 8.02e-06 397.5 min, 0.46 s/step
  epoch 2/2 step 11100/40601 loss 0.6639 ce 0.4776 reward 0.163 lr 8.00e-06 398.0 min, 0.46 s/step
  epoch 2/2 step 11150/40601 loss 0.6530 ce 0.4075 reward 0.251 lr 7.98e-06 398.5 min, 0.46 s/step
  epoch 2/2 step 11200/40601 loss -0.5077 ce 0.2995 reward 0.404 lr 7.96e-06 398.7 min, 0.46 s/step
  epoch 2/2 step 11250/40601 loss 0.1235 ce 0.4293 reward 0.218 lr 7.94e-06 399.1 min, 0.46 s/step
  epoch 2/2 step 11300/40601 loss 0.2767 ce 0.5007 reward 0.140 lr 7.92e-06 399.6 min, 0.46 s/step
  epoch 2/2 step 11350/40601 loss -0.3304 ce 0.3111 reward 0.365 lr 7.90e-06 400.0 min, 0.46 s/step
  epoch 2/2 step 11400/40601 loss -0.3388 ce 0.6058 reward 0.072 lr 7.88e-06 400.4 min, 0.46 s/step
  epoch 2/2 step 11450/40601 loss -1.1843 ce 0.6120 reward 0.065 lr 7.86e-06 400.8 min, 0.46 s/step
  epoch 2/2 step 11500/40601 loss -0.4432 ce 0.6089 reward 0.069 lr 7.83e-06 401.3 min, 0.46 s/step
  epoch 2/2 step 11550/40601 loss 0.3425 ce 0.6307 reward 0.046 lr 7.81e-06 401.7 min, 0.46 s/step
  epoch 2/2 step 11600/40601 loss 0.0091 ce 0.6089 reward 0.069 lr 7.79e-06 402.1 min, 0.46 s/step
  epoch 2/2 step 11650/40601 loss 0.1956 ce 0.3190 reward 0.359 lr 7.77e-06 402.5 min, 0.46 s/step
  epoch 2/2 step 11700/40601 loss 0.1882 ce 0.5614 reward 0.055 lr 7.75e-06 402.9 min, 0.46 s/step
  epoch 2/2 step 11750/40601 loss 0.5483 ce 0.5284 reward 0.089 lr 7.73e-06 403.3 min, 0.46 s/step
  epoch 2/2 step 11800/40601 loss 0.1523 ce 0.3618 reward 0.295 lr 7.71e-06 403.6 min, 0.46 s/step
  epoch 2/2 step 11850/40601 loss 0.6881 ce 0.4522 reward 0.180 lr 7.69e-06 403.9 min, 0.46 s/step
  epoch 2/2 step 11900/40601 loss -0.7096 ce 0.6151 reward 0.062 lr 7.67e-06 404.3 min, 0.46 s/step
  epoch 2/2 step 11950/40601 loss -0.9099 ce 0.6152 reward 0.063 lr 7.65e-06 404.7 min, 0.46 s/step
  epoch 2/2 step 12000/40601 loss 0.6874 ce 0.6082 reward 0.003 lr 7.63e-06 405.0 min, 0.46 s/step
  epoch 2/2 step 12050/40601 loss 0.7623 ce 0.3858 reward 0.306 lr 7.61e-06 405.5 min, 0.46 s/step
  epoch 2/2 step 12100/40601 loss 0.5293 ce 0.5689 reward 0.074 lr 7.58e-06 405.9 min, 0.46 s/step
  epoch 2/2 step 12150/40601 loss 0.5947 ce 0.6372 reward -0.057 lr 7.56e-06 406.2 min, 0.46 s/step
  epoch 2/2 step 12200/40601 loss -0.2835 ce 0.4226 reward 0.256 lr 7.54e-06 406.5 min, 0.46 s/step
  epoch 2/2 step 12250/40601 loss 0.8522 ce 0.6711 reward 0.005 lr 7.52e-06 406.9 min, 0.46 s/step
  epoch 2/2 step 12300/40601 loss 0.1277 ce 0.1799 reward 0.538 lr 7.50e-06 407.3 min, 0.46 s/step
  epoch 2/2 step 12350/40601 loss 0.3366 ce 0.4943 reward 0.170 lr 7.48e-06 407.7 min, 0.46 s/step
  epoch 2/2 step 12400/40601 loss 0.8637 ce 0.6303 reward -0.057 lr 7.46e-06 408.0 min, 0.46 s/step
  epoch 2/2 step 12450/40601 loss -0.0398 ce 0.2648 reward 0.455 lr 7.44e-06 408.3 min, 0.46 s/step
  epoch 2/2 step 12500/40601 loss 0.4420 ce 0.5707 reward 0.029 lr 7.42e-06 408.7 min, 0.46 s/step
  epoch 2/2 step 12550/40601 loss 0.6120 ce 0.3855 reward 0.293 lr 7.40e-06 409.1 min, 0.46 s/step
  epoch 2/2 step 12600/40601 loss -0.5533 ce 0.6298 reward 0.047 lr 7.38e-06 409.5 min, 0.46 s/step
  epoch 2/2 step 12650/40601 loss 0.2289 ce 0.2196 reward 0.472 lr 7.36e-06 409.9 min, 0.46 s/step
  epoch 2/2 step 12700/40601 loss -0.4378 ce 0.6088 reward 0.069 lr 7.34e-06 410.4 min, 0.46 s/step
  epoch 2/2 step 12750/40601 loss 0.7513 ce 0.5259 reward 0.081 lr 7.32e-06 410.7 min, 0.46 s/step
  epoch 2/2 step 12800/40601 loss 0.0725 ce 0.6210 reward 0.007 lr 7.30e-06 411.1 min, 0.46 s/step
  epoch 2/2 step 12850/40601 loss 0.4837 ce 0.4564 reward 0.214 lr 7.28e-06 411.5 min, 0.46 s/step
  epoch 2/2 step 12900/40601 loss 0.5549 ce 0.4147 reward 0.234 lr 7.25e-06 411.9 min, 0.46 s/step
  epoch 2/2 step 12950/40601 loss 0.7601 ce 0.5611 reward 0.030 lr 7.24e-06 412.2 min, 0.46 s/step
  epoch 2/2 step 13000/40601 loss 0.4549 ce 0.6120 reward 0.066 lr 7.21e-06 412.6 min, 0.46 s/step
  epoch 2/2 step 13050/40601 loss 0.5045 ce 0.4304 reward 0.205 lr 7.19e-06 413.0 min, 0.46 s/step
  epoch 2/2 step 13100/40601 loss 0.1119 ce 0.6183 reward 0.059 lr 7.17e-06 413.4 min, 0.46 s/step
  epoch 2/2 step 13150/40601 loss 0.1392 ce 0.3841 reward 0.268 lr 7.15e-06 413.8 min, 0.46 s/step
  epoch 2/2 step 13200/40601 loss -0.2097 ce 0.3928 reward 0.296 lr 7.13e-06 414.1 min, 0.46 s/step
  epoch 2/2 step 13250/40601 loss 0.1942 ce 0.5772 reward 0.020 lr 7.11e-06 414.5 min, 0.46 s/step
  epoch 2/2 step 13300/40601 loss 2.3819 ce 1.2303 reward -0.611 lr 7.09e-06 414.8 min, 0.46 s/step
  epoch 2/2 step 13350/40601 loss 0.4047 ce 0.6249 reward -0.044 lr 7.07e-06 415.2 min, 0.46 s/step
  epoch 2/2 step 13400/40601 loss -0.8563 ce 0.3900 reward 0.300 lr 7.05e-06 415.7 min, 0.46 s/step
  epoch 2/2 step 13450/40601 loss 0.4335 ce 0.5682 reward 0.028 lr 7.03e-06 416.0 min, 0.46 s/step
  epoch 2/2 step 13500/40601 loss 0.5805 ce 0.2627 reward 0.435 lr 7.01e-06 416.4 min, 0.46 s/step
  epoch 2/2 step 13550/40601 loss -0.2150 ce 0.6121 reward 0.065 lr 6.99e-06 416.8 min, 0.46 s/step
  epoch 2/2 step 13600/40601 loss 0.8157 ce 0.9208 reward -0.352 lr 6.97e-06 417.1 min, 0.46 s/step
  epoch 2/2 step 13650/40601 loss 0.3398 ce 0.4134 reward 0.232 lr 6.95e-06 417.5 min, 0.46 s/step
  epoch 2/2 step 13700/40601 loss 0.1880 ce 0.4489 reward 0.181 lr 6.93e-06 417.8 min, 0.46 s/step
  epoch 2/2 step 13750/40601 loss 0.6062 ce 0.5937 reward 0.046 lr 6.91e-06 418.3 min, 0.46 s/step
  epoch 2/2 step 13800/40601 loss 0.1335 ce 0.4640 reward 0.160 lr 6.89e-06 418.6 min, 0.46 s/step
  epoch 2/2 step 13850/40601 loss 0.4311 ce 0.4241 reward 0.230 lr 6.87e-06 419.0 min, 0.46 s/step
  epoch 2/2 step 13900/40601 loss 0.3949 ce 0.4299 reward 0.240 lr 6.85e-06 419.4 min, 0.46 s/step
  epoch 2/2 step 13950/40601 loss 0.0241 ce 0.3898 reward 0.300 lr 6.83e-06 419.7 min, 0.46 s/step
  epoch 2/2 step 14000/40601 loss -0.1449 ce 0.6089 reward 0.069 lr 6.81e-06 420.2 min, 0.46 s/step
  epoch 2/2 step 14050/40601 loss 0.3582 ce 0.3914 reward 0.284 lr 6.79e-06 420.6 min, 0.46 s/step
  epoch 2/2 step 14100/40601 loss -0.5282 ce 0.4232 reward 0.281 lr 6.77e-06 421.0 min, 0.46 s/step
  epoch 2/2 step 14150/40601 loss -0.0618 ce 0.2138 reward 0.491 lr 6.75e-06 421.4 min, 0.46 s/step
  epoch 2/2 step 14200/40601 loss 0.4786 ce 0.5100 reward 0.108 lr 6.73e-06 421.7 min, 0.46 s/step
  epoch 2/2 step 14250/40601 loss -1.3606 ce 0.6151 reward 0.062 lr 6.71e-06 422.1 min, 0.46 s/step
  epoch 2/2 step 14300/40601 loss 0.2858 ce 0.4077 reward 0.240 lr 6.69e-06 422.5 min, 0.46 s/step
  epoch 2/2 step 14350/40601 loss 1.2008 ce 0.6508 reward -0.044 lr 6.67e-06 422.8 min, 0.46 s/step
  epoch 2/2 step 14400/40601 loss 0.3919 ce 0.4717 reward 0.163 lr 6.65e-06 423.1 min, 0.46 s/step
  epoch 2/2 step 14450/40601 loss 1.0903 ce 1.0080 reward -0.478 lr 6.63e-06 423.5 min, 0.46 s/step
  epoch 2/2 step 14500/40601 loss 0.2185 ce 0.6151 reward 0.062 lr 6.61e-06 423.9 min, 0.46 s/step
  epoch 2/2 step 14550/40601 loss 0.5033 ce 0.4002 reward 0.285 lr 6.60e-06 424.2 min, 0.46 s/step
  epoch 2/2 step 14600/40601 loss 0.9663 ce 0.4542 reward 0.191 lr 6.57e-06 424.6 min, 0.46 s/step
  epoch 2/2 step 14650/40601 loss 0.1416 ce 0.5435 reward 0.062 lr 6.56e-06 425.0 min, 0.46 s/step
  epoch 2/2 step 14700/40601 loss 0.3367 ce 0.5066 reward 0.124 lr 6.54e-06 425.4 min, 0.46 s/step
  epoch 2/2 step 14750/40601 loss 0.4311 ce 0.4672 reward 0.199 lr 6.52e-06 425.7 min, 0.46 s/step
  epoch 2/2 step 14800/40601 loss 0.2151 ce 0.4854 reward 0.140 lr 6.50e-06 426.2 min, 0.46 s/step
  epoch 2/2 step 14850/40601 loss 0.4618 ce 0.5103 reward 0.122 lr 6.48e-06 426.7 min, 0.46 s/step
  epoch 2/2 step 14900/40601 loss 0.7703 ce 0.3684 reward 0.298 lr 6.46e-06 427.1 min, 0.46 s/step
  epoch 2/2 step 14950/40601 loss 0.4069 ce 0.4504 reward 0.214 lr 6.44e-06 427.4 min, 0.46 s/step
  epoch 2/2 step 15000/40601 loss 0.7460 ce 0.5689 reward 0.115 lr 6.42e-06 427.8 min, 0.46 s/step
  epoch 2/2 step 15050/40601 loss 0.7138 ce 0.6939 reward -0.104 lr 6.40e-06 428.2 min, 0.46 s/step
  epoch 2/2 step 15100/40601 loss -0.5414 ce 0.6151 reward 0.062 lr 6.38e-06 428.6 min, 0.46 s/step
  epoch 2/2 step 15150/40601 loss 0.0127 ce 0.6057 reward 0.072 lr 6.36e-06 429.0 min, 0.46 s/step
  epoch 2/2 step 15200/40601 loss -0.2231 ce 0.3448 reward 0.329 lr 6.34e-06 429.4 min, 0.46 s/step
  epoch 2/2 step 15250/40601 loss 0.4596 ce 0.4691 reward 0.158 lr 6.32e-06 429.8 min, 0.46 s/step
  epoch 2/2 step 15300/40601 loss 0.1370 ce 0.1764 reward 0.532 lr 6.30e-06 430.2 min, 0.46 s/step
  epoch 2/2 step 15350/40601 loss 0.7074 ce 0.9695 reward -0.421 lr 6.28e-06 430.6 min, 0.46 s/step
  epoch 2/2 step 15400/40601 loss -0.2297 ce 0.4409 reward 0.214 lr 6.26e-06 430.9 min, 0.46 s/step
  epoch 2/2 step 15450/40601 loss 0.5239 ce 0.5398 reward 0.064 lr 6.25e-06 431.3 min, 0.46 s/step
  epoch 2/2 step 15500/40601 loss 0.9349 ce 0.8089 reward -0.188 lr 6.23e-06 431.8 min, 0.46 s/step
  epoch 2/2 step 15550/40601 loss 0.2877 ce 0.3921 reward 0.262 lr 6.21e-06 432.2 min, 0.46 s/step
  epoch 2/2 step 15600/40601 loss -0.2849 ce 0.2620 reward 0.429 lr 6.19e-06 432.5 min, 0.46 s/step
  epoch 2/2 step 15650/40601 loss 0.3179 ce 0.4296 reward 0.217 lr 6.17e-06 432.9 min, 0.46 s/step
  epoch 2/2 step 15700/40601 loss 0.5293 ce 0.3807 reward 0.302 lr 6.15e-06 433.2 min, 0.46 s/step
  epoch 2/2 step 15750/40601 loss 0.6487 ce 0.5941 reward -0.013 lr 6.13e-06 433.6 min, 0.46 s/step
  epoch 2/2 step 15800/40601 loss 0.7516 ce 0.6769 reward -0.001 lr 6.11e-06 434.1 min, 0.46 s/step
  epoch 2/2 step 15850/40601 loss 0.2556 ce 0.5768 reward 0.048 lr 6.09e-06 434.5 min, 0.46 s/step
  epoch 2/2 step 15900/40601 loss 0.7372 ce 0.4426 reward 0.224 lr 6.07e-06 434.9 min, 0.46 s/step
  epoch 2/2 step 15950/40601 loss 0.2108 ce 0.3265 reward 0.354 lr 6.06e-06 435.2 min, 0.46 s/step
  epoch 2/2 step 16000/40601 loss 0.2181 ce 0.2425 reward 0.463 lr 6.04e-06 435.6 min, 0.46 s/step
  epoch 2/2 step 16050/40601 loss 0.3575 ce 0.8173 reward -0.295 lr 6.02e-06 436.0 min, 0.46 s/step
  epoch 2/2 step 16100/40601 loss -0.2847 ce 0.6119 reward 0.066 lr 6.00e-06 436.5 min, 0.46 s/step
  epoch 2/2 step 16150/40601 loss 0.4251 ce 0.6420 reward 0.020 lr 5.98e-06 436.9 min, 0.46 s/step
  epoch 2/2 step 16200/40601 loss 0.2324 ce 0.5051 reward 0.110 lr 5.96e-06 437.3 min, 0.46 s/step
  epoch 2/2 step 16250/40601 loss 1.1670 ce 0.4430 reward 0.195 lr 5.94e-06 437.6 min, 0.46 s/step
  epoch 2/2 step 16300/40601 loss 0.3340 ce 0.5226 reward 0.095 lr 5.92e-06 438.0 min, 0.46 s/step
  epoch 2/2 step 16350/40601 loss -0.7020 ce 0.0773 reward 0.664 lr 5.90e-06 438.4 min, 0.46 s/step
  epoch 2/2 step 16400/40601 loss 0.1397 ce 0.1960 reward 0.516 lr 5.89e-06 438.8 min, 0.46 s/step
  epoch 2/2 step 16450/40601 loss 0.0790 ce 0.4722 reward 0.156 lr 5.87e-06 439.2 min, 0.46 s/step
  epoch 2/2 step 16500/40601 loss 0.4719 ce 0.4623 reward 0.190 lr 5.85e-06 439.6 min, 0.46 s/step
  epoch 2/2 step 16550/40601 loss 0.4234 ce 0.5315 reward 0.109 lr 5.83e-06 439.9 min, 0.46 s/step
  epoch 2/2 step 16600/40601 loss 0.5259 ce 0.5621 reward 0.040 lr 5.81e-06 440.3 min, 0.46 s/step
  epoch 2/2 step 16650/40601 loss 0.6331 ce 0.6114 reward -0.031 lr 5.79e-06 440.6 min, 0.46 s/step
  epoch 2/2 step 16700/40601 loss 0.3654 ce 0.2854 reward 0.413 lr 5.77e-06 441.0 min, 0.46 s/step
  epoch 2/2 step 16750/40601 loss -0.0869 ce 0.2133 reward 0.497 lr 5.76e-06 441.3 min, 0.46 s/step
  epoch 2/2 step 16800/40601 loss 0.3771 ce 0.3862 reward 0.265 lr 5.74e-06 441.8 min, 0.46 s/step
  epoch 2/2 step 16850/40601 loss 0.2789 ce 0.3040 reward 0.362 lr 5.72e-06 442.1 min, 0.46 s/step
  epoch 2/2 step 16900/40601 loss -0.2249 ce 0.3833 reward 0.277 lr 5.70e-06 442.5 min, 0.46 s/step
  epoch 2/2 step 16950/40601 loss -0.6991 ce 0.6769 reward -0.001 lr 5.68e-06 442.9 min, 0.46 s/step
  epoch 2/2 step 17000/40601 loss 0.4286 ce 0.5535 reward 0.077 lr 5.66e-06 443.2 min, 0.46 s/step
  epoch 2/2 step 17050/40601 loss -0.1899 ce 0.3294 reward 0.370 lr 5.65e-06 443.6 min, 0.46 s/step
  epoch 2/2 step 17100/40601 loss 0.6307 ce 0.5827 reward 0.014 lr 5.63e-06 443.9 min, 0.46 s/step
  epoch 2/2 step 17150/40601 loss 0.3454 ce 0.6605 reward -0.092 lr 5.61e-06 444.3 min, 0.46 s/step
  epoch 2/2 step 17200/40601 loss 0.1724 ce 0.3776 reward 0.272 lr 5.59e-06 444.6 min, 0.46 s/step
  epoch 2/2 step 17250/40601 loss 0.5829 ce 0.4708 reward 0.165 lr 5.57e-06 444.9 min, 0.46 s/step
  epoch 2/2 step 17300/40601 loss 1.5126 ce 0.6389 reward -0.010 lr 5.55e-06 445.3 min, 0.46 s/step
  epoch 2/2 step 17350/40601 loss -0.7087 ce 0.5394 reward 0.147 lr 5.54e-06 445.7 min, 0.46 s/step
  epoch 2/2 step 17400/40601 loss 0.1333 ce 0.3472 reward 0.349 lr 5.52e-06 446.1 min, 0.46 s/step
  epoch 2/2 step 17450/40601 loss 0.0431 ce 0.3415 reward 0.356 lr 5.50e-06 446.4 min, 0.46 s/step
  epoch 2/2 step 17500/40601 loss -0.2859 ce 0.6151 reward 0.062 lr 5.48e-06 446.8 min, 0.46 s/step
  epoch 2/2 step 17550/40601 loss 0.4703 ce 0.5435 reward 0.094 lr 5.46e-06 447.3 min, 0.46 s/step
  epoch 2/2 step 17600/40601 loss 0.2202 ce 0.5039 reward 0.136 lr 5.44e-06 447.6 min, 0.46 s/step
  epoch 2/2 step 17650/40601 loss 0.3858 ce 0.4172 reward 0.233 lr 5.43e-06 448.0 min, 0.46 s/step
  epoch 2/2 step 17700/40601 loss 0.4485 ce 0.4569 reward 0.177 lr 5.41e-06 448.4 min, 0.46 s/step
  epoch 2/2 step 17750/40601 loss 0.5186 ce 0.4473 reward 0.190 lr 5.39e-06 448.8 min, 0.46 s/step
  epoch 2/2 step 17800/40601 loss 0.8314 ce 0.5383 reward 0.105 lr 5.37e-06 449.3 min, 0.46 s/step
  epoch 2/2 step 17850/40601 loss 0.2444 ce 0.3951 reward 0.294 lr 5.36e-06 449.7 min, 0.46 s/step
  epoch 2/2 step 17900/40601 loss -0.0429 ce 0.4592 reward 0.175 lr 5.34e-06 450.0 min, 0.46 s/step
  epoch 2/2 step 17950/40601 loss 0.3770 ce 0.6137 reward -0.038 lr 5.32e-06 450.4 min, 0.46 s/step
  epoch 2/2 step 18000/40601 loss 0.1667 ce 0.5603 reward 0.030 lr 5.30e-06 450.8 min, 0.46 s/step
  epoch 2/2 step 18050/40601 loss 0.5885 ce 0.7105 reward -0.182 lr 5.28e-06 451.2 min, 0.46 s/step
  epoch 2/2 step 18100/40601 loss 0.5711 ce 0.8067 reward -0.259 lr 5.27e-06 451.5 min, 0.46 s/step
  epoch 2/2 step 18150/40601 loss 0.2169 ce 0.4844 reward 0.131 lr 5.25e-06 451.8 min, 0.46 s/step
  epoch 2/2 step 18200/40601 loss 0.4595 ce 0.4954 reward 0.130 lr 5.23e-06 452.2 min, 0.46 s/step
  epoch 2/2 step 18250/40601 loss 0.4576 ce 0.4912 reward 0.137 lr 5.21e-06 452.7 min, 0.46 s/step
  epoch 2/2 step 18300/40601 loss 0.4056 ce 0.4515 reward 0.188 lr 5.19e-06 453.0 min, 0.46 s/step
  epoch 2/2 step 18350/40601 loss 1.0641 ce 1.2360 reward -0.769 lr 5.18e-06 453.4 min, 0.46 s/step
  epoch 2/2 step 18400/40601 loss -0.3855 ce 0.6057 reward 0.072 lr 5.16e-06 453.7 min, 0.46 s/step
  epoch 2/2 step 18450/40601 loss -0.4916 ce 0.6089 reward 0.069 lr 5.14e-06 454.1 min, 0.46 s/step
  epoch 2/2 step 18500/40601 loss 0.0051 ce 0.4998 reward 0.147 lr 5.12e-06 454.6 min, 0.46 s/step
  epoch 2/2 step 18550/40601 loss 0.5590 ce 0.4950 reward 0.121 lr 5.11e-06 454.9 min, 0.46 s/step
  epoch 2/2 step 18600/40601 loss 0.1165 ce 0.3617 reward 0.327 lr 5.09e-06 455.3 min, 0.46 s/step
  epoch 2/2 step 18650/40601 loss 0.1173 ce 0.1877 reward 0.527 lr 5.07e-06 455.7 min, 0.46 s/step
  epoch 2/2 step 18700/40601 loss 0.4147 ce 0.1940 reward 0.522 lr 5.05e-06 456.1 min, 0.46 s/step
  epoch 2/2 step 18750/40601 loss -0.1432 ce 0.5140 reward 0.096 lr 5.04e-06 456.4 min, 0.46 s/step
  epoch 2/2 step 18800/40601 loss 1.3948 ce 0.9504 reward -0.393 lr 5.02e-06 456.8 min, 0.46 s/step
  epoch 2/2 step 18850/40601 loss 0.9784 ce 1.0957 reward -0.577 lr 5.00e-06 457.3 min, 0.46 s/step
  epoch 2/2 step 18900/40601 loss 0.7115 ce 0.5629 reward 0.040 lr 4.99e-06 457.7 min, 0.46 s/step
  epoch 2/2 step 18950/40601 loss 0.6005 ce 0.6307 reward -0.014 lr 4.97e-06 458.1 min, 0.46 s/step
  epoch 2/2 step 19000/40601 loss -0.1275 ce 0.3898 reward 0.300 lr 4.95e-06 458.5 min, 0.46 s/step
  epoch 2/2 step 19050/40601 loss 1.0232 ce 0.6214 reward 0.056 lr 4.93e-06 458.9 min, 0.46 s/step
  epoch 2/2 step 19100/40601 loss 0.4940 ce 0.4055 reward 0.238 lr 4.92e-06 459.2 min, 0.46 s/step
  epoch 2/2 step 19150/40601 loss 1.2058 ce 0.8780 reward -0.320 lr 4.90e-06 459.5 min, 0.46 s/step
  epoch 2/2 step 19200/40601 loss -0.0030 ce 0.3692 reward 0.324 lr 4.88e-06 459.9 min, 0.46 s/step
  epoch 2/2 step 19250/40601 loss 0.0526 ce 0.5357 reward 0.106 lr 4.87e-06 460.3 min, 0.46 s/step
  epoch 2/2 step 19300/40601 loss 0.4710 ce 0.5815 reward 0.015 lr 4.85e-06 460.6 min, 0.46 s/step
  epoch 2/2 step 19350/40601 loss 0.6936 ce 0.5469 reward 0.066 lr 4.83e-06 461.0 min, 0.46 s/step
  epoch 2/2 step 19400/40601 loss -0.4874 ce 0.3899 reward 0.300 lr 4.81e-06 461.3 min, 0.46 s/step
  epoch 2/2 step 19450/40601 loss 0.7525 ce 0.6507 reward -0.076 lr 4.80e-06 461.6 min, 0.46 s/step
  epoch 2/2 step 19500/40601 loss 0.3516 ce 0.4212 reward 0.257 lr 4.78e-06 462.0 min, 0.46 s/step
  epoch 2/2 step 19550/40601 loss 0.4302 ce 0.6110 reward -0.024 lr 4.76e-06 462.4 min, 0.46 s/step
  epoch 2/2 step 19600/40601 loss -0.2899 ce 0.3898 reward 0.300 lr 4.75e-06 462.7 min, 0.46 s/step
  epoch 2/2 step 19650/40601 loss 0.2395 ce 0.4230 reward 0.223 lr 4.73e-06 463.1 min, 0.46 s/step
  epoch 2/2 step 19700/40601 loss 0.0728 ce 0.4503 reward 0.181 lr 4.71e-06 463.5 min, 0.46 s/step
  epoch 2/2 step 19750/40601 loss 0.2714 ce 0.2223 reward 0.476 lr 4.70e-06 463.9 min, 0.46 s/step
  epoch 2/2 step 19800/40601 loss 0.1731 ce 0.6153 reward 0.062 lr 4.68e-06 464.3 min, 0.46 s/step
  epoch 2/2 step 19850/40601 loss -0.7239 ce 0.6090 reward 0.069 lr 4.66e-06 464.7 min, 0.46 s/step
  epoch 2/2 step 19900/40601 loss 0.1370 ce 0.3872 reward 0.263 lr 4.65e-06 465.1 min, 0.46 s/step
  epoch 2/2 step 19950/40601 loss 0.8736 ce 0.6913 reward -0.052 lr 4.63e-06 465.5 min, 0.46 s/step
  epoch 2/2 step 20000/40601 loss 0.2304 ce 0.5739 reward 0.064 lr 4.61e-06 465.9 min, 0.46 s/step
  epoch 2/2 step 20050/40601 loss -0.0791 ce 0.1392 reward 0.590 lr 4.60e-06 466.4 min, 0.46 s/step
  epoch 2/2 step 20100/40601 loss 0.4715 ce 0.6150 reward -0.035 lr 4.58e-06 466.7 min, 0.46 s/step
  epoch 2/2 step 20150/40601 loss -0.0596 ce 0.3833 reward 0.271 lr 4.56e-06 467.1 min, 0.46 s/step
  epoch 2/2 step 20200/40601 loss 0.3297 ce 0.4765 reward 0.161 lr 4.55e-06 467.5 min, 0.46 s/step
  epoch 2/2 step 20250/40601 loss 0.1789 ce 0.4302 reward 0.245 lr 4.53e-06 467.9 min, 0.46 s/step
  epoch 2/2 step 20300/40601 loss 0.4412 ce 0.5642 reward 0.031 lr 4.51e-06 468.2 min, 0.46 s/step
  epoch 2/2 step 20350/40601 loss 0.2674 ce 0.3673 reward 0.302 lr 4.50e-06 468.5 min, 0.46 s/step
  epoch 2/2 step 20400/40601 loss 0.3152 ce 0.3380 reward 0.334 lr 4.48e-06 469.0 min, 0.46 s/step
  epoch 2/2 step 20450/40601 loss 0.4595 ce 0.4315 reward 0.198 lr 4.46e-06 469.4 min, 0.46 s/step
  epoch 2/2 step 20500/40601 loss 0.7135 ce 0.4035 reward 0.248 lr 4.45e-06 469.8 min, 0.46 s/step
  epoch 2/2 step 20550/40601 loss -0.7392 ce 0.6119 reward 0.066 lr 4.43e-06 470.2 min, 0.46 s/step
  epoch 2/2 step 20600/40601 loss 0.1092 ce 0.3719 reward 0.306 lr 4.42e-06 470.6 min, 0.46 s/step
  epoch 2/2 step 20650/40601 loss 0.8114 ce 0.5254 reward 0.090 lr 4.40e-06 470.9 min, 0.46 s/step
  epoch 2/2 step 20700/40601 loss 0.5903 ce 0.8404 reward -0.260 lr 4.38e-06 471.3 min, 0.46 s/step
  epoch 2/2 step 20750/40601 loss 1.6095 ce 1.1414 reward -0.634 lr 4.37e-06 471.6 min, 0.46 s/step
  epoch 2/2 step 20800/40601 loss 0.2662 ce 0.4683 reward 0.154 lr 4.35e-06 472.0 min, 0.46 s/step
  epoch 2/2 step 20850/40601 loss 1.0054 ce 0.5769 reward 0.055 lr 4.34e-06 472.4 min, 0.46 s/step
  epoch 2/2 step 20900/40601 loss -1.5448 ce 0.4430 reward 0.254 lr 4.32e-06 472.7 min, 0.46 s/step
  epoch 2/2 step 20950/40601 loss 0.7191 ce 0.3941 reward 0.267 lr 4.30e-06 473.1 min, 0.46 s/step
  epoch 2/2 step 21000/40601 loss 0.4851 ce 0.3386 reward 0.351 lr 4.29e-06 473.6 min, 0.46 s/step
  epoch 2/2 step 21050/40601 loss 0.2091 ce 0.4903 reward 0.133 lr 4.27e-06 474.0 min, 0.46 s/step
  epoch 2/2 step 21100/40601 loss -1.6463 ce 0.6088 reward 0.069 lr 4.25e-06 474.3 min, 0.46 s/step
  epoch 2/2 step 21150/40601 loss 0.5737 ce 0.5704 reward 0.010 lr 4.24e-06 474.7 min, 0.46 s/step
  epoch 2/2 step 21200/40601 loss -0.3429 ce 0.6120 reward 0.066 lr 4.22e-06 475.1 min, 0.46 s/step
  epoch 2/2 step 21250/40601 loss 0.1732 ce 0.3426 reward 0.345 lr 4.21e-06 475.5 min, 0.46 s/step
  epoch 2/2 step 21300/40601 loss 0.9760 ce 0.5962 reward 0.019 lr 4.19e-06 475.9 min, 0.46 s/step
  epoch 2/2 step 21350/40601 loss 1.1289 ce 0.8131 reward -0.222 lr 4.18e-06 476.4 min, 0.46 s/step
  epoch 2/2 step 21400/40601 loss 0.3928 ce 0.6353 reward -0.050 lr 4.16e-06 476.8 min, 0.46 s/step
  epoch 2/2 step 21450/40601 loss 0.5663 ce 0.7998 reward -0.196 lr 4.15e-06 477.1 min, 0.46 s/step
  epoch 2/2 step 21500/40601 loss -0.7629 ce 0.3412 reward 0.356 lr 4.13e-06 477.5 min, 0.46 s/step
  epoch 2/2 step 21550/40601 loss 0.7615 ce 0.8025 reward -0.183 lr 4.11e-06 478.0 min, 0.46 s/step
  epoch 2/2 step 21600/40601 loss 0.2126 ce 0.5569 reward 0.077 lr 4.10e-06 478.4 min, 0.46 s/step
  epoch 2/2 step 21650/40601 loss -0.9508 ce 0.6151 reward 0.062 lr 4.08e-06 478.7 min, 0.46 s/step
  epoch 2/2 step 21700/40601 loss 0.1043 ce 0.5292 reward 0.118 lr 4.07e-06 479.1 min, 0.46 s/step
  epoch 2/2 step 21750/40601 loss 1.0289 ce 0.7140 reward -0.107 lr 4.05e-06 479.5 min, 0.46 s/step
  epoch 2/2 step 21800/40601 loss 0.8944 ce 0.8268 reward -0.231 lr 4.04e-06 479.8 min, 0.46 s/step
  epoch 2/2 step 21850/40601 loss 0.1573 ce 0.4411 reward 0.193 lr 4.02e-06 480.1 min, 0.46 s/step
  epoch 2/2 step 21900/40601 loss -0.3923 ce 0.6088 reward 0.069 lr 4.00e-06 480.5 min, 0.46 s/step
  epoch 2/2 step 21950/40601 loss 0.2570 ce 0.4855 reward 0.143 lr 3.99e-06 480.8 min, 0.46 s/step
  epoch 2/2 step 22000/40601 loss 1.0580 ce 0.6472 reward -0.067 lr 3.97e-06 481.2 min, 0.46 s/step
  epoch 2/2 step 22050/40601 loss 0.3520 ce 0.4162 reward 0.271 lr 3.96e-06 481.6 min, 0.46 s/step
  epoch 2/2 step 22100/40601 loss 1.1067 ce 0.6692 reward -0.055 lr 3.94e-06 481.9 min, 0.46 s/step
  epoch 2/2 step 22150/40601 loss -0.3127 ce 0.3898 reward 0.300 lr 3.93e-06 482.3 min, 0.46 s/step
  epoch 2/2 step 22200/40601 loss 0.7309 ce 0.6909 reward -0.078 lr 3.91e-06 482.7 min, 0.46 s/step
  epoch 2/2 step 22250/40601 loss 0.3264 ce 0.3529 reward 0.314 lr 3.90e-06 483.0 min, 0.46 s/step
  epoch 2/2 step 22300/40601 loss 0.3124 ce 0.3385 reward 0.374 lr 3.88e-06 483.4 min, 0.46 s/step
  epoch 2/2 step 22350/40601 loss 0.7173 ce 0.5422 reward 0.106 lr 3.87e-06 483.8 min, 0.46 s/step
  epoch 2/2 step 22400/40601 loss 0.3199 ce 0.4503 reward 0.182 lr 3.85e-06 484.2 min, 0.46 s/step
  epoch 2/2 step 22450/40601 loss 1.0811 ce 0.4149 reward 0.224 lr 3.84e-06 484.6 min, 0.46 s/step
  epoch 2/2 step 22500/40601 loss 0.1134 ce 0.3502 reward 0.341 lr 3.82e-06 485.0 min, 0.46 s/step
  epoch 2/2 step 22550/40601 loss 0.2591 ce 0.3461 reward 0.325 lr 3.81e-06 485.4 min, 0.46 s/step
  epoch 2/2 step 22600/40601 loss 0.0711 ce 0.3325 reward 0.335 lr 3.79e-06 485.8 min, 0.46 s/step
  epoch 2/2 step 22650/40601 loss 0.1716 ce 0.4201 reward 0.231 lr 3.78e-06 486.1 min, 0.46 s/step
  epoch 2/2 step 22700/40601 loss 0.6517 ce 0.8901 reward -0.344 lr 3.76e-06 486.4 min, 0.46 s/step
  epoch 2/2 step 22750/40601 loss -0.2413 ce 0.5778 reward 0.017 lr 3.75e-06 486.8 min, 0.46 s/step
  epoch 2/2 step 22800/40601 loss 0.1080 ce 0.3184 reward 0.357 lr 3.73e-06 487.2 min, 0.46 s/step
  epoch 2/2 step 22850/40601 loss 0.4196 ce 0.3304 reward 0.344 lr 3.72e-06 487.6 min, 0.46 s/step
  epoch 2/2 step 22900/40601 loss 0.5521 ce 0.5503 reward 0.051 lr 3.70e-06 488.1 min, 0.46 s/step
  epoch 2/2 step 22950/40601 loss 0.4276 ce 0.6429 reward -0.036 lr 3.69e-06 488.4 min, 0.46 s/step
  epoch 2/2 step 23000/40601 loss -0.8429 ce 0.6088 reward 0.069 lr 3.68e-06 488.8 min, 0.46 s/step
  epoch 2/2 step 23050/40601 loss 0.5032 ce 0.5040 reward 0.142 lr 3.66e-06 489.1 min, 0.46 s/step
  epoch 2/2 step 23100/40601 loss -0.0416 ce 0.4344 reward 0.240 lr 3.65e-06 489.5 min, 0.46 s/step
  epoch 2/2 step 23150/40601 loss 0.4136 ce 0.4667 reward 0.190 lr 3.63e-06 489.9 min, 0.46 s/step
  epoch 2/2 step 23200/40601 loss 0.8127 ce 0.3972 reward 0.259 lr 3.62e-06 490.2 min, 0.46 s/step
  epoch 2/2 step 23250/40601 loss 0.5909 ce 0.5445 reward 0.061 lr 3.60e-06 490.6 min, 0.46 s/step
  epoch 2/2 step 23300/40601 loss 0.2591 ce 0.4866 reward 0.141 lr 3.59e-06 491.0 min, 0.46 s/step
  epoch 2/2 step 23350/40601 loss 0.4333 ce 0.4853 reward 0.137 lr 3.57e-06 491.4 min, 0.46 s/step
  epoch 2/2 step 23400/40601 loss 0.0586 ce 0.4065 reward 0.243 lr 3.56e-06 491.8 min, 0.46 s/step
  epoch 2/2 step 23450/40601 loss 0.5304 ce 0.7332 reward -0.136 lr 3.55e-06 492.1 min, 0.46 s/step
  epoch 2/2 step 23500/40601 loss -0.7688 ce 0.6213 reward 0.056 lr 3.53e-06 492.5 min, 0.46 s/step
  epoch 2/2 step 23550/40601 loss 0.6634 ce 0.8492 reward -0.311 lr 3.52e-06 492.9 min, 0.46 s/step
  epoch 2/2 step 23600/40601 loss 0.8615 ce 0.5430 reward 0.094 lr 3.50e-06 493.3 min, 0.46 s/step
  epoch 2/2 step 23650/40601 loss -1.0623 ce 0.6120 reward 0.066 lr 3.49e-06 493.7 min, 0.46 s/step
  epoch 2/2 step 23700/40601 loss -0.2015 ce 0.4877 reward 0.169 lr 3.47e-06 494.0 min, 0.46 s/step
  epoch 2/2 step 23750/40601 loss 0.3472 ce 0.5188 reward 0.144 lr 3.46e-06 494.4 min, 0.46 s/step
  epoch 2/2 step 23800/40601 loss 0.3469 ce 0.4803 reward 0.164 lr 3.45e-06 494.8 min, 0.46 s/step
  epoch 2/2 step 23850/40601 loss -0.3269 ce 0.6088 reward 0.069 lr 3.43e-06 495.2 min, 0.46 s/step
  epoch 2/2 step 23900/40601 loss 0.5701 ce 0.5546 reward 0.040 lr 3.42e-06 495.6 min, 0.46 s/step
  epoch 2/2 step 23950/40601 loss 0.0508 ce 0.5315 reward 0.056 lr 3.40e-06 495.9 min, 0.46 s/step
  epoch 2/2 step 24000/40601 loss 0.6863 ce 0.5411 reward 0.050 lr 3.39e-06 496.3 min, 0.46 s/step
  epoch 2/2 step 24050/40601 loss 0.4742 ce 0.6615 reward -0.091 lr 3.38e-06 496.7 min, 0.46 s/step
  epoch 2/2 step 24100/40601 loss -0.1570 ce 0.3898 reward 0.300 lr 3.36e-06 497.0 min, 0.46 s/step
  epoch 2/2 step 24150/40601 loss 0.0091 ce 0.3535 reward 0.343 lr 3.35e-06 497.4 min, 0.46 s/step
  epoch 2/2 step 24200/40601 loss 0.5124 ce 0.6307 reward 0.046 lr 3.33e-06 497.8 min, 0.46 s/step
  epoch 2/2 step 24250/40601 loss 0.2973 ce 0.5887 reward -0.024 lr 3.32e-06 498.2 min, 0.46 s/step
  epoch 2/2 step 24300/40601 loss 0.2487 ce 0.6440 reward -0.040 lr 3.31e-06 498.7 min, 0.46 s/step
  epoch 2/2 step 24350/40601 loss -0.0722 ce 0.6120 reward 0.065 lr 3.29e-06 499.1 min, 0.46 s/step
  epoch 2/2 step 24400/40601 loss -0.0686 ce 0.4257 reward 0.236 lr 3.28e-06 499.4 min, 0.46 s/step
  epoch 2/2 step 24450/40601 loss -0.1391 ce 0.2875 reward 0.392 lr 3.27e-06 499.8 min, 0.46 s/step
  epoch 2/2 step 24500/40601 loss 0.3046 ce 0.5348 reward 0.069 lr 3.25e-06 500.2 min, 0.46 s/step
  epoch 2/2 step 24550/40601 loss -1.5342 ce 0.3385 reward 0.374 lr 3.24e-06 500.6 min, 0.46 s/step
  epoch 2/2 step 24600/40601 loss 0.1344 ce 0.6276 reward 0.049 lr 3.23e-06 501.0 min, 0.46 s/step
  epoch 2/2 step 24650/40601 loss -1.6002 ce 0.6476 reward 0.029 lr 3.21e-06 501.4 min, 0.46 s/step
  epoch 2/2 step 24700/40601 loss 0.2095 ce 0.2818 reward 0.396 lr 3.20e-06 501.7 min, 0.46 s/step
  epoch 2/2 step 24750/40601 loss 0.5508 ce 0.6391 reward -0.064 lr 3.19e-06 502.2 min, 0.46 s/step
  epoch 2/2 step 24800/40601 loss 0.4554 ce 0.3831 reward 0.286 lr 3.17e-06 502.5 min, 0.46 s/step
  epoch 2/2 step 24850/40601 loss -0.3624 ce 0.3902 reward 0.300 lr 3.16e-06 502.9 min, 0.46 s/step
  epoch 2/2 step 24900/40601 loss 0.3283 ce 0.3255 reward 0.376 lr 3.15e-06 503.3 min, 0.46 s/step
  epoch 2/2 step 24950/40601 loss 0.2828 ce 0.6238 reward -0.017 lr 3.13e-06 503.7 min, 0.46 s/step
  epoch 2/2 step 25000/40601 loss 0.4416 ce 0.5358 reward 0.084 lr 3.12e-06 504.0 min, 0.46 s/step
  epoch 2/2 step 25050/40601 loss 0.1933 ce 0.6768 reward -0.001 lr 3.11e-06 504.4 min, 0.46 s/step
  epoch 2/2 step 25100/40601 loss 0.4642 ce 0.5654 reward 0.041 lr 3.09e-06 504.8 min, 0.46 s/step
  epoch 2/2 step 25150/40601 loss 0.2637 ce 0.5535 reward 0.057 lr 3.08e-06 505.2 min, 0.46 s/step
  epoch 2/2 step 25200/40601 loss -0.3311 ce 0.6057 reward 0.072 lr 3.07e-06 505.6 min, 0.46 s/step
  epoch 2/2 step 25250/40601 loss 0.1044 ce 0.4442 reward 0.231 lr 3.05e-06 506.0 min, 0.46 s/step
  epoch 2/2 step 25300/40601 loss -0.8344 ce 0.3415 reward 0.356 lr 3.04e-06 506.5 min, 0.46 s/step
  epoch 2/2 step 25350/40601 loss -0.1904 ce 0.6324 reward -0.022 lr 3.03e-06 506.8 min, 0.46 s/step
  epoch 2/2 step 25400/40601 loss 0.3473 ce 0.3399 reward 0.334 lr 3.01e-06 507.2 min, 0.46 s/step
  epoch 2/2 step 25450/40601 loss 0.3228 ce 0.3822 reward 0.277 lr 3.00e-06 507.5 min, 0.46 s/step
  epoch 2/2 step 25500/40601 loss -0.4693 ce 0.3968 reward 0.291 lr 2.99e-06 508.0 min, 0.46 s/step
  epoch 2/2 step 25550/40601 loss -1.1922 ce 0.5395 reward 0.147 lr 2.98e-06 508.4 min, 0.46 s/step
  epoch 2/2 step 25600/40601 loss 0.7608 ce 0.3328 reward 0.339 lr 2.96e-06 508.8 min, 0.46 s/step
  epoch 2/2 step 25650/40601 loss 0.5220 ce 0.5194 reward 0.104 lr 2.95e-06 509.1 min, 0.46 s/step
  epoch 2/2 step 25700/40601 loss 0.9278 ce 0.4290 reward 0.254 lr 2.94e-06 509.5 min, 0.46 s/step
  epoch 2/2 step 25750/40601 loss -0.2589 ce 0.6088 reward 0.069 lr 2.93e-06 509.9 min, 0.46 s/step
  epoch 2/2 step 25800/40601 loss 1.0226 ce 0.3385 reward 0.374 lr 2.91e-06 510.4 min, 0.46 s/step
  epoch 2/2 step 25850/40601 loss -0.0812 ce 0.6711 reward 0.005 lr 2.90e-06 510.7 min, 0.46 s/step
  epoch 2/2 step 25900/40601 loss 0.8091 ce 0.6779 reward -0.112 lr 2.89e-06 511.1 min, 0.46 s/step
  epoch 2/2 step 25950/40601 loss 0.5018 ce 0.4530 reward 0.204 lr 2.88e-06 511.5 min, 0.46 s/step
  epoch 2/2 step 26000/40601 loss -0.1047 ce 0.1309 reward 0.596 lr 2.86e-06 511.8 min, 0.46 s/step
  epoch 2/2 step 26050/40601 loss -1.3246 ce 0.6088 reward 0.069 lr 2.85e-06 512.2 min, 0.46 s/step
  epoch 2/2 step 26100/40601 loss -0.3567 ce 0.5716 reward 0.064 lr 2.84e-06 512.6 min, 0.46 s/step
  epoch 2/2 step 26150/40601 loss 0.3353 ce 0.5285 reward 0.091 lr 2.83e-06 512.9 min, 0.46 s/step
  epoch 2/2 step 26200/40601 loss -0.1540 ce 0.4257 reward 0.251 lr 2.81e-06 513.3 min, 0.46 s/step
  epoch 2/2 step 26250/40601 loss -0.2185 ce 0.2499 reward 0.444 lr 2.80e-06 513.6 min, 0.46 s/step
  epoch 2/2 step 26300/40601 loss 0.4751 ce 0.5480 reward 0.059 lr 2.79e-06 514.0 min, 0.46 s/step
  epoch 2/2 step 26350/40601 loss -0.1870 ce 0.3898 reward 0.300 lr 2.78e-06 514.4 min, 0.46 s/step
  epoch 2/2 step 26400/40601 loss -0.0280 ce 0.3368 reward 0.357 lr 2.76e-06 514.8 min, 0.46 s/step
  epoch 2/2 step 26450/40601 loss 0.3670 ce 0.5040 reward 0.115 lr 2.75e-06 515.2 min, 0.46 s/step
  epoch 2/2 step 26500/40601 loss -0.1813 ce 0.3900 reward 0.300 lr 2.74e-06 515.6 min, 0.46 s/step
  epoch 2/2 step 26550/40601 loss 0.2160 ce 0.3753 reward 0.284 lr 2.73e-06 516.0 min, 0.46 s/step
  epoch 2/2 step 26600/40601 loss -0.8144 ce 0.3898 reward 0.300 lr 2.72e-06 516.5 min, 0.46 s/step
  epoch 2/2 step 26650/40601 loss -0.5887 ce 0.6119 reward 0.066 lr 2.71e-06 516.9 min, 0.46 s/step
  epoch 2/2 step 26700/40601 loss 0.9191 ce 0.8211 reward -0.252 lr 2.69e-06 517.2 min, 0.46 s/step
  epoch 2/2 step 26750/40601 loss 0.4610 ce 0.3792 reward 0.282 lr 2.68e-06 517.6 min, 0.46 s/step
  epoch 2/2 step 26800/40601 loss -0.3413 ce 0.3898 reward 0.300 lr 2.67e-06 518.0 min, 0.46 s/step
  epoch 2/2 step 26850/40601 loss -1.0848 ce 0.3899 reward 0.300 lr 2.66e-06 518.4 min, 0.46 s/step
  epoch 2/2 step 26900/40601 loss 0.2166 ce 0.3194 reward 0.351 lr 2.65e-06 518.8 min, 0.46 s/step
  epoch 2/2 step 26950/40601 loss 0.3507 ce 0.3401 reward 0.321 lr 2.63e-06 519.2 min, 0.46 s/step
  epoch 2/2 step 27000/40601 loss 0.3751 ce 0.4269 reward 0.252 lr 2.62e-06 519.7 min, 0.46 s/step
  epoch 2/2 step 27050/40601 loss 0.4568 ce 0.4859 reward 0.139 lr 2.61e-06 520.0 min, 0.46 s/step
  epoch 2/2 step 27100/40601 loss -0.7896 ce 0.6089 reward 0.069 lr 2.60e-06 520.4 min, 0.46 s/step
  epoch 2/2 step 27150/40601 loss -0.3271 ce 0.6120 reward 0.065 lr 2.59e-06 520.9 min, 0.46 s/step
  epoch 2/2 step 27200/40601 loss 0.4712 ce 0.3614 reward 0.302 lr 2.58e-06 521.2 min, 0.46 s/step
  epoch 2/2 step 27250/40601 loss 0.2974 ce 0.4979 reward 0.122 lr 2.56e-06 521.5 min, 0.46 s/step
  epoch 2/2 step 27300/40601 loss 0.7172 ce 0.4035 reward 0.286 lr 2.55e-06 521.9 min, 0.46 s/step
  epoch 2/2 step 27350/40601 loss 1.0335 ce 0.9494 reward -0.392 lr 2.54e-06 522.2 min, 0.46 s/step
  epoch 2/2 step 27400/40601 loss 0.5126 ce 0.4972 reward 0.126 lr 2.53e-06 522.6 min, 0.46 s/step
  epoch 2/2 step 27450/40601 loss 1.0356 ce 0.5165 reward 0.100 lr 2.52e-06 523.1 min, 0.46 s/step
  epoch 2/2 step 27500/40601 loss 0.1712 ce 0.3536 reward 0.322 lr 2.51e-06 523.5 min, 0.46 s/step
  epoch 2/2 step 27550/40601 loss 0.2659 ce 0.3635 reward 0.289 lr 2.50e-06 523.9 min, 0.46 s/step
  epoch 2/2 step 27600/40601 loss 0.6937 ce 0.7410 reward -0.196 lr 2.49e-06 524.2 min, 0.46 s/step
  epoch 2/2 step 27650/40601 loss 0.4713 ce 0.3517 reward 0.314 lr 2.47e-06 524.6 min, 0.46 s/step
  epoch 2/2 step 27700/40601 loss 0.7091 ce 0.6681 reward -0.039 lr 2.46e-06 525.0 min, 0.46 s/step
  epoch 2/2 step 27750/40601 loss 0.7148 ce 0.7619 reward -0.233 lr 2.45e-06 525.4 min, 0.46 s/step
  epoch 2/2 step 27800/40601 loss 1.3733 ce 0.5923 reward 0.093 lr 2.44e-06 525.8 min, 0.46 s/step
  epoch 2/2 step 27850/40601 loss 1.3337 ce 1.3653 reward -0.788 lr 2.43e-06 526.2 min, 0.46 s/step
  epoch 2/2 step 27900/40601 loss -0.0084 ce 0.6789 reward -0.079 lr 2.42e-06 526.6 min, 0.46 s/step
  epoch 2/2 step 27950/40601 loss -0.2341 ce 0.3898 reward 0.300 lr 2.41e-06 526.9 min, 0.46 s/step
  epoch 2/2 step 28000/40601 loss -0.5327 ce 0.4638 reward 0.232 lr 2.40e-06 527.2 min, 0.46 s/step
  epoch 2/2 step 28050/40601 loss 0.3584 ce 0.4534 reward 0.188 lr 2.39e-06 527.6 min, 0.46 s/step
  epoch 2/2 step 28100/40601 loss 0.2391 ce 0.2878 reward 0.401 lr 2.38e-06 528.0 min, 0.46 s/step
  epoch 2/2 step 28150/40601 loss 0.2689 ce 0.3724 reward 0.293 lr 2.36e-06 528.4 min, 0.46 s/step
  epoch 2/2 step 28200/40601 loss 0.5662 ce 0.6178 reward -0.012 lr 2.35e-06 528.7 min, 0.46 s/step
  epoch 2/2 step 28250/40601 loss 0.6663 ce 0.3480 reward 0.321 lr 2.34e-06 529.1 min, 0.46 s/step
  epoch 2/2 step 28300/40601 loss 0.0056 ce 0.4003 reward 0.247 lr 2.33e-06 529.4 min, 0.46 s/step
  epoch 2/2 step 28350/40601 loss 0.3832 ce 0.3678 reward 0.294 lr 2.32e-06 529.9 min, 0.46 s/step
  epoch 2/2 step 28400/40601 loss 0.1355 ce 0.2828 reward 0.407 lr 2.31e-06 530.2 min, 0.46 s/step
  epoch 2/2 step 28450/40601 loss 0.6929 ce 0.6132 reward -0.008 lr 2.30e-06 530.5 min, 0.46 s/step
  epoch 2/2 step 28500/40601 loss 0.3351 ce 0.4585 reward 0.208 lr 2.29e-06 530.9 min, 0.46 s/step
  epoch 2/2 step 28550/40601 loss 0.5798 ce 0.5041 reward 0.144 lr 2.28e-06 531.3 min, 0.46 s/step
  epoch 2/2 step 28600/40601 loss 0.6967 ce 0.4003 reward 0.291 lr 2.27e-06 531.6 min, 0.46 s/step
  epoch 2/2 step 28650/40601 loss 0.2885 ce 0.4921 reward 0.136 lr 2.26e-06 532.0 min, 0.46 s/step
  epoch 2/2 step 28700/40601 loss 0.5107 ce 0.5409 reward 0.095 lr 2.25e-06 532.3 min, 0.46 s/step
  epoch 2/2 step 28750/40601 loss 0.6284 ce 0.7024 reward -0.125 lr 2.24e-06 532.8 min, 0.46 s/step
  epoch 2/2 step 28800/40601 loss 0.2893 ce 0.7274 reward -0.131 lr 2.23e-06 533.1 min, 0.46 s/step
  epoch 2/2 step 28850/40601 loss -1.0193 ce 0.6182 reward 0.059 lr 2.22e-06 533.6 min, 0.46 s/step
  epoch 2/2 step 28900/40601 loss 0.0530 ce 0.6057 reward 0.072 lr 2.21e-06 534.0 min, 0.46 s/step
  epoch 2/2 step 28950/40601 loss 0.3196 ce 1.1490 reward -0.645 lr 2.20e-06 534.4 min, 0.46 s/step
  epoch 2/2 step 29000/40601 loss 0.4810 ce 0.6413 reward -0.067 lr 2.19e-06 534.8 min, 0.46 s/step
  epoch 2/2 step 29050/40601 loss -1.1787 ce 0.6711 reward 0.005 lr 2.18e-06 535.2 min, 0.46 s/step
  epoch 2/2 step 29100/40601 loss 0.2476 ce 0.3871 reward 0.268 lr 2.17e-06 535.5 min, 0.46 s/step
  epoch 2/2 step 29150/40601 loss 0.5391 ce 0.2796 reward 0.405 lr 2.16e-06 535.9 min, 0.46 s/step
  epoch 2/2 step 29200/40601 loss 0.4857 ce 0.3748 reward 0.284 lr 2.15e-06 536.3 min, 0.46 s/step
  epoch 2/2 step 29250/40601 loss 0.3373 ce 0.5075 reward 0.105 lr 2.14e-06 536.7 min, 0.46 s/step
  epoch 2/2 step 29300/40601 loss 0.2038 ce 0.4682 reward 0.155 lr 2.13e-06 537.0 min, 0.46 s/step
  epoch 2/2 step 29350/40601 loss 0.4382 ce 0.6747 reward -0.114 lr 2.12e-06 537.4 min, 0.46 s/step
  epoch 2/2 step 29400/40601 loss 0.5244 ce 0.5314 reward 0.087 lr 2.11e-06 537.8 min, 0.46 s/step
  epoch 2/2 step 29450/40601 loss 0.6841 ce 0.4509 reward 0.209 lr 2.10e-06 538.2 min, 0.46 s/step
  epoch 2/2 step 29500/40601 loss 0.9595 ce 0.4424 reward 0.199 lr 2.09e-06 538.6 min, 0.46 s/step
  epoch 2/2 step 29550/40601 loss 1.1742 ce 0.7430 reward -0.157 lr 2.08e-06 539.0 min, 0.46 s/step
  epoch 2/2 step 29600/40601 loss 0.3413 ce 0.5098 reward 0.102 lr 2.07e-06 539.5 min, 0.46 s/step
  epoch 2/2 step 29650/40601 loss 0.1851 ce 0.2908 reward 0.394 lr 2.06e-06 539.8 min, 0.46 s/step
  epoch 2/2 step 29700/40601 loss -1.8374 ce 0.6088 reward 0.069 lr 2.05e-06 540.2 min, 0.46 s/step
  epoch 2/2 step 29750/40601 loss 0.9435 ce 0.6740 reward -0.072 lr 2.04e-06 540.5 min, 0.46 s/step
  epoch 2/2 step 29800/40601 loss 0.4368 ce 0.6673 reward -0.052 lr 2.03e-06 540.9 min, 0.46 s/step
  epoch 2/2 step 29850/40601 loss -0.7074 ce 0.3898 reward 0.300 lr 2.02e-06 541.3 min, 0.46 s/step
  epoch 2/2 step 29900/40601 loss 0.7920 ce 0.4102 reward 0.235 lr 2.01e-06 541.6 min, 0.46 s/step
  epoch 2/2 step 29950/40601 loss 0.6224 ce 0.5434 reward 0.138 lr 2.00e-06 542.1 min, 0.46 s/step
  epoch 2/2 step 30000/40601 loss 1.0152 ce 0.4889 reward 0.141 lr 1.99e-06 542.5 min, 0.46 s/step
  epoch 2/2 step 30050/40601 loss 0.4875 ce 0.4729 reward 0.174 lr 1.99e-06 542.9 min, 0.46 s/step
  epoch 2/2 step 30100/40601 loss 0.6579 ce 0.4485 reward 0.208 lr 1.98e-06 543.2 min, 0.46 s/step
  epoch 2/2 step 30150/40601 loss 0.3753 ce 0.5536 reward 0.058 lr 1.97e-06 543.5 min, 0.46 s/step
  epoch 2/2 step 30200/40601 loss 0.5100 ce 0.7657 reward -0.155 lr 1.96e-06 543.9 min, 0.46 s/step
  epoch 2/2 step 30250/40601 loss 0.4461 ce 0.3326 reward 0.347 lr 1.95e-06 544.3 min, 0.46 s/step
  epoch 2/2 step 30300/40601 loss 0.6262 ce 0.7273 reward -0.194 lr 1.94e-06 544.7 min, 0.46 s/step
  epoch 2/2 step 30350/40601 loss 0.4702 ce 0.6130 reward -0.048 lr 1.93e-06 545.1 min, 0.46 s/step
  epoch 2/2 step 30400/40601 loss 0.5345 ce 0.6807 reward -0.127 lr 1.92e-06 545.5 min, 0.46 s/step
  epoch 2/2 step 30450/40601 loss -0.0120 ce 0.3898 reward 0.300 lr 1.91e-06 545.9 min, 0.46 s/step
  epoch 2/2 step 30500/40601 loss -1.3103 ce 0.6088 reward 0.069 lr 1.90e-06 546.3 min, 0.46 s/step
  epoch 2/2 step 30550/40601 loss 0.7629 ce 0.5309 reward 0.093 lr 1.90e-06 546.7 min, 0.46 s/step
  epoch 2/2 step 30600/40601 loss 0.5458 ce 0.6738 reward -0.109 lr 1.89e-06 547.1 min, 0.46 s/step
  epoch 2/2 step 30650/40601 loss 0.4096 ce 0.5504 reward 0.020 lr 1.88e-06 547.5 min, 0.46 s/step
  epoch 2/2 step 30700/40601 loss 1.2216 ce 0.7712 reward -0.200 lr 1.87e-06 547.9 min, 0.46 s/step
  epoch 2/2 step 30750/40601 loss 0.4245 ce 0.3803 reward 0.279 lr 1.86e-06 548.3 min, 0.46 s/step
  epoch 2/2 step 30800/40601 loss 0.1824 ce 0.4168 reward 0.228 lr 1.85e-06 548.7 min, 0.46 s/step
  epoch 2/2 step 30850/40601 loss -0.2859 ce 0.3959 reward 0.254 lr 1.84e-06 549.0 min, 0.46 s/step
  epoch 2/2 step 30900/40601 loss -0.1013 ce 0.6119 reward 0.066 lr 1.83e-06 549.5 min, 0.46 s/step
  epoch 2/2 step 30950/40601 loss 0.2581 ce 0.3503 reward 0.309 lr 1.83e-06 549.9 min, 0.46 s/step
  epoch 2/2 step 31000/40601 loss -0.8185 ce 0.6564 reward 0.020 lr 1.82e-06 550.3 min, 0.46 s/step
  epoch 2/2 step 31050/40601 loss 0.5070 ce 0.5323 reward 0.084 lr 1.81e-06 550.7 min, 0.46 s/step
  epoch 2/2 step 31100/40601 loss -1.6831 ce 0.6088 reward 0.069 lr 1.80e-06 551.1 min, 0.46 s/step
  epoch 2/2 step 31150/40601 loss 0.1449 ce 0.3689 reward 0.297 lr 1.79e-06 551.4 min, 0.46 s/step
  epoch 2/2 step 31200/40601 loss 0.4865 ce 0.3098 reward 0.365 lr 1.78e-06 551.8 min, 0.46 s/step
  epoch 2/2 step 31250/40601 loss -0.6901 ce 0.3898 reward 0.300 lr 1.78e-06 552.2 min, 0.46 s/step
  epoch 2/2 step 31300/40601 loss 0.5928 ce 0.5277 reward 0.160 lr 1.77e-06 552.6 min, 0.46 s/step
  epoch 2/2 step 31350/40601 loss -0.3212 ce 0.5185 reward 0.140 lr 1.76e-06 552.9 min, 0.46 s/step
  epoch 2/2 step 31400/40601 loss 0.7116 ce 0.6550 reward -0.090 lr 1.75e-06 553.3 min, 0.46 s/step
  epoch 2/2 step 31450/40601 loss 0.4875 ce 0.4437 reward 0.201 lr 1.74e-06 553.7 min, 0.46 s/step
  epoch 2/2 step 31500/40601 loss 1.2014 ce 0.4854 reward 0.167 lr 1.74e-06 554.1 min, 0.46 s/step
  epoch 2/2 step 31550/40601 loss -0.3116 ce 0.6088 reward 0.069 lr 1.73e-06 554.4 min, 0.46 s/step
  epoch 2/2 step 31600/40601 loss 0.2067 ce 0.3593 reward 0.302 lr 1.72e-06 554.8 min, 0.46 s/step
  epoch 2/2 step 31650/40601 loss 0.3273 ce 0.4018 reward 0.257 lr 1.71e-06 555.2 min, 0.46 s/step
  epoch 2/2 step 31700/40601 loss -0.5021 ce 0.3898 reward 0.300 lr 1.70e-06 555.6 min, 0.46 s/step
  epoch 2/2 step 31750/40601 loss -0.5755 ce 0.3898 reward 0.300 lr 1.70e-06 555.9 min, 0.46 s/step
  epoch 2/2 step 31800/40601 loss 0.5071 ce 0.5197 reward 0.101 lr 1.69e-06 556.4 min, 0.46 s/step
  epoch 2/2 step 31850/40601 loss 0.8033 ce 0.5649 reward 0.050 lr 1.68e-06 556.7 min, 0.46 s/step
  epoch 2/2 step 31900/40601 loss -0.6874 ce 0.6151 reward 0.062 lr 1.67e-06 557.1 min, 0.46 s/step
  epoch 2/2 step 31950/40601 loss -0.1006 ce 0.3898 reward 0.300 lr 1.67e-06 557.4 min, 0.46 s/step
  epoch 2/2 step 32000/40601 loss 0.1488 ce 0.5778 reward 0.051 lr 1.66e-06 557.8 min, 0.46 s/step
  epoch 2/2 step 32050/40601 loss 0.2380 ce 0.4793 reward 0.210 lr 1.65e-06 558.2 min, 0.46 s/step
  epoch 2/2 step 32100/40601 loss -0.2972 ce 0.5110 reward 0.109 lr 1.64e-06 558.7 min, 0.46 s/step
  epoch 2/2 step 32150/40601 loss -0.8012 ce 0.2941 reward 0.411 lr 1.64e-06 559.1 min, 0.46 s/step
  epoch 2/2 step 32200/40601 loss 0.8509 ce 0.7739 reward -0.186 lr 1.63e-06 559.4 min, 0.46 s/step
  epoch 2/2 step 32250/40601 loss 0.1277 ce 0.4320 reward 0.247 lr 1.62e-06 559.8 min, 0.46 s/step
  epoch 2/2 step 32300/40601 loss 0.4270 ce 0.4305 reward 0.235 lr 1.61e-06 560.1 min, 0.46 s/step
  epoch 2/2 step 32350/40601 loss 0.4351 ce 0.5824 reward 0.033 lr 1.61e-06 560.6 min, 0.46 s/step
  epoch 2/2 step 32400/40601 loss 0.3874 ce 0.3400 reward 0.330 lr 1.60e-06 560.9 min, 0.46 s/step
  epoch 2/2 step 32450/40601 loss -0.1432 ce 0.3460 reward 0.335 lr 1.59e-06 561.3 min, 0.46 s/step
  epoch 2/2 step 32500/40601 loss -0.2060 ce 0.4172 reward 0.265 lr 1.58e-06 561.6 min, 0.46 s/step
  epoch 2/2 step 32550/40601 loss 0.6885 ce 0.5751 reward 0.031 lr 1.58e-06 562.1 min, 0.46 s/step
  epoch 2/2 step 32600/40601 loss 0.2502 ce 0.4560 reward 0.205 lr 1.57e-06 562.4 min, 0.46 s/step
  epoch 2/2 step 32650/40601 loss 0.5780 ce 0.5600 reward 0.045 lr 1.56e-06 562.8 min, 0.46 s/step
  epoch 2/2 step 32700/40601 loss 0.4672 ce 0.5223 reward 0.109 lr 1.56e-06 563.2 min, 0.46 s/step
  epoch 2/2 step 32750/40601 loss 0.6886 ce 0.5331 reward 0.071 lr 1.55e-06 563.5 min, 0.46 s/step
  epoch 2/2 step 32800/40601 loss 0.4034 ce 0.2335 reward 0.466 lr 1.54e-06 563.8 min, 0.46 s/step
  epoch 2/2 step 32850/40601 loss -1.8996 ce 0.6120 reward 0.066 lr 1.54e-06 564.3 min, 0.46 s/step
  epoch 2/2 step 32900/40601 loss 0.8968 ce 0.8879 reward -0.285 lr 1.53e-06 564.6 min, 0.46 s/step
  epoch 2/2 step 32950/40601 loss 0.1938 ce 0.5380 reward 0.072 lr 1.52e-06 565.0 min, 0.46 s/step
  epoch 2/2 step 33000/40601 loss -0.0364 ce 0.3404 reward 0.330 lr 1.51e-06 565.3 min, 0.46 s/step
  epoch 2/2 step 33050/40601 loss 0.3172 ce 0.4831 reward 0.143 lr 1.51e-06 565.8 min, 0.46 s/step
  epoch 2/2 step 33100/40601 loss 0.2464 ce 0.4824 reward 0.171 lr 1.50e-06 566.1 min, 0.46 s/step
  epoch 2/2 step 33150/40601 loss -0.1579 ce 0.4560 reward 0.212 lr 1.49e-06 566.5 min, 0.46 s/step
  epoch 2/2 step 33200/40601 loss 0.6997 ce 0.6437 reward -0.034 lr 1.49e-06 566.8 min, 0.46 s/step
  epoch 2/2 step 33250/40601 loss 1.0892 ce 0.5536 reward 0.057 lr 1.48e-06 567.2 min, 0.46 s/step
  epoch 2/2 step 33300/40601 loss 0.5604 ce 0.2942 reward 0.395 lr 1.47e-06 567.6 min, 0.46 s/step
  epoch 2/2 step 33350/40601 loss 0.0262 ce 0.1952 reward 0.510 lr 1.47e-06 567.9 min, 0.46 s/step
  epoch 2/2 step 33400/40601 loss 0.8453 ce 0.4268 reward 0.251 lr 1.46e-06 568.3 min, 0.46 s/step
  epoch 2/2 step 33450/40601 loss 0.3295 ce 0.3866 reward 0.280 lr 1.46e-06 568.7 min, 0.46 s/step
  epoch 2/2 step 33500/40601 loss 0.4052 ce 0.5668 reward 0.038 lr 1.45e-06 569.1 min, 0.46 s/step
  epoch 2/2 step 33550/40601 loss 0.2015 ce 0.4692 reward 0.160 lr 1.44e-06 569.5 min, 0.46 s/step
  epoch 2/2 step 33600/40601 loss 0.2500 ce 0.3912 reward 0.270 lr 1.44e-06 569.8 min, 0.46 s/step
  epoch 2/2 step 33650/40601 loss 0.0194 ce 0.3933 reward 0.262 lr 1.43e-06 570.2 min, 0.46 s/step
  epoch 2/2 step 33700/40601 loss 1.1165 ce 0.8223 reward -0.211 lr 1.42e-06 570.5 min, 0.46 s/step
  epoch 2/2 step 33750/40601 loss 0.3731 ce 0.5760 reward 0.028 lr 1.42e-06 570.9 min, 0.46 s/step
  epoch 2/2 step 33800/40601 loss 0.8950 ce 0.7551 reward -0.135 lr 1.41e-06 571.3 min, 0.46 s/step
  epoch 2/2 step 33850/40601 loss 0.6134 ce 0.4560 reward 0.216 lr 1.41e-06 571.7 min, 0.46 s/step
  epoch 2/2 step 33900/40601 loss -0.6846 ce 0.6119 reward 0.066 lr 1.40e-06 572.1 min, 0.46 s/step
  epoch 2/2 step 33950/40601 loss -0.6747 ce 0.6182 reward 0.059 lr 1.39e-06 572.4 min, 0.46 s/step
  epoch 2/2 step 34000/40601 loss 0.1664 ce 0.5817 reward 0.008 lr 1.39e-06 572.9 min, 0.46 s/step
  epoch 2/2 step 34050/40601 loss 0.3373 ce 0.3593 reward 0.308 lr 1.38e-06 573.2 min, 0.46 s/step
  epoch 2/2 step 34100/40601 loss 0.4420 ce 0.3416 reward 0.334 lr 1.38e-06 573.6 min, 0.46 s/step
  epoch 2/2 step 34150/40601 loss -0.2914 ce 0.5457 reward 0.141 lr 1.37e-06 574.0 min, 0.46 s/step
  epoch 2/2 step 34200/40601 loss -0.3095 ce 0.3413 reward 0.356 lr 1.37e-06 574.3 min, 0.46 s/step
  epoch 2/2 step 34250/40601 loss -1.5004 ce 0.6769 reward -0.001 lr 1.36e-06 574.8 min, 0.46 s/step
  epoch 2/2 step 34300/40601 loss 0.0972 ce 0.4164 reward 0.264 lr 1.35e-06 575.1 min, 0.46 s/step
  epoch 2/2 step 34350/40601 loss -0.4726 ce 0.6182 reward 0.059 lr 1.35e-06 575.6 min, 0.46 s/step
  epoch 2/2 step 34400/40601 loss 1.0003 ce 0.4292 reward 0.247 lr 1.34e-06 576.0 min, 0.46 s/step
  epoch 2/2 step 34450/40601 loss -0.3607 ce 0.6711 reward 0.005 lr 1.34e-06 576.4 min, 0.46 s/step
  epoch 2/2 step 34500/40601 loss 0.5593 ce 0.6312 reward -0.055 lr 1.33e-06 576.7 min, 0.46 s/step
  epoch 2/2 step 34550/40601 loss -0.3648 ce 0.6057 reward 0.072 lr 1.33e-06 577.1 min, 0.46 s/step
  epoch 2/2 step 34600/40601 loss 0.2607 ce 0.4784 reward 0.143 lr 1.32e-06 577.5 min, 0.46 s/step
  epoch 2/2 step 34650/40601 loss 0.5374 ce 0.5473 reward 0.064 lr 1.32e-06 577.9 min, 0.46 s/step
  epoch 2/2 step 34700/40601 loss 0.2348 ce 0.6284 reward -0.064 lr 1.31e-06 578.3 min, 0.46 s/step
  epoch 2/2 step 34750/40601 loss 0.3912 ce 0.4992 reward 0.125 lr 1.31e-06 578.6 min, 0.46 s/step
  epoch 2/2 step 34800/40601 loss 0.6690 ce 0.3965 reward 0.277 lr 1.30e-06 579.1 min, 0.46 s/step
  epoch 2/2 step 34850/40601 loss 0.2042 ce 0.5285 reward 0.073 lr 1.30e-06 579.5 min, 0.46 s/step
  epoch 2/2 step 34900/40601 loss -0.0228 ce 0.6151 reward 0.062 lr 1.29e-06 579.8 min, 0.46 s/step
  epoch 2/2 step 34950/40601 loss 0.3603 ce 0.3625 reward 0.332 lr 1.29e-06 580.2 min, 0.46 s/step
  epoch 2/2 step 35000/40601 loss 0.3029 ce 0.6089 reward 0.069 lr 1.28e-06 580.5 min, 0.46 s/step
  epoch 2/2 step 35050/40601 loss 0.4916 ce 0.7681 reward -0.155 lr 1.28e-06 580.9 min, 0.46 s/step
  epoch 2/2 step 35100/40601 loss 0.5477 ce 0.5453 reward 0.095 lr 1.27e-06 581.3 min, 0.46 s/step
  epoch 2/2 step 35150/40601 loss 0.7263 ce 0.7900 reward -0.177 lr 1.27e-06 581.7 min, 0.46 s/step
  epoch 2/2 step 35200/40601 loss -0.4249 ce 0.2594 reward 0.451 lr 1.26e-06 582.0 min, 0.46 s/step
  epoch 2/2 step 35250/40601 loss 0.7282 ce 0.6708 reward -0.053 lr 1.26e-06 582.5 min, 0.46 s/step
  epoch 2/2 step 35300/40601 loss 0.6254 ce 0.6244 reward -0.026 lr 1.25e-06 582.8 min, 0.46 s/step
  epoch 2/2 step 35350/40601 loss 1.0327 ce 0.3962 reward 0.292 lr 1.25e-06 583.3 min, 0.46 s/step
  epoch 2/2 step 35400/40601 loss 0.0402 ce 0.2361 reward 0.462 lr 1.24e-06 583.6 min, 0.46 s/step
  epoch 2/2 step 35450/40601 loss -0.3454 ce 0.3411 reward 0.356 lr 1.24e-06 584.0 min, 0.46 s/step
  epoch 2/2 step 35500/40601 loss 0.1225 ce 0.3704 reward 0.289 lr 1.23e-06 584.4 min, 0.46 s/step
  epoch 2/2 step 35550/40601 loss 0.5852 ce 0.5357 reward 0.106 lr 1.23e-06 584.8 min, 0.46 s/step
  epoch 2/2 step 35600/40601 loss 0.2212 ce 0.1577 reward 0.566 lr 1.22e-06 585.2 min, 0.46 s/step
  epoch 2/2 step 35650/40601 loss -0.5409 ce 0.3855 reward 0.305 lr 1.22e-06 585.5 min, 0.46 s/step
  epoch 2/2 step 35700/40601 loss -0.1828 ce 0.4392 reward 0.183 lr 1.21e-06 585.8 min, 0.46 s/step
  epoch 2/2 step 35750/40601 loss 0.2924 ce 0.6122 reward 0.030 lr 1.21e-06 586.1 min, 0.46 s/step
  epoch 2/2 step 35800/40601 loss 0.1603 ce 0.4940 reward 0.121 lr 1.21e-06 586.6 min, 0.46 s/step
  epoch 2/2 step 35850/40601 loss 0.3672 ce 0.5664 reward 0.030 lr 1.20e-06 587.0 min, 0.46 s/step
  epoch 2/2 step 35900/40601 loss 0.5236 ce 0.6228 reward -0.003 lr 1.20e-06 587.4 min, 0.46 s/step
  epoch 2/2 step 35950/40601 loss 1.1803 ce 0.8247 reward -0.256 lr 1.19e-06 587.7 min, 0.46 s/step
  epoch 2/2 step 36000/40601 loss -0.0301 ce 0.4450 reward 0.224 lr 1.19e-06 588.0 min, 0.46 s/step
  epoch 2/2 step 36050/40601 loss 0.1802 ce 0.5072 reward 0.106 lr 1.19e-06 588.4 min, 0.46 s/step
  epoch 2/2 step 36100/40601 loss -0.0899 ce 0.0007 reward 0.749 lr 1.18e-06 588.8 min, 0.46 s/step
  epoch 2/2 step 36150/40601 loss -0.2789 ce 0.6089 reward 0.069 lr 1.18e-06 589.2 min, 0.46 s/step
  epoch 2/2 step 36200/40601 loss 0.8149 ce 0.6711 reward 0.005 lr 1.17e-06 589.6 min, 0.46 s/step
  epoch 2/2 step 36250/40601 loss -1.0322 ce 0.6057 reward 0.072 lr 1.17e-06 590.0 min, 0.46 s/step
  epoch 2/2 step 36300/40601 loss 0.8123 ce 0.7319 reward -0.127 lr 1.17e-06 590.4 min, 0.46 s/step
  epoch 2/2 step 36350/40601 loss -1.4034 ce 0.0849 reward 0.656 lr 1.16e-06 590.9 min, 0.46 s/step
  epoch 2/2 step 36400/40601 loss 0.5070 ce 0.6263 reward -0.021 lr 1.16e-06 591.3 min, 0.46 s/step
  epoch 2/2 step 36450/40601 loss 0.0410 ce 0.6057 reward 0.072 lr 1.15e-06 591.6 min, 0.46 s/step
  epoch 2/2 step 36500/40601 loss 0.4245 ce 0.3720 reward 0.291 lr 1.15e-06 592.0 min, 0.46 s/step
  epoch 2/2 step 36550/40601 loss -0.0349 ce 0.5571 reward 0.043 lr 1.15e-06 592.4 min, 0.46 s/step
  epoch 2/2 step 36600/40601 loss 0.3695 ce 0.5250 reward 0.129 lr 1.14e-06 592.8 min, 0.46 s/step
  epoch 2/2 step 36650/40601 loss 0.2222 ce 0.3888 reward 0.266 lr 1.14e-06 593.2 min, 0.46 s/step
  epoch 2/2 step 36700/40601 loss 0.4548 ce 0.5651 reward 0.114 lr 1.14e-06 593.6 min, 0.46 s/step
  epoch 2/2 step 36750/40601 loss -0.3519 ce 0.5077 reward 0.187 lr 1.13e-06 594.0 min, 0.46 s/step
  epoch 2/2 step 36800/40601 loss 0.2995 ce 0.6099 reward 0.004 lr 1.13e-06 594.4 min, 0.46 s/step
  epoch 2/2 step 36850/40601 loss 0.3114 ce 0.4192 reward 0.237 lr 1.13e-06 594.7 min, 0.46 s/step
  epoch 2/2 step 36900/40601 loss -0.3307 ce 0.6088 reward 0.069 lr 1.12e-06 595.1 min, 0.46 s/step
  epoch 2/2 step 36950/40601 loss -0.3635 ce 0.6120 reward 0.066 lr 1.12e-06 595.5 min, 0.46 s/step
  epoch 2/2 step 37000/40601 loss 0.6098 ce 0.6006 reward 0.032 lr 1.12e-06 595.9 min, 0.46 s/step
  epoch 2/2 step 37050/40601 loss 0.0037 ce 0.3484 reward 0.348 lr 1.11e-06 596.2 min, 0.46 s/step
  epoch 2/2 step 37100/40601 loss 0.4498 ce 0.3384 reward 0.342 lr 1.11e-06 596.6 min, 0.46 s/step
  epoch 2/2 step 37150/40601 loss 0.1333 ce 0.5783 reward 0.020 lr 1.11e-06 597.1 min, 0.46 s/step
  epoch 2/2 step 37200/40601 loss 0.4555 ce 0.6595 reward -0.046 lr 1.10e-06 597.4 min, 0.46 s/step
  epoch 2/2 step 37250/40601 loss -0.4730 ce 0.6591 reward 0.017 lr 1.10e-06 597.8 min, 0.46 s/step
  epoch 2/2 step 37300/40601 loss -1.1155 ce 0.6119 reward 0.066 lr 1.10e-06 598.3 min, 0.46 s/step
  epoch 2/2 step 37350/40601 loss 0.6621 ce 0.6067 reward -0.009 lr 1.09e-06 598.6 min, 0.46 s/step
  epoch 2/2 step 37400/40601 loss -0.4240 ce 0.3898 reward 0.300 lr 1.09e-06 599.0 min, 0.46 s/step
  epoch 2/2 step 37450/40601 loss -0.5269 ce 0.3898 reward 0.300 lr 1.09e-06 599.3 min, 0.46 s/step
  epoch 2/2 step 37500/40601 loss -0.9121 ce 0.6213 reward 0.056 lr 1.09e-06 599.8 min, 0.46 s/step
  epoch 2/2 step 37550/40601 loss 0.4680 ce 0.3787 reward 0.278 lr 1.08e-06 600.1 min, 0.46 s/step
  epoch 2/2 step 37600/40601 loss 0.3644 ce 0.3708 reward 0.304 lr 1.08e-06 600.5 min, 0.46 s/step
  epoch 2/2 step 37650/40601 loss -0.2118 ce 0.4599 reward 0.204 lr 1.08e-06 600.9 min, 0.46 s/step
  epoch 2/2 step 37700/40601 loss 0.0773 ce 0.5450 reward 0.066 lr 1.08e-06 601.4 min, 0.46 s/step
  epoch 2/2 step 37750/40601 loss -0.0651 ce 0.4720 reward 0.194 lr 1.07e-06 601.7 min, 0.46 s/step
  epoch 2/2 step 37800/40601 loss 0.8425 ce 0.7769 reward -0.167 lr 1.07e-06 602.1 min, 0.46 s/step
  epoch 2/2 step 37850/40601 loss 0.2342 ce 0.4666 reward 0.163 lr 1.07e-06 602.6 min, 0.46 s/step
  epoch 2/2 step 37900/40601 loss 0.0459 ce 0.4747 reward 0.185 lr 1.07e-06 603.0 min, 0.46 s/step
  epoch 2/2 step 37950/40601 loss 0.3661 ce 0.4031 reward 0.246 lr 1.06e-06 603.4 min, 0.46 s/step
  epoch 2/2 step 38000/40601 loss 1.1563 ce 0.8048 reward -0.220 lr 1.06e-06 603.7 min, 0.46 s/step
  epoch 2/2 step 38050/40601 loss 0.1381 ce 0.3001 reward 0.383 lr 1.06e-06 604.2 min, 0.46 s/step
  epoch 2/2 step 38100/40601 loss -0.8749 ce 0.5077 reward 0.187 lr 1.06e-06 604.6 min, 0.46 s/step
  epoch 2/2 step 38150/40601 loss -0.2151 ce 0.6088 reward 0.069 lr 1.05e-06 605.0 min, 0.46 s/step
  epoch 2/2 step 38200/40601 loss 0.1527 ce 0.3971 reward 0.292 lr 1.05e-06 605.3 min, 0.46 s/step
  epoch 2/2 step 38250/40601 loss -0.0133 ce 0.1968 reward 0.507 lr 1.05e-06 605.7 min, 0.46 s/step
  epoch 2/2 step 38300/40601 loss 0.6032 ce 0.6163 reward -0.030 lr 1.05e-06 606.0 min, 0.46 s/step
  epoch 2/2 step 38350/40601 loss 0.4732 ce 0.7014 reward -0.137 lr 1.05e-06 606.4 min, 0.46 s/step
  epoch 2/2 step 38400/40601 loss -0.1598 ce 0.6057 reward 0.072 lr 1.04e-06 606.9 min, 0.46 s/step
  epoch 2/2 step 38450/40601 loss -0.2830 ce 0.4018 reward 0.246 lr 1.04e-06 607.2 min, 0.46 s/step
  epoch 2/2 step 38500/40601 loss 0.3496 ce 0.4993 reward 0.127 lr 1.04e-06 607.5 min, 0.46 s/step
  epoch 2/2 step 38550/40601 loss 0.8278 ce 0.5789 reward 0.017 lr 1.04e-06 607.9 min, 0.46 s/step
  epoch 2/2 step 38600/40601 loss 0.7073 ce 0.6207 reward -0.023 lr 1.04e-06 608.3 min, 0.46 s/step
  epoch 2/2 step 38650/40601 loss 0.2815 ce 0.4639 reward 0.197 lr 1.03e-06 608.8 min, 0.46 s/step
  epoch 2/2 step 38700/40601 loss 0.8601 ce 0.5112 reward 0.107 lr 1.03e-06 609.3 min, 0.46 s/step
  epoch 2/2 step 38750/40601 loss -0.0665 ce 0.6182 reward 0.059 lr 1.03e-06 609.6 min, 0.46 s/step
  epoch 2/2 step 38800/40601 loss 0.7362 ce 0.4805 reward 0.150 lr 1.03e-06 610.0 min, 0.46 s/step
  epoch 2/2 step 38850/40601 loss 0.6940 ce 0.6312 reward -0.006 lr 1.03e-06 610.4 min, 0.46 s/step
  epoch 2/2 step 38900/40601 loss -0.9427 ce 0.6057 reward 0.072 lr 1.03e-06 610.7 min, 0.46 s/step
  epoch 2/2 step 38950/40601 loss 0.2521 ce 0.4410 reward 0.187 lr 1.02e-06 611.1 min, 0.46 s/step
  epoch 2/2 step 39000/40601 loss 0.3844 ce 0.3364 reward 0.342 lr 1.02e-06 611.5 min, 0.46 s/step
  epoch 2/2 step 39050/40601 loss 0.1271 ce 0.4170 reward 0.226 lr 1.02e-06 611.8 min, 0.46 s/step
  epoch 2/2 step 39100/40601 loss -0.3851 ce 0.6088 reward 0.069 lr 1.02e-06 612.2 min, 0.46 s/step
  epoch 2/2 step 39150/40601 loss 0.2689 ce 0.3133 reward 0.361 lr 1.02e-06 612.6 min, 0.46 s/step
  epoch 2/2 step 39200/40601 loss 0.1127 ce 0.2338 reward 0.461 lr 1.02e-06 613.0 min, 0.46 s/step
  epoch 2/2 step 39250/40601 loss 0.3644 ce 0.4220 reward 0.213 lr 1.02e-06 613.4 min, 0.46 s/step
  epoch 2/2 step 39300/40601 loss 2.7667 ce 1.2630 reward -0.661 lr 1.02e-06 613.9 min, 0.46 s/step
  epoch 2/2 step 39350/40601 loss 0.2692 ce 0.6732 reward -0.139 lr 1.01e-06 614.3 min, 0.46 s/step
  epoch 2/2 step 39400/40601 loss -0.2203 ce 0.6088 reward 0.069 lr 1.01e-06 614.7 min, 0.46 s/step
  epoch 2/2 step 39450/40601 loss -0.3181 ce 0.6151 reward 0.062 lr 1.01e-06 615.1 min, 0.46 s/step
  epoch 2/2 step 39500/40601 loss -0.0398 ce 0.4740 reward 0.187 lr 1.01e-06 615.6 min, 0.46 s/step
  epoch 2/2 step 39550/40601 loss 0.2778 ce 0.3386 reward 0.374 lr 1.01e-06 615.9 min, 0.46 s/step
  epoch 2/2 step 39600/40601 loss 0.8354 ce 0.4384 reward 0.265 lr 1.01e-06 616.3 min, 0.46 s/step
  epoch 2/2 step 39650/40601 loss -0.5124 ce 0.3898 reward 0.300 lr 1.01e-06 616.8 min, 0.46 s/step
  epoch 2/2 step 39700/40601 loss 0.9317 ce 0.2065 reward 0.498 lr 1.01e-06 617.2 min, 0.46 s/step
  epoch 2/2 step 39750/40601 loss 1.1702 ce 1.1715 reward -0.564 lr 1.01e-06 617.6 min, 0.46 s/step
  epoch 2/2 step 39800/40601 loss 0.3725 ce 0.4151 reward 0.227 lr 1.01e-06 618.1 min, 0.46 s/step
  epoch 2/2 step 39850/40601 loss 0.9055 ce 0.8356 reward -0.329 lr 1.01e-06 618.5 min, 0.46 s/step
  epoch 2/2 step 39900/40601 loss 0.2985 ce 0.4847 reward 0.137 lr 1.00e-06 618.8 min, 0.46 s/step
  epoch 2/2 step 39950/40601 loss 0.2568 ce 0.5570 reward 0.054 lr 1.00e-06 619.1 min, 0.46 s/step
  epoch 2/2 step 40000/40601 loss 0.7363 ce 0.4461 reward 0.228 lr 1.00e-06 619.5 min, 0.46 s/step
  epoch 2/2 step 40050/40601 loss 0.3563 ce 0.3822 reward 0.281 lr 1.00e-06 619.8 min, 0.46 s/step
  epoch 2/2 step 40100/40601 loss -0.4945 ce 0.6324 reward 0.045 lr 1.00e-06 620.2 min, 0.46 s/step
  epoch 2/2 step 40150/40601 loss -0.0467 ce 0.6151 reward 0.062 lr 1.00e-06 620.6 min, 0.46 s/step
  epoch 2/2 step 40200/40601 loss 0.0760 ce 0.4813 reward 0.179 lr 1.00e-06 621.1 min, 0.46 s/step
  epoch 2/2 step 40250/40601 loss 0.4669 ce 0.5431 reward 0.056 lr 1.00e-06 621.5 min, 0.46 s/step
  epoch 2/2 step 40300/40601 loss 0.8702 ce 0.9423 reward -0.417 lr 1.00e-06 621.9 min, 0.46 s/step
  epoch 2/2 step 40350/40601 loss -0.1153 ce 0.5819 reward 0.050 lr 1.00e-06 622.2 min, 0.46 s/step
  epoch 2/2 step 40400/40601 loss -0.3410 ce 0.6711 reward 0.005 lr 1.00e-06 622.6 min, 0.46 s/step
  epoch 2/2 step 40450/40601 loss 0.4775 ce 0.6381 reward -0.054 lr 1.00e-06 623.0 min, 0.46 s/step
  epoch 2/2 step 40500/40601 loss -0.0983 ce 0.4087 reward 0.268 lr 1.00e-06 623.5 min, 0.46 s/step
  epoch 2/2 step 40550/40601 loss 0.2992 ce 0.4410 reward 0.231 lr 1.00e-06 623.8 min, 0.46 s/step
  epoch 2/2 step 40600/40601 loss -0.3548 ce 0.3898 reward 0.300 lr 1.00e-06 624.3 min, 0.46 s/step
=== epoch 2 done, avg loss 0.2165, 624.3 min ===
calibrating temperatures
temperatures (choice, score, noul): [1.04, 1.086, 1.024]
saved to /work/thai/out/laya-th-run6 after 624.6 min
== [11:54] 4/5 eval: cs held-out (run 3 / run 5 / run 6), public set (run 6)
student vs teacher on /work/thai/data/cs/cs6_eval.jsonl:
  choice  n=22128 argmax agreement 0.515  mean TV distance 0.513
  noul    n=16596 argmax agreement 0.883  mean TV distance 0.196
  score   n=11064 argmax agreement 0.449  mean TV distance 0.314

/work/thai/out/laya-th-run3: 5532 eval records, 80 ms/record
overall: 11665 decisions, accuracy 0.420, Brier 0.769, ECE 0.104
source:type                      n    acc  brier    mae
banking:choice                1230  0.706  0.466 
ecommerce:choice              5730  0.258  0.931 
insurance:choice              1714  0.623  0.626 
telecom:choice                1188  0.588  0.545 
wisesight:choice              1803  0.437  0.744 
tickets: department 4/5  refund 5/5  frustration MAE 0.25
   โดนหักเงินซ้ำสองครั้งเมื่อวานน billing   p=0.94 frustration=1.81 refund=0.70
   เน็ตบ้านหลุดบ่อยมากตั้งแต่เมื่ technical p=0.98 frustration=1.45 refund=0.02
   สนใจเปลี่ยนเป็นแพ็กเกจ 5G ที่โ sales     p=0.92 frustration=0.10 refund=0.02
   ใบแจ้งหนี้เดือนนี้แพงกว่าปกติ  billing   p=0.98 frustration=0.27 refund=0.03
   แอปล็อกอินไม่ได้ ขึ้นว่ารหัสผิ billing   p=0.70 frustration=1.78 refund=0.11
student vs teacher on /work/thai/data/cs/cs6_eval.jsonl:
  choice  n=22128 argmax agreement 0.721  mean TV distance 0.281
  noul    n=16596 argmax agreement 0.961  mean TV distance 0.097
  score   n=11064 argmax agreement 0.800  mean TV distance 0.146

/work/thai/out/laya-th-run5: 5532 eval records, 80 ms/record
overall: 11665 decisions, accuracy 0.675, Brier 0.543, ECE 0.182
source:type                      n    acc  brier    mae
banking:choice                1230  0.815  0.294 
ecommerce:choice              5730  0.533  0.790 
insurance:choice              1714  0.737  0.430 
telecom:choice                1188  0.760  0.385 
wisesight:choice              1803  0.916  0.140 
tickets: department 5/5  refund 5/5  frustration MAE 0.40
   โดนหักเงินซ้ำสองครั้งเมื่อวานน billing   p=0.98 frustration=1.90 refund=0.98
   เน็ตบ้านหลุดบ่อยมากตั้งแต่เมื่ technical p=0.98 frustration=1.69 refund=0.03
   สนใจเปลี่ยนเป็นแพ็กเกจ 5G ที่โ sales     p=0.97 frustration=0.20 refund=0.02
   ใบแจ้งหนี้เดือนนี้แพงกว่าปกติ  billing   p=0.99 frustration=0.94 refund=0.04
   แอปล็อกอินไม่ได้ ขึ้นว่ารหัสผิ technical p=0.54 frustration=1.93 refund=0.12
student vs teacher on /work/thai/data/cs/cs6_eval.jsonl:
  choice  n=22128 argmax agreement 0.928  mean TV distance 0.070
  noul    n=16596 argmax agreement 0.992  mean TV distance 0.020
  score   n=11064 argmax agreement 0.873  mean TV distance 0.091

/work/thai/out/laya-th-run6: 5532 eval records, 80 ms/record
overall: 11665 decisions, accuracy 0.969, Brier 0.055, ECE 0.082
source:type                      n    acc  brier    mae
banking:choice                1230  0.981  0.033 
ecommerce:choice              5730  0.996  0.016 
insurance:choice              1714  0.962  0.072 
telecom:choice                1188  0.944  0.087 
wisesight:choice              1803  0.895  0.160 
tickets: department 5/5  refund 5/5  frustration MAE 0.49
   โดนหักเงินซ้ำสองครั้งเมื่อวานน billing   p=0.95 frustration=1.83 refund=0.95
   เน็ตบ้านหลุดบ่อยมากตั้งแต่เมื่ technical p=0.98 frustration=1.61 refund=0.06
   สนใจเปลี่ยนเป็นแพ็กเกจ 5G ที่โ sales     p=0.98 frustration=0.39 refund=0.06
   ใบแจ้งหนี้เดือนนี้แพงกว่าปกติ  billing   p=0.99 frustration=1.17 refund=0.23
   แอปล็อกอินไม่ได้ ขึ้นว่ารหัสผิ technical p=0.63 frustration=1.89 refund=0.23
student vs teacher on /work/thai/data/distill3_eval.jsonl:
  choice  n= 2528 argmax agreement 0.694  mean TV distance 0.303
  noul    n= 2483 argmax agreement 0.898  mean TV distance 0.123
  score   n= 1117 argmax agreement 0.665  mean TV distance 0.262

/work/thai/out/laya-th-run6: 1704 eval records, 38 ms/record
overall: 2455 decisions, accuracy 0.785, Brier 0.377, ECE 0.153
source:type                      n    acc  brier    mae
massive_th:choice              300  0.837  0.298 
prachathai:choice              163  0.902  0.188 
prachathai:noul                588  0.895  0.194 
sib200_th:choice               204  0.691  0.546 
wisesight:choice               300  0.673  0.463 
wongnai:score                  300  0.617  0.671  0.407
xnli_th:choice                 300  0.737  0.484 
xnli_th:noul                   300  0.843  0.311 
tickets: department 5/5  refund 5/5  frustration MAE 0.49
   โดนหักเงินซ้ำสองครั้งเมื่อวานน billing   p=0.95 frustration=1.83 refund=0.95
   เน็ตบ้านหลุดบ่อยมากตั้งแต่เมื่ technical p=0.98 frustration=1.61 refund=0.06
   สนใจเปลี่ยนเป็นแพ็กเกจ 5G ที่โ sales     p=0.98 frustration=0.39 refund=0.06
   ใบแจ้งหนี้เดือนนี้แพงกว่าปกติ  billing   p=0.99 frustration=1.17 refund=0.23
   แอปล็อกอินไม่ได้ ขึ้นว่ารหัสผิ technical p=0.63 frustration=1.89 refund=0.23
== [13:45] 5/5 restore :8011 (still run 5) and permissions
== [13:45] done
