== [18:08] 0/5 waiting for gen_other.sh
== [18:41] gen done: 5020 kept out-of-scope texts
== [18:41] 1/5 label the new texts (cs6 records reused), cascade stopped
reusing 110243 labelled records from cs6
5020 records to label: cs kept 40608, by source {'other_gen': 5020}
  2000/5020 labelled, 9.8 min, 3.4 rec/s
  4000/5020 labelled, 19.5 min, 3.4 rec/s
teacher labelled 5020/5020 in 24.5 min
{
  "records": 115263,
  "train_records": 109400,
  "eval_records": 5863,
  "items": 328200,
  "dropped": 0,
  "by_source": {
    "ecommerce": 57635,
    "insurance": 16369,
    "telecom": 11814,
    "banking": 12425,
    "wisesight": 12000,
    "other_gen": 5020
  },
  "by_type": {
    "choice": 191736,
    "noul": 81874,
    "score": 54590
  },
  "questions_per_record": 3,
  "smooth": 0.1,
  "min_p": 0.5,
  "head_max_len": 768,
  "max_len": 1024,
  "mean_len": 218.66401279707495,
  "teachers": [
    "http://172.18.72.145:8010"
  ],
  "minutes": 27.2
}
== [19:09] 2/5 train from run 3 (cs7_items + human items, 2 epochs)
  /work/thai/data/cs/cs7_items.pt: 328200 items
  /work/thai/data/train_items768.pt: 10674 items
train: 338874 items, 2 epochs, 21178 updates, micro 8 x accum 4
  epoch 1/2 step 50/42360 loss 0.3716 ce 0.5919 reward -0.011 lr 2.50e-05 0.5 min, 0.56 s/step
  epoch 1/2 step 100/42360 loss 0.3914 ce 0.7489 reward -0.285 lr 2.50e-05 0.8 min, 0.50 s/step
  epoch 1/2 step 150/42360 loss 0.4315 ce 0.8196 reward -0.231 lr 2.50e-05 1.3 min, 0.51 s/step
  epoch 1/2 step 200/42360 loss 0.0436 ce 0.7633 reward -0.337 lr 2.50e-05 1.6 min, 0.47 s/step
  epoch 1/2 step 250/42360 loss 0.2417 ce 0.4246 reward 0.224 lr 2.50e-05 1.9 min, 0.46 s/step
  epoch 1/2 step 300/42360 loss 1.1455 ce 0.7256 reward -0.111 lr 2.50e-05 2.3 min, 0.46 s/step
  epoch 1/2 step 350/42360 loss -0.3409 ce 0.5563 reward 0.108 lr 2.50e-05 2.7 min, 0.45 s/step
  epoch 1/2 step 400/42360 loss -0.0783 ce 0.5347 reward 0.040 lr 2.50e-05 3.0 min, 0.44 s/step
  epoch 1/2 step 450/42360 loss 1.0950 ce 0.9929 reward -0.411 lr 2.50e-05 3.4 min, 0.45 s/step
  epoch 1/2 step 500/42360 loss 0.3508 ce 0.9094 reward -0.469 lr 2.50e-05 3.8 min, 0.45 s/step
  epoch 1/2 step 550/42360 loss 0.3437 ce 0.4570 reward 0.137 lr 2.50e-05 4.1 min, 0.45 s/step
  epoch 1/2 step 600/42360 loss 1.1673 ce 0.8382 reward -0.280 lr 2.50e-05 4.4 min, 0.44 s/step
  epoch 1/2 step 650/42360 loss 0.6729 ce 0.6873 reward -0.067 lr 2.50e-05 4.8 min, 0.44 s/step
  epoch 1/2 step 700/42360 loss 0.8113 ce 0.8046 reward -0.222 lr 2.50e-05 5.1 min, 0.44 s/step
  epoch 1/2 step 750/42360 loss 0.6893 ce 0.6668 reward -0.035 lr 2.50e-05 5.5 min, 0.44 s/step
  epoch 1/2 step 800/42360 loss 0.7161 ce 0.9720 reward -0.393 lr 2.50e-05 5.8 min, 0.44 s/step
  epoch 1/2 step 850/42360 loss 1.0213 ce 0.9253 reward -0.383 lr 2.50e-05 6.2 min, 0.44 s/step
  epoch 1/2 step 900/42360 loss 0.4205 ce 0.4888 reward 0.097 lr 2.50e-05 6.5 min, 0.44 s/step
  epoch 1/2 step 950/42360 loss 0.8945 ce 0.7382 reward -0.125 lr 2.50e-05 6.8 min, 0.43 s/step
  epoch 1/2 step 1000/42360 loss 0.3212 ce 0.7581 reward -0.199 lr 2.50e-05 7.2 min, 0.43 s/step
  epoch 1/2 step 1050/42360 loss -1.1271 ce 0.6154 reward 0.050 lr 2.50e-05 7.7 min, 0.44 s/step
  epoch 1/2 step 1100/42360 loss 0.3274 ce 0.4311 reward 0.204 lr 2.50e-05 8.1 min, 0.44 s/step
  epoch 1/2 step 1150/42360 loss -0.1376 ce 0.4117 reward 0.186 lr 2.50e-05 8.5 min, 0.44 s/step
  epoch 1/2 step 1200/42360 loss 0.4705 ce 0.5432 reward 0.066 lr 2.50e-05 8.9 min, 0.44 s/step
  epoch 1/2 step 1250/42360 loss 0.8099 ce 0.7164 reward -0.095 lr 2.50e-05 9.3 min, 0.45 s/step
  epoch 1/2 step 1300/42360 loss 0.1603 ce 0.6205 reward 0.050 lr 2.50e-05 9.7 min, 0.45 s/step
  epoch 1/2 step 1350/42360 loss 0.2041 ce 0.5766 reward 0.046 lr 2.50e-05 10.1 min, 0.45 s/step
  epoch 1/2 step 1400/42360 loss -0.1413 ce 0.6467 reward -0.028 lr 2.50e-05 10.4 min, 0.45 s/step
  epoch 1/2 step 1450/42360 loss 0.1890 ce 0.3933 reward 0.226 lr 2.50e-05 10.8 min, 0.45 s/step
  epoch 1/2 step 1500/42360 loss -0.2233 ce 0.3992 reward 0.240 lr 2.50e-05 11.2 min, 0.45 s/step
  epoch 1/2 step 1550/42360 loss 0.1937 ce 0.3413 reward 0.323 lr 2.50e-05 11.7 min, 0.45 s/step
  epoch 1/2 step 1600/42360 loss 0.6533 ce 0.7070 reward -0.073 lr 2.50e-05 12.0 min, 0.45 s/step
  epoch 1/2 step 1650/42360 loss -0.4351 ce 0.3992 reward 0.266 lr 2.50e-05 12.3 min, 0.45 s/step
  epoch 1/2 step 1700/42360 loss 0.6614 ce 0.8988 reward -0.386 lr 2.50e-05 12.8 min, 0.45 s/step
  epoch 1/2 step 1750/42360 loss 0.3164 ce 0.4540 reward 0.150 lr 2.50e-05 13.2 min, 0.45 s/step
  epoch 1/2 step 1800/42360 loss 0.2907 ce 0.4195 reward 0.166 lr 2.50e-05 13.5 min, 0.45 s/step
  epoch 1/2 step 1850/42360 loss 1.0891 ce 0.6185 reward -0.037 lr 2.50e-05 13.9 min, 0.45 s/step
  epoch 1/2 step 1900/42360 loss 0.6306 ce 0.5174 reward 0.064 lr 2.50e-05 14.3 min, 0.45 s/step
  epoch 1/2 step 1950/42360 loss 0.1195 ce 0.6825 reward -0.250 lr 2.50e-05 14.7 min, 0.45 s/step
  epoch 1/2 step 2000/42360 loss 0.6199 ce 0.3072 reward 0.374 lr 2.50e-05 15.1 min, 0.45 s/step
  epoch 1/2 step 2050/42360 loss 0.4368 ce 0.6005 reward -0.051 lr 2.50e-05 15.5 min, 0.45 s/step
  epoch 1/2 step 2100/42360 loss 0.4354 ce 0.5990 reward -0.047 lr 2.50e-05 15.9 min, 0.46 s/step
  epoch 1/2 step 2150/42360 loss 0.1422 ce 0.4325 reward 0.260 lr 2.50e-05 16.3 min, 0.46 s/step
  epoch 1/2 step 2200/42360 loss 0.5710 ce 0.8444 reward -0.336 lr 2.50e-05 16.7 min, 0.46 s/step
  epoch 1/2 step 2250/42360 loss -0.5387 ce 0.3762 reward 0.308 lr 2.50e-05 17.1 min, 0.46 s/step
  epoch 1/2 step 2300/42360 loss 0.3359 ce 0.4382 reward 0.207 lr 2.50e-05 17.6 min, 0.46 s/step
  epoch 1/2 step 2350/42360 loss 0.2433 ce 0.6510 reward 0.037 lr 2.50e-05 18.0 min, 0.46 s/step
  epoch 1/2 step 2400/42360 loss 0.3937 ce 0.6722 reward -0.100 lr 2.50e-05 18.3 min, 0.46 s/step
  epoch 1/2 step 2450/42360 loss -0.0775 ce 0.2321 reward 0.470 lr 2.50e-05 18.7 min, 0.46 s/step
  epoch 1/2 step 2500/42360 loss 0.1702 ce 0.3769 reward 0.326 lr 2.49e-05 19.1 min, 0.46 s/step
  epoch 1/2 step 2550/42360 loss 0.2933 ce 0.7242 reward -0.278 lr 2.49e-05 19.5 min, 0.46 s/step
  epoch 1/2 step 2600/42360 loss 0.2862 ce 0.4700 reward 0.163 lr 2.49e-05 19.9 min, 0.46 s/step
  epoch 1/2 step 2650/42360 loss -0.5864 ce 0.6080 reward 0.053 lr 2.49e-05 20.4 min, 0.46 s/step
  epoch 1/2 step 2700/42360 loss 0.3057 ce 0.4389 reward 0.228 lr 2.49e-05 20.8 min, 0.46 s/step
  epoch 1/2 step 2750/42360 loss 0.5192 ce 0.6134 reward 0.042 lr 2.49e-05 21.2 min, 0.46 s/step
  epoch 1/2 step 2800/42360 loss 0.4867 ce 0.6250 reward -0.037 lr 2.49e-05 21.6 min, 0.46 s/step
  epoch 1/2 step 2850/42360 loss 0.8693 ce 1.1400 reward -0.612 lr 2.49e-05 22.0 min, 0.46 s/step
  epoch 1/2 step 2900/42360 loss 0.8466 ce 0.5519 reward 0.132 lr 2.49e-05 22.4 min, 0.46 s/step
  epoch 1/2 step 2950/42360 loss 0.7169 ce 0.5187 reward 0.125 lr 2.49e-05 22.8 min, 0.46 s/step
  epoch 1/2 step 3000/42360 loss 0.4335 ce 0.6494 reward -0.162 lr 2.49e-05 23.3 min, 0.47 s/step
  epoch 1/2 step 3050/42360 loss 0.6981 ce 0.9331 reward -0.406 lr 2.49e-05 23.7 min, 0.47 s/step
  epoch 1/2 step 3100/42360 loss 0.7144 ce 0.9916 reward -0.534 lr 2.49e-05 24.0 min, 0.46 s/step
  epoch 1/2 step 3150/42360 loss -0.5027 ce 0.3943 reward 0.274 lr 2.49e-05 24.3 min, 0.46 s/step
  epoch 1/2 step 3200/42360 loss 0.3167 ce 0.6877 reward -0.167 lr 2.49e-05 24.6 min, 0.46 s/step
  epoch 1/2 step 3250/42360 loss 0.1013 ce 0.7496 reward -0.184 lr 2.49e-05 25.0 min, 0.46 s/step
  epoch 1/2 step 3300/42360 loss 1.4317 ce 1.2824 reward -0.764 lr 2.49e-05 25.4 min, 0.46 s/step
  epoch 1/2 step 3350/42360 loss 0.5449 ce 1.0896 reward -0.682 lr 2.49e-05 25.8 min, 0.46 s/step
  epoch 1/2 step 3400/42360 loss 0.8385 ce 0.6083 reward -0.021 lr 2.49e-05 26.2 min, 0.46 s/step
  epoch 1/2 step 3450/42360 loss 0.3005 ce 0.4808 reward 0.136 lr 2.49e-05 26.5 min, 0.46 s/step
  epoch 1/2 step 3500/42360 loss 0.4023 ce 0.6309 reward -0.103 lr 2.49e-05 27.0 min, 0.46 s/step
  epoch 1/2 step 3550/42360 loss 0.0251 ce 0.5084 reward 0.087 lr 2.49e-05 27.3 min, 0.46 s/step
  epoch 1/2 step 3600/42360 loss 0.7788 ce 0.6667 reward -0.226 lr 2.49e-05 27.7 min, 0.46 s/step
  epoch 1/2 step 3650/42360 loss 0.4411 ce 0.6355 reward -0.112 lr 2.49e-05 28.1 min, 0.46 s/step
  epoch 1/2 step 3700/42360 loss 1.3432 ce 1.2530 reward -0.709 lr 2.49e-05 28.5 min, 0.46 s/step
  epoch 1/2 step 3750/42360 loss 0.1379 ce 0.5507 reward 0.124 lr 2.49e-05 28.9 min, 0.46 s/step
  epoch 1/2 step 3800/42360 loss 0.4169 ce 0.4663 reward 0.122 lr 2.49e-05 29.3 min, 0.46 s/step
  epoch 1/2 step 3850/42360 loss 0.0253 ce 0.3975 reward 0.239 lr 2.49e-05 29.7 min, 0.46 s/step
  epoch 1/2 step 3900/42360 loss 1.2820 ce 0.5923 reward 0.091 lr 2.49e-05 30.1 min, 0.46 s/step
  epoch 1/2 step 3950/42360 loss 1.0410 ce 1.1191 reward -0.640 lr 2.49e-05 30.4 min, 0.46 s/step
  epoch 1/2 step 4000/42360 loss 0.5399 ce 0.5013 reward 0.144 lr 2.49e-05 30.7 min, 0.46 s/step
  epoch 1/2 step 4050/42360 loss 0.8322 ce 0.7503 reward -0.256 lr 2.49e-05 31.1 min, 0.46 s/step
  epoch 1/2 step 4100/42360 loss 0.3557 ce 0.4162 reward 0.179 lr 2.49e-05 31.6 min, 0.46 s/step
  epoch 1/2 step 4150/42360 loss -0.2664 ce 0.3407 reward 0.320 lr 2.49e-05 31.9 min, 0.46 s/step
  epoch 1/2 step 4200/42360 loss 0.5617 ce 0.5365 reward 0.033 lr 2.49e-05 32.2 min, 0.46 s/step
  epoch 1/2 step 4250/42360 loss 1.7214 ce 1.3245 reward -0.767 lr 2.49e-05 32.6 min, 0.46 s/step
  epoch 1/2 step 4300/42360 loss 0.6585 ce 0.7729 reward -0.222 lr 2.48e-05 33.0 min, 0.46 s/step
  epoch 1/2 step 4350/42360 loss 0.2317 ce 0.4856 reward 0.115 lr 2.48e-05 33.5 min, 0.46 s/step
  epoch 1/2 step 4400/42360 loss 0.1568 ce 0.5060 reward 0.107 lr 2.48e-05 33.9 min, 0.46 s/step
  epoch 1/2 step 4450/42360 loss 0.5699 ce 0.6464 reward -0.117 lr 2.48e-05 34.2 min, 0.46 s/step
  epoch 1/2 step 4500/42360 loss 0.2082 ce 0.6016 reward 0.005 lr 2.48e-05 34.7 min, 0.46 s/step
  epoch 1/2 step 4550/42360 loss -0.4644 ce 0.6226 reward 0.039 lr 2.48e-05 35.1 min, 0.46 s/step
  epoch 1/2 step 4600/42360 loss 0.4962 ce 0.5998 reward -0.054 lr 2.48e-05 35.6 min, 0.46 s/step
  epoch 1/2 step 4650/42360 loss 0.2940 ce 0.4874 reward 0.112 lr 2.48e-05 35.9 min, 0.46 s/step
  epoch 1/2 step 4700/42360 loss 0.5099 ce 0.6115 reward 0.057 lr 2.48e-05 36.2 min, 0.46 s/step
  epoch 1/2 step 4750/42360 loss 0.8430 ce 1.1482 reward -0.562 lr 2.48e-05 36.6 min, 0.46 s/step
  epoch 1/2 step 4800/42360 loss 0.2563 ce 0.4865 reward 0.080 lr 2.48e-05 37.0 min, 0.46 s/step
  epoch 1/2 step 4850/42360 loss 0.3659 ce 0.4379 reward 0.198 lr 2.48e-05 37.4 min, 0.46 s/step
  epoch 1/2 step 4900/42360 loss 0.0968 ce 0.3765 reward 0.259 lr 2.48e-05 37.8 min, 0.46 s/step
  epoch 1/2 step 4950/42360 loss 0.1461 ce 0.1661 reward 0.551 lr 2.48e-05 38.2 min, 0.46 s/step
  epoch 1/2 step 5000/42360 loss -0.1643 ce 0.3911 reward 0.233 lr 2.48e-05 38.6 min, 0.46 s/step
  epoch 1/2 step 5050/42360 loss 0.3276 ce 0.5211 reward 0.081 lr 2.48e-05 38.9 min, 0.46 s/step
  epoch 1/2 step 5100/42360 loss 0.4391 ce 0.5312 reward 0.054 lr 2.48e-05 39.3 min, 0.46 s/step
  epoch 1/2 step 5150/42360 loss -0.0553 ce 0.3706 reward 0.257 lr 2.48e-05 39.6 min, 0.46 s/step
  epoch 1/2 step 5200/42360 loss -0.5801 ce 0.4003 reward 0.231 lr 2.48e-05 40.0 min, 0.46 s/step
  epoch 1/2 step 5250/42360 loss -0.4593 ce 0.6377 reward 0.030 lr 2.48e-05 40.4 min, 0.46 s/step
  epoch 1/2 step 5300/42360 loss 0.2932 ce 0.4377 reward 0.180 lr 2.48e-05 40.8 min, 0.46 s/step
  epoch 1/2 step 5350/42360 loss -0.9685 ce 0.4342 reward 0.259 lr 2.48e-05 41.2 min, 0.46 s/step
  epoch 1/2 step 5400/42360 loss 0.9305 ce 0.8340 reward -0.291 lr 2.48e-05 41.6 min, 0.46 s/step
  epoch 1/2 step 5450/42360 loss 0.4211 ce 0.6431 reward -0.091 lr 2.48e-05 41.9 min, 0.46 s/step
  epoch 1/2 step 5500/42360 loss -0.0201 ce 0.2154 reward 0.485 lr 2.48e-05 42.3 min, 0.46 s/step
  epoch 1/2 step 5550/42360 loss 0.6141 ce 0.6102 reward 0.050 lr 2.47e-05 42.6 min, 0.46 s/step
  epoch 1/2 step 5600/42360 loss 0.1836 ce 0.3991 reward 0.236 lr 2.47e-05 42.9 min, 0.46 s/step
  epoch 1/2 step 5650/42360 loss 0.1125 ce 0.4448 reward 0.200 lr 2.47e-05 43.2 min, 0.46 s/step
  epoch 1/2 step 5700/42360 loss 0.1979 ce 0.4058 reward 0.223 lr 2.47e-05 43.6 min, 0.46 s/step
  epoch 1/2 step 5750/42360 loss 1.5293 ce 1.1534 reward -0.617 lr 2.47e-05 43.9 min, 0.46 s/step
  epoch 1/2 step 5800/42360 loss 1.3556 ce 1.3584 reward -0.839 lr 2.47e-05 44.3 min, 0.46 s/step
  epoch 1/2 step 5850/42360 loss -0.0029 ce 0.2580 reward 0.427 lr 2.47e-05 44.6 min, 0.46 s/step
  epoch 1/2 step 5900/42360 loss 0.1369 ce 0.3405 reward 0.330 lr 2.47e-05 45.0 min, 0.46 s/step
  epoch 1/2 step 5950/42360 loss 0.7314 ce 0.6829 reward -0.111 lr 2.47e-05 45.3 min, 0.46 s/step
  epoch 1/2 step 6000/42360 loss 0.6397 ce 0.5783 reward -0.044 lr 2.47e-05 45.7 min, 0.46 s/step
  epoch 1/2 step 6050/42360 loss 0.2387 ce 0.8283 reward -0.277 lr 2.47e-05 46.1 min, 0.46 s/step
  epoch 1/2 step 6100/42360 loss -1.0293 ce 0.6143 reward 0.048 lr 2.47e-05 46.5 min, 0.46 s/step
  epoch 1/2 step 6150/42360 loss 0.2912 ce 0.4293 reward 0.208 lr 2.47e-05 46.9 min, 0.46 s/step
  epoch 1/2 step 6200/42360 loss 0.6681 ce 0.8676 reward -0.434 lr 2.47e-05 47.3 min, 0.46 s/step
  epoch 1/2 step 6250/42360 loss 0.6546 ce 0.5420 reward 0.043 lr 2.47e-05 47.7 min, 0.46 s/step
  epoch 1/2 step 6300/42360 loss 0.3637 ce 0.7898 reward -0.332 lr 2.47e-05 48.1 min, 0.46 s/step
  epoch 1/2 step 6350/42360 loss 0.8681 ce 1.0620 reward -0.511 lr 2.47e-05 48.4 min, 0.46 s/step
  epoch 1/2 step 6400/42360 loss -0.0663 ce 0.4951 reward 0.179 lr 2.47e-05 48.7 min, 0.46 s/step
  epoch 1/2 step 6450/42360 loss 1.6055 ce 1.0918 reward -0.562 lr 2.47e-05 49.1 min, 0.46 s/step
  epoch 1/2 step 6500/42360 loss -0.0327 ce 0.5272 reward 0.024 lr 2.47e-05 49.5 min, 0.46 s/step
  epoch 1/2 step 6550/42360 loss 0.9187 ce 0.6259 reward 0.032 lr 2.46e-05 49.9 min, 0.46 s/step
  epoch 1/2 step 6600/42360 loss 0.9187 ce 0.6822 reward -0.021 lr 2.46e-05 50.3 min, 0.46 s/step
  epoch 1/2 step 6650/42360 loss 0.3977 ce 0.6558 reward -0.049 lr 2.46e-05 50.6 min, 0.46 s/step
  epoch 1/2 step 6700/42360 loss 0.2846 ce 0.5363 reward 0.047 lr 2.46e-05 51.0 min, 0.46 s/step
  epoch 1/2 step 6750/42360 loss 0.2939 ce 0.3749 reward 0.251 lr 2.46e-05 51.4 min, 0.46 s/step
  epoch 1/2 step 6800/42360 loss -0.0432 ce 0.6316 reward 0.019 lr 2.46e-05 51.8 min, 0.46 s/step
  epoch 1/2 step 6850/42360 loss 0.6166 ce 0.7925 reward -0.309 lr 2.46e-05 52.2 min, 0.46 s/step
  epoch 1/2 step 6900/42360 loss 0.9948 ce 0.7576 reward -0.252 lr 2.46e-05 52.5 min, 0.46 s/step
  epoch 1/2 step 6950/42360 loss 0.5769 ce 0.6361 reward 0.025 lr 2.46e-05 52.9 min, 0.46 s/step
  epoch 1/2 step 7000/42360 loss 0.8034 ce 0.7781 reward -0.222 lr 2.46e-05 53.4 min, 0.46 s/step
  epoch 1/2 step 7050/42360 loss 0.2919 ce 0.5837 reward -0.001 lr 2.46e-05 53.7 min, 0.46 s/step
  epoch 1/2 step 7100/42360 loss 0.5121 ce 0.8079 reward -0.234 lr 2.46e-05 54.1 min, 0.46 s/step
  epoch 1/2 step 7150/42360 loss 0.5231 ce 0.5370 reward 0.022 lr 2.46e-05 54.4 min, 0.46 s/step
  epoch 1/2 step 7200/42360 loss -1.4701 ce 0.5935 reward 0.079 lr 2.46e-05 54.8 min, 0.46 s/step
  epoch 1/2 step 7250/42360 loss 0.5566 ce 0.7930 reward -0.341 lr 2.46e-05 55.2 min, 0.46 s/step
  epoch 1/2 step 7300/42360 loss 0.5514 ce 0.4920 reward 0.119 lr 2.46e-05 55.5 min, 0.46 s/step
  epoch 1/2 step 7350/42360 loss 0.7755 ce 1.1840 reward -0.813 lr 2.46e-05 55.8 min, 0.46 s/step
  epoch 1/2 step 7400/42360 loss 0.9222 ce 0.9851 reward -0.528 lr 2.46e-05 56.2 min, 0.46 s/step
  epoch 1/2 step 7450/42360 loss -0.0376 ce 0.5787 reward 0.086 lr 2.45e-05 56.6 min, 0.46 s/step
  epoch 1/2 step 7500/42360 loss 0.4404 ce 0.5211 reward 0.052 lr 2.45e-05 56.9 min, 0.46 s/step
  epoch 1/2 step 7550/42360 loss 0.4473 ce 0.3836 reward 0.281 lr 2.45e-05 57.2 min, 0.45 s/step
  epoch 1/2 step 7600/42360 loss 0.8596 ce 1.2152 reward -0.628 lr 2.45e-05 57.7 min, 0.46 s/step
  epoch 1/2 step 7650/42360 loss 0.3548 ce 0.6189 reward -0.095 lr 2.45e-05 58.0 min, 0.45 s/step
  epoch 1/2 step 7700/42360 loss -0.5924 ce 0.3929 reward 0.286 lr 2.45e-05 58.3 min, 0.45 s/step
  epoch 1/2 step 7750/42360 loss 0.6728 ce 0.5631 reward 0.023 lr 2.45e-05 58.8 min, 0.45 s/step
  epoch 1/2 step 7800/42360 loss 0.6454 ce 0.7845 reward -0.178 lr 2.45e-05 59.1 min, 0.45 s/step
  epoch 1/2 step 7850/42360 loss -1.1746 ce 0.6062 reward 0.060 lr 2.45e-05 59.5 min, 0.46 s/step
  epoch 1/2 step 7900/42360 loss -0.0190 ce 0.2189 reward 0.471 lr 2.45e-05 59.9 min, 0.46 s/step
  epoch 1/2 step 7950/42360 loss 0.4103 ce 0.5281 reward 0.091 lr 2.45e-05 60.3 min, 0.45 s/step
  epoch 1/2 step 8000/42360 loss 0.3524 ce 0.7111 reward -0.143 lr 2.45e-05 60.6 min, 0.45 s/step
  epoch 1/2 step 8050/42360 loss 0.5808 ce 0.4900 reward 0.140 lr 2.45e-05 61.0 min, 0.45 s/step
  epoch 1/2 step 8100/42360 loss 0.2664 ce 0.4822 reward 0.146 lr 2.45e-05 61.4 min, 0.45 s/step
  epoch 1/2 step 8150/42360 loss 1.4024 ce 0.8596 reward -0.258 lr 2.45e-05 61.8 min, 0.45 s/step
  epoch 1/2 step 8200/42360 loss 0.4738 ce 0.4422 reward 0.184 lr 2.44e-05 62.2 min, 0.45 s/step
  epoch 1/2 step 8250/42360 loss 0.3764 ce 0.4246 reward 0.215 lr 2.44e-05 62.5 min, 0.45 s/step
  epoch 1/2 step 8300/42360 loss 0.4289 ce 0.3363 reward 0.337 lr 2.44e-05 63.0 min, 0.46 s/step
  epoch 1/2 step 8350/42360 loss 0.5595 ce 0.6356 reward -0.028 lr 2.44e-05 63.4 min, 0.46 s/step
  epoch 1/2 step 8400/42360 loss -0.1821 ce 0.5119 reward 0.078 lr 2.44e-05 63.7 min, 0.46 s/step
  epoch 1/2 step 8450/42360 loss 0.4788 ce 0.6242 reward -0.058 lr 2.44e-05 64.2 min, 0.46 s/step
  epoch 1/2 step 8500/42360 loss 1.2875 ce 1.2852 reward -0.793 lr 2.44e-05 64.5 min, 0.46 s/step
  epoch 1/2 step 8550/42360 loss -0.3201 ce 0.5173 reward 0.065 lr 2.44e-05 64.9 min, 0.46 s/step
  epoch 1/2 step 8600/42360 loss 0.3299 ce 0.4999 reward 0.052 lr 2.44e-05 65.3 min, 0.46 s/step
  epoch 1/2 step 8650/42360 loss 0.3359 ce 0.6709 reward -0.147 lr 2.44e-05 65.6 min, 0.45 s/step
  epoch 1/2 step 8700/42360 loss 0.1865 ce 0.4989 reward 0.084 lr 2.44e-05 66.0 min, 0.45 s/step
  epoch 1/2 step 8750/42360 loss 0.5705 ce 0.8278 reward -0.349 lr 2.44e-05 66.3 min, 0.45 s/step
  epoch 1/2 step 8800/42360 loss 0.7438 ce 0.6828 reward -0.195 lr 2.44e-05 66.6 min, 0.45 s/step
  epoch 1/2 step 8850/42360 loss 0.3518 ce 0.7878 reward -0.264 lr 2.44e-05 67.0 min, 0.45 s/step
  epoch 1/2 step 8900/42360 loss 1.1665 ce 1.1933 reward -0.753 lr 2.44e-05 67.4 min, 0.45 s/step
  epoch 1/2 step 8950/42360 loss 0.2514 ce 0.4974 reward 0.098 lr 2.43e-05 67.8 min, 0.45 s/step
  epoch 1/2 step 9000/42360 loss 0.4452 ce 0.6073 reward -0.070 lr 2.43e-05 68.2 min, 0.45 s/step
  epoch 1/2 step 9050/42360 loss -0.0141 ce 0.2718 reward 0.450 lr 2.43e-05 68.5 min, 0.45 s/step
  epoch 1/2 step 9100/42360 loss 0.7850 ce 0.5047 reward 0.140 lr 2.43e-05 69.0 min, 0.45 s/step
  epoch 1/2 step 9150/42360 loss 1.1922 ce 0.7058 reward -0.171 lr 2.43e-05 69.3 min, 0.45 s/step
  epoch 1/2 step 9200/42360 loss 1.0570 ce 0.7925 reward -0.296 lr 2.43e-05 69.6 min, 0.45 s/step
  epoch 1/2 step 9250/42360 loss -0.3160 ce 0.3469 reward 0.339 lr 2.43e-05 70.0 min, 0.45 s/step
  epoch 1/2 step 9300/42360 loss 0.3699 ce 0.3866 reward 0.215 lr 2.43e-05 70.4 min, 0.45 s/step
  epoch 1/2 step 9350/42360 loss 0.5797 ce 0.6633 reward -0.147 lr 2.43e-05 70.7 min, 0.45 s/step
  epoch 1/2 step 9400/42360 loss 0.1470 ce 0.6281 reward -0.097 lr 2.43e-05 71.1 min, 0.45 s/step
  epoch 1/2 step 9450/42360 loss 1.0035 ce 0.6076 reward 0.050 lr 2.43e-05 71.4 min, 0.45 s/step
  epoch 1/2 step 9500/42360 loss -0.2068 ce 0.6385 reward 0.029 lr 2.43e-05 71.8 min, 0.45 s/step
  epoch 1/2 step 9550/42360 loss 0.1819 ce 0.3164 reward 0.379 lr 2.43e-05 72.1 min, 0.45 s/step
  epoch 1/2 step 9600/42360 loss -0.2303 ce 0.3924 reward 0.287 lr 2.42e-05 72.5 min, 0.45 s/step
  epoch 1/2 step 9650/42360 loss 0.4728 ce 0.5905 reward 0.040 lr 2.42e-05 72.8 min, 0.45 s/step
  epoch 1/2 step 9700/42360 loss -0.8973 ce 0.6132 reward 0.052 lr 2.42e-05 73.2 min, 0.45 s/step
  epoch 1/2 step 9750/42360 loss 0.3453 ce 0.7530 reward -0.284 lr 2.42e-05 73.7 min, 0.45 s/step
  epoch 1/2 step 9800/42360 loss -0.0271 ce 0.3725 reward 0.306 lr 2.42e-05 74.1 min, 0.45 s/step
  epoch 1/2 step 9850/42360 loss 0.6170 ce 0.8924 reward -0.377 lr 2.42e-05 74.5 min, 0.45 s/step
  epoch 1/2 step 9900/42360 loss 0.0023 ce 0.2758 reward 0.391 lr 2.42e-05 74.9 min, 0.45 s/step
  epoch 1/2 step 9950/42360 loss -0.7765 ce 0.6327 reward 0.032 lr 2.42e-05 75.2 min, 0.45 s/step
  epoch 1/2 step 10000/42360 loss 0.1293 ce 0.5018 reward 0.085 lr 2.42e-05 75.5 min, 0.45 s/step
  epoch 1/2 step 10050/42360 loss -0.1846 ce 0.3933 reward 0.283 lr 2.42e-05 75.9 min, 0.45 s/step
  epoch 1/2 step 10100/42360 loss 0.4802 ce 0.4317 reward 0.202 lr 2.42e-05 76.2 min, 0.45 s/step
  epoch 1/2 step 10150/42360 loss 0.6365 ce 0.8075 reward -0.178 lr 2.42e-05 76.6 min, 0.45 s/step
  epoch 1/2 step 10200/42360 loss 0.0998 ce 0.5293 reward 0.035 lr 2.42e-05 77.0 min, 0.45 s/step
  epoch 1/2 step 10250/42360 loss 0.0981 ce 0.4314 reward 0.235 lr 2.41e-05 77.3 min, 0.45 s/step
  epoch 1/2 step 10300/42360 loss 0.1893 ce 0.3699 reward 0.295 lr 2.41e-05 77.7 min, 0.45 s/step
  epoch 1/2 step 10350/42360 loss 0.4981 ce 0.6836 reward -0.197 lr 2.41e-05 78.1 min, 0.45 s/step
  epoch 1/2 step 10400/42360 loss -0.0961 ce 0.3966 reward 0.206 lr 2.41e-05 78.5 min, 0.45 s/step
  epoch 1/2 step 10450/42360 loss -0.4124 ce 0.6199 reward 0.048 lr 2.41e-05 78.9 min, 0.45 s/step
  epoch 1/2 step 10500/42360 loss 0.6397 ce 0.4884 reward 0.126 lr 2.41e-05 79.2 min, 0.45 s/step
  epoch 1/2 step 10550/42360 loss 0.1645 ce 0.6496 reward -0.067 lr 2.41e-05 79.6 min, 0.45 s/step
  epoch 1/2 step 10600/42360 loss 0.4170 ce 0.6216 reward -0.052 lr 2.41e-05 80.0 min, 0.45 s/step
  epoch 1/2 step 10650/42360 loss -0.2600 ce 0.4241 reward 0.192 lr 2.41e-05 80.3 min, 0.45 s/step
  epoch 1/2 step 10700/42360 loss 0.2628 ce 0.4820 reward 0.119 lr 2.41e-05 80.8 min, 0.45 s/step
  epoch 1/2 step 10750/42360 loss 1.3603 ce 0.8592 reward -0.367 lr 2.41e-05 81.1 min, 0.45 s/step
  epoch 1/2 step 10800/42360 loss 0.5117 ce 0.6840 reward -0.154 lr 2.41e-05 81.4 min, 0.45 s/step
  epoch 1/2 step 10850/42360 loss 0.4926 ce 0.7236 reward -0.249 lr 2.40e-05 81.8 min, 0.45 s/step
  epoch 1/2 step 10900/42360 loss 1.2191 ce 1.0539 reward -0.487 lr 2.40e-05 82.2 min, 0.45 s/step
  epoch 1/2 step 10950/42360 loss 0.2799 ce 0.5307 reward 0.115 lr 2.40e-05 82.5 min, 0.45 s/step
  epoch 1/2 step 11000/42360 loss 0.0831 ce 0.5255 reward 0.048 lr 2.40e-05 82.9 min, 0.45 s/step
  epoch 1/2 step 11050/42360 loss -0.1618 ce 0.6117 reward 0.051 lr 2.40e-05 83.2 min, 0.45 s/step
  epoch 1/2 step 11100/42360 loss 0.2786 ce 0.4560 reward 0.138 lr 2.40e-05 83.6 min, 0.45 s/step
  epoch 1/2 step 11150/42360 loss -0.2188 ce 0.3937 reward 0.282 lr 2.40e-05 83.9 min, 0.45 s/step
  epoch 1/2 step 11200/42360 loss -0.0948 ce 0.7054 reward -0.210 lr 2.40e-05 84.2 min, 0.45 s/step
  epoch 1/2 step 11250/42360 loss 0.1021 ce 0.4725 reward 0.120 lr 2.40e-05 84.6 min, 0.45 s/step
  epoch 1/2 step 11300/42360 loss -0.3793 ce 0.5505 reward 0.124 lr 2.40e-05 85.0 min, 0.45 s/step
  epoch 1/2 step 11350/42360 loss -0.2593 ce 0.6325 reward 0.033 lr 2.40e-05 85.4 min, 0.45 s/step
  epoch 1/2 step 11400/42360 loss 0.5001 ce 0.5955 reward 0.051 lr 2.39e-05 85.7 min, 0.45 s/step
  epoch 1/2 step 11450/42360 loss 0.1246 ce 0.4460 reward 0.165 lr 2.39e-05 86.1 min, 0.45 s/step
  epoch 1/2 step 11500/42360 loss 0.3906 ce 0.6322 reward -0.085 lr 2.39e-05 86.4 min, 0.45 s/step
  epoch 1/2 step 11550/42360 loss 0.2603 ce 0.4268 reward 0.208 lr 2.39e-05 86.8 min, 0.45 s/step
  epoch 1/2 step 11600/42360 loss -0.3416 ce 0.6061 reward 0.057 lr 2.39e-05 87.2 min, 0.45 s/step
  epoch 1/2 step 11650/42360 loss 0.0231 ce 0.6836 reward -0.022 lr 2.39e-05 87.6 min, 0.45 s/step
  epoch 1/2 step 11700/42360 loss -0.1305 ce 0.4962 reward 0.093 lr 2.39e-05 87.9 min, 0.45 s/step
  epoch 1/2 step 11750/42360 loss -0.1209 ce 0.2216 reward 0.474 lr 2.39e-05 88.3 min, 0.45 s/step
  epoch 1/2 step 11800/42360 loss 0.2917 ce 0.3252 reward 0.329 lr 2.39e-05 88.7 min, 0.45 s/step
  epoch 1/2 step 11850/42360 loss -0.1241 ce 0.3915 reward 0.285 lr 2.39e-05 89.0 min, 0.45 s/step
  epoch 1/2 step 11900/42360 loss 0.5643 ce 0.6008 reward -0.005 lr 2.39e-05 89.4 min, 0.45 s/step
  epoch 1/2 step 11950/42360 loss 0.2102 ce 0.4454 reward 0.140 lr 2.38e-05 89.8 min, 0.45 s/step
  epoch 1/2 step 12000/42360 loss -0.2059 ce 0.5316 reward 0.043 lr 2.38e-05 90.1 min, 0.45 s/step
  epoch 1/2 step 12050/42360 loss 0.4214 ce 0.6868 reward -0.221 lr 2.38e-05 90.5 min, 0.45 s/step
  epoch 1/2 step 12100/42360 loss 0.1762 ce 0.3919 reward 0.290 lr 2.38e-05 90.9 min, 0.45 s/step
  epoch 1/2 step 12150/42360 loss 0.4519 ce 0.6340 reward 0.031 lr 2.38e-05 91.3 min, 0.45 s/step
  epoch 1/2 step 12200/42360 loss 0.5273 ce 0.5424 reward 0.055 lr 2.38e-05 91.7 min, 0.45 s/step
  epoch 1/2 step 12250/42360 loss 0.7168 ce 0.6780 reward -0.134 lr 2.38e-05 92.1 min, 0.45 s/step
  epoch 1/2 step 12300/42360 loss 0.3587 ce 0.4652 reward 0.139 lr 2.38e-05 92.4 min, 0.45 s/step
  epoch 1/2 step 12350/42360 loss 0.5482 ce 0.6029 reward -0.058 lr 2.38e-05 92.8 min, 0.45 s/step
  epoch 1/2 step 12400/42360 loss -0.1356 ce 0.5339 reward 0.080 lr 2.38e-05 93.2 min, 0.45 s/step
  epoch 1/2 step 12450/42360 loss 0.0852 ce 0.5086 reward 0.085 lr 2.37e-05 93.7 min, 0.45 s/step
  epoch 1/2 step 12500/42360 loss 0.3771 ce 0.4915 reward 0.104 lr 2.37e-05 94.0 min, 0.45 s/step
  epoch 1/2 step 12550/42360 loss 0.6166 ce 0.9537 reward -0.488 lr 2.37e-05 94.4 min, 0.45 s/step
  epoch 1/2 step 12600/42360 loss 0.5760 ce 0.6047 reward -0.062 lr 2.37e-05 94.7 min, 0.45 s/step
  epoch 1/2 step 12650/42360 loss -0.6703 ce 0.6147 reward 0.050 lr 2.37e-05 95.1 min, 0.45 s/step
  epoch 1/2 step 12700/42360 loss -0.0833 ce 0.4052 reward 0.224 lr 2.37e-05 95.5 min, 0.45 s/step
  epoch 1/2 step 12750/42360 loss 1.0276 ce 1.0642 reward -0.641 lr 2.37e-05 95.8 min, 0.45 s/step
  epoch 1/2 step 12800/42360 loss 1.4461 ce 1.1175 reward -0.579 lr 2.37e-05 96.2 min, 0.45 s/step
  epoch 1/2 step 12850/42360 loss 0.4965 ce 0.6813 reward -0.023 lr 2.37e-05 96.6 min, 0.45 s/step
  epoch 1/2 step 12900/42360 loss -0.2288 ce 0.5418 reward 0.036 lr 2.37e-05 96.9 min, 0.45 s/step
  epoch 1/2 step 12950/42360 loss 0.1661 ce 0.4313 reward 0.233 lr 2.36e-05 97.3 min, 0.45 s/step
  epoch 1/2 step 13000/42360 loss 0.8440 ce 0.7666 reward -0.200 lr 2.36e-05 97.7 min, 0.45 s/step
  epoch 1/2 step 13050/42360 loss -0.0466 ce 0.3556 reward 0.332 lr 2.36e-05 98.0 min, 0.45 s/step
  epoch 1/2 step 13100/42360 loss 0.0510 ce 0.3458 reward 0.345 lr 2.36e-05 98.4 min, 0.45 s/step
  epoch 1/2 step 13150/42360 loss -0.0684 ce 0.6136 reward 0.047 lr 2.36e-05 98.7 min, 0.45 s/step
  epoch 1/2 step 13200/42360 loss 0.3526 ce 0.5830 reward 0.043 lr 2.36e-05 99.0 min, 0.45 s/step
  epoch 1/2 step 13250/42360 loss -0.0645 ce 0.4125 reward 0.160 lr 2.36e-05 99.4 min, 0.45 s/step
  epoch 1/2 step 13300/42360 loss 0.5268 ce 0.5262 reward 0.085 lr 2.36e-05 99.8 min, 0.45 s/step
  epoch 1/2 step 13350/42360 loss 0.6142 ce 0.8638 reward -0.366 lr 2.36e-05 100.1 min, 0.45 s/step
  epoch 1/2 step 13400/42360 loss 0.0589 ce 0.4338 reward 0.193 lr 2.35e-05 100.5 min, 0.45 s/step
  epoch 1/2 step 13450/42360 loss 0.6145 ce 0.4574 reward 0.184 lr 2.35e-05 100.9 min, 0.45 s/step
  epoch 1/2 step 13500/42360 loss 0.7095 ce 0.7409 reward -0.170 lr 2.35e-05 101.3 min, 0.45 s/step
  epoch 1/2 step 13550/42360 loss 0.9581 ce 0.6346 reward -0.072 lr 2.35e-05 101.6 min, 0.45 s/step
  epoch 1/2 step 13600/42360 loss 0.2235 ce 0.4445 reward 0.156 lr 2.35e-05 102.0 min, 0.45 s/step
  epoch 1/2 step 13650/42360 loss -0.6496 ce 0.6789 reward -0.016 lr 2.35e-05 102.4 min, 0.45 s/step
  epoch 1/2 step 13700/42360 loss 0.4418 ce 0.6951 reward -0.125 lr 2.35e-05 102.7 min, 0.45 s/step
  epoch 1/2 step 13750/42360 loss 1.1090 ce 0.5262 reward 0.064 lr 2.35e-05 103.1 min, 0.45 s/step
  epoch 1/2 step 13800/42360 loss 0.6828 ce 0.7812 reward -0.282 lr 2.35e-05 103.5 min, 0.45 s/step
  epoch 1/2 step 13850/42360 loss 0.2136 ce 0.4691 reward 0.157 lr 2.35e-05 103.8 min, 0.45 s/step
  epoch 1/2 step 13900/42360 loss -0.2854 ce 0.3940 reward 0.287 lr 2.34e-05 104.2 min, 0.45 s/step
  epoch 1/2 step 13950/42360 loss 0.4128 ce 0.5330 reward 0.091 lr 2.34e-05 104.7 min, 0.45 s/step
  epoch 1/2 step 14000/42360 loss 0.3166 ce 0.7726 reward -0.261 lr 2.34e-05 105.0 min, 0.45 s/step
  epoch 1/2 step 14050/42360 loss 0.2380 ce 0.5211 reward 0.081 lr 2.34e-05 105.3 min, 0.45 s/step
  epoch 1/2 step 14100/42360 loss 1.4837 ce 1.3777 reward -0.836 lr 2.34e-05 105.6 min, 0.45 s/step
  epoch 1/2 step 14150/42360 loss 0.4866 ce 0.5827 reward -0.002 lr 2.34e-05 106.0 min, 0.45 s/step
  epoch 1/2 step 14200/42360 loss 0.3088 ce 0.3992 reward 0.245 lr 2.34e-05 106.3 min, 0.45 s/step
  epoch 1/2 step 14250/42360 loss -0.0333 ce 0.3501 reward 0.302 lr 2.34e-05 106.7 min, 0.45 s/step
  epoch 1/2 step 14300/42360 loss 0.3977 ce 0.4276 reward 0.175 lr 2.34e-05 107.1 min, 0.45 s/step
  epoch 1/2 step 14350/42360 loss -1.2107 ce 0.6394 reward 0.026 lr 2.33e-05 107.5 min, 0.45 s/step
  epoch 1/2 step 14400/42360 loss 0.8954 ce 0.7411 reward -0.168 lr 2.33e-05 107.9 min, 0.45 s/step
  epoch 1/2 step 14450/42360 loss 0.4180 ce 0.6089 reward 0.002 lr 2.33e-05 108.3 min, 0.45 s/step
  epoch 1/2 step 14500/42360 loss -0.1876 ce 0.4170 reward 0.229 lr 2.33e-05 108.6 min, 0.45 s/step
  epoch 1/2 step 14550/42360 loss 0.1534 ce 0.4067 reward 0.200 lr 2.33e-05 109.0 min, 0.45 s/step
  epoch 1/2 step 14600/42360 loss 0.4947 ce 0.4690 reward 0.109 lr 2.33e-05 109.3 min, 0.45 s/step
  epoch 1/2 step 14650/42360 loss 0.5021 ce 0.5895 reward 0.043 lr 2.33e-05 109.7 min, 0.45 s/step
  epoch 1/2 step 14700/42360 loss 0.8417 ce 0.6800 reward -0.034 lr 2.33e-05 110.1 min, 0.45 s/step
  epoch 1/2 step 14750/42360 loss 0.6833 ce 0.9335 reward -0.415 lr 2.32e-05 110.5 min, 0.45 s/step
  epoch 1/2 step 14800/42360 loss 0.1021 ce 0.3027 reward 0.348 lr 2.32e-05 110.8 min, 0.45 s/step
  epoch 1/2 step 14850/42360 loss -0.1084 ce 0.4302 reward 0.240 lr 2.32e-05 111.2 min, 0.45 s/step
  epoch 1/2 step 14900/42360 loss 0.1909 ce 0.2399 reward 0.456 lr 2.32e-05 111.6 min, 0.45 s/step
  epoch 1/2 step 14950/42360 loss -0.4117 ce 0.3332 reward 0.356 lr 2.32e-05 112.0 min, 0.45 s/step
  epoch 1/2 step 15000/42360 loss 1.4620 ce 0.8364 reward -0.261 lr 2.32e-05 112.5 min, 0.45 s/step
  epoch 1/2 step 15050/42360 loss -0.1163 ce 0.4429 reward 0.176 lr 2.32e-05 112.9 min, 0.45 s/step
  epoch 1/2 step 15100/42360 loss 0.1449 ce 0.5412 reward 0.035 lr 2.32e-05 113.2 min, 0.45 s/step
  epoch 1/2 step 15150/42360 loss -0.2604 ce 0.6144 reward 0.052 lr 2.32e-05 113.6 min, 0.45 s/step
  epoch 1/2 step 15200/42360 loss 0.5091 ce 0.3824 reward 0.323 lr 2.31e-05 113.9 min, 0.45 s/step
  epoch 1/2 step 15250/42360 loss -1.2792 ce 0.6520 reward -0.000 lr 2.31e-05 114.4 min, 0.45 s/step
  epoch 1/2 step 15300/42360 loss 0.9253 ce 0.7655 reward -0.170 lr 2.31e-05 114.7 min, 0.45 s/step
  epoch 1/2 step 15350/42360 loss 0.4919 ce 0.5879 reward -0.061 lr 2.31e-05 115.1 min, 0.45 s/step
  epoch 1/2 step 15400/42360 loss 0.4677 ce 0.6866 reward -0.161 lr 2.31e-05 115.4 min, 0.45 s/step
  epoch 1/2 step 15450/42360 loss 0.2425 ce 0.5967 reward -0.047 lr 2.31e-05 115.7 min, 0.45 s/step
  epoch 1/2 step 15500/42360 loss 0.8163 ce 0.6267 reward -0.063 lr 2.31e-05 116.1 min, 0.45 s/step
  epoch 1/2 step 15550/42360 loss 0.1724 ce 0.4579 reward 0.154 lr 2.31e-05 116.4 min, 0.45 s/step
  epoch 1/2 step 15600/42360 loss -0.0269 ce 0.5355 reward 0.141 lr 2.30e-05 116.8 min, 0.45 s/step
  epoch 1/2 step 15650/42360 loss 0.2311 ce 0.4432 reward 0.152 lr 2.30e-05 117.3 min, 0.45 s/step
  epoch 1/2 step 15700/42360 loss 0.3894 ce 0.4934 reward 0.075 lr 2.30e-05 117.8 min, 0.45 s/step
  epoch 1/2 step 15750/42360 loss 0.3525 ce 0.4665 reward 0.186 lr 2.30e-05 118.2 min, 0.45 s/step
  epoch 1/2 step 15800/42360 loss 0.6207 ce 0.6459 reward -0.126 lr 2.30e-05 118.5 min, 0.45 s/step
  epoch 1/2 step 15850/42360 loss 0.1078 ce 0.2708 reward 0.402 lr 2.30e-05 118.9 min, 0.45 s/step
  epoch 1/2 step 15900/42360 loss -1.3030 ce 0.6075 reward 0.059 lr 2.30e-05 119.3 min, 0.45 s/step
  epoch 1/2 step 15950/42360 loss 0.8170 ce 0.6017 reward -0.039 lr 2.30e-05 119.6 min, 0.45 s/step
  epoch 1/2 step 16000/42360 loss 1.0805 ce 0.6506 reward -0.081 lr 2.29e-05 120.0 min, 0.45 s/step
  epoch 1/2 step 16050/42360 loss 0.3618 ce 0.6146 reward -0.075 lr 2.29e-05 120.3 min, 0.45 s/step
  epoch 1/2 step 16100/42360 loss 0.0043 ce 0.3232 reward 0.297 lr 2.29e-05 120.7 min, 0.45 s/step
  epoch 1/2 step 16150/42360 loss 0.6501 ce 0.8712 reward -0.390 lr 2.29e-05 121.1 min, 0.45 s/step
  epoch 1/2 step 16200/42360 loss 0.4827 ce 0.6220 reward -0.015 lr 2.29e-05 121.4 min, 0.45 s/step
  epoch 1/2 step 16250/42360 loss 0.3235 ce 0.6669 reward -0.186 lr 2.29e-05 121.8 min, 0.45 s/step
  epoch 1/2 step 16300/42360 loss -0.5010 ce 0.3668 reward 0.245 lr 2.29e-05 122.1 min, 0.45 s/step
  epoch 1/2 step 16350/42360 loss 0.2113 ce 0.5146 reward 0.080 lr 2.29e-05 122.5 min, 0.45 s/step
  epoch 1/2 step 16400/42360 loss 0.6970 ce 0.4612 reward 0.171 lr 2.28e-05 122.8 min, 0.45 s/step
  epoch 1/2 step 16450/42360 loss 0.4678 ce 0.5092 reward 0.103 lr 2.28e-05 123.1 min, 0.45 s/step
  epoch 1/2 step 16500/42360 loss 0.4282 ce 0.8082 reward -0.373 lr 2.28e-05 123.5 min, 0.45 s/step
  epoch 1/2 step 16550/42360 loss 0.3334 ce 0.4491 reward 0.159 lr 2.28e-05 123.9 min, 0.45 s/step
  epoch 1/2 step 16600/42360 loss 0.3027 ce 0.8078 reward -0.374 lr 2.28e-05 124.3 min, 0.45 s/step
  epoch 1/2 step 16650/42360 loss -0.4475 ce 0.3918 reward 0.286 lr 2.28e-05 124.7 min, 0.45 s/step
  epoch 1/2 step 16700/42360 loss 0.3445 ce 0.3030 reward 0.395 lr 2.28e-05 125.0 min, 0.45 s/step
  epoch 1/2 step 16750/42360 loss 0.7262 ce 0.9801 reward -0.479 lr 2.28e-05 125.4 min, 0.45 s/step
  epoch 1/2 step 16800/42360 loss -0.2647 ce 0.6094 reward 0.049 lr 2.27e-05 125.8 min, 0.45 s/step
  epoch 1/2 step 16850/42360 loss 0.7952 ce 0.7463 reward -0.180 lr 2.27e-05 126.2 min, 0.45 s/step
  epoch 1/2 step 16900/42360 loss 0.0119 ce 0.6320 reward 0.029 lr 2.27e-05 126.5 min, 0.45 s/step
  epoch 1/2 step 16950/42360 loss 0.3146 ce 0.4996 reward 0.084 lr 2.27e-05 127.0 min, 0.45 s/step
  epoch 1/2 step 17000/42360 loss 0.0334 ce 0.4387 reward 0.186 lr 2.27e-05 127.4 min, 0.45 s/step
  epoch 1/2 step 17050/42360 loss 0.6423 ce 0.6317 reward -0.025 lr 2.27e-05 127.8 min, 0.45 s/step
  epoch 1/2 step 17100/42360 loss 0.5078 ce 0.5437 reward 0.011 lr 2.27e-05 128.3 min, 0.45 s/step
  epoch 1/2 step 17150/42360 loss -0.1108 ce 0.5197 reward 0.056 lr 2.27e-05 128.7 min, 0.45 s/step
  epoch 1/2 step 17200/42360 loss 0.5097 ce 0.6823 reward -0.149 lr 2.26e-05 129.1 min, 0.45 s/step
  epoch 1/2 step 17250/42360 loss 0.2287 ce 0.5927 reward -0.075 lr 2.26e-05 129.3 min, 0.45 s/step
  epoch 1/2 step 17300/42360 loss 0.3498 ce 0.5718 reward 0.003 lr 2.26e-05 129.7 min, 0.45 s/step
  epoch 1/2 step 17350/42360 loss 0.4795 ce 0.7836 reward -0.186 lr 2.26e-05 130.1 min, 0.45 s/step
  epoch 1/2 step 17400/42360 loss -0.8578 ce 0.5583 reward 0.111 lr 2.26e-05 130.6 min, 0.45 s/step
  epoch 1/2 step 17450/42360 loss -0.2000 ce 0.4483 reward 0.150 lr 2.26e-05 131.0 min, 0.45 s/step
  epoch 1/2 step 17500/42360 loss 0.3198 ce 0.6807 reward -0.015 lr 2.26e-05 131.4 min, 0.45 s/step
  epoch 1/2 step 17550/42360 loss 1.2735 ce 0.8117 reward -0.316 lr 2.25e-05 131.8 min, 0.45 s/step
  epoch 1/2 step 17600/42360 loss -0.0551 ce 0.4857 reward 0.107 lr 2.25e-05 132.2 min, 0.45 s/step
  epoch 1/2 step 17650/42360 loss 0.2125 ce 0.3786 reward 0.244 lr 2.25e-05 132.5 min, 0.45 s/step
  epoch 1/2 step 17700/42360 loss -0.2442 ce 0.3340 reward 0.309 lr 2.25e-05 132.8 min, 0.45 s/step
  epoch 1/2 step 17750/42360 loss -0.0916 ce 0.6166 reward 0.049 lr 2.25e-05 133.2 min, 0.45 s/step
  epoch 1/2 step 17800/42360 loss -0.4957 ce 0.3629 reward 0.319 lr 2.25e-05 133.6 min, 0.45 s/step
  epoch 1/2 step 17850/42360 loss 0.6900 ce 0.4701 reward 0.137 lr 2.25e-05 134.0 min, 0.45 s/step
  epoch 1/2 step 17900/42360 loss -0.4702 ce 0.3963 reward 0.282 lr 2.25e-05 134.3 min, 0.45 s/step
  epoch 1/2 step 17950/42360 loss -0.0357 ce 0.2333 reward 0.456 lr 2.24e-05 134.6 min, 0.45 s/step
  epoch 1/2 step 18000/42360 loss 0.3635 ce 0.4073 reward 0.223 lr 2.24e-05 134.9 min, 0.45 s/step
  epoch 1/2 step 18050/42360 loss 0.2655 ce 0.4423 reward 0.163 lr 2.24e-05 135.2 min, 0.45 s/step
  epoch 1/2 step 18100/42360 loss 0.2770 ce 0.5595 reward 0.007 lr 2.24e-05 135.5 min, 0.45 s/step
  epoch 1/2 step 18150/42360 loss -0.0644 ce 0.3036 reward 0.356 lr 2.24e-05 135.9 min, 0.45 s/step
  epoch 1/2 step 18200/42360 loss 0.3846 ce 0.3249 reward 0.348 lr 2.24e-05 136.2 min, 0.45 s/step
  epoch 1/2 step 18250/42360 loss -0.1978 ce 0.4011 reward 0.280 lr 2.24e-05 136.6 min, 0.45 s/step
  epoch 1/2 step 18300/42360 loss 0.4417 ce 0.4375 reward 0.192 lr 2.23e-05 136.9 min, 0.45 s/step
  epoch 1/2 step 18350/42360 loss 1.2503 ce 1.2703 reward -0.870 lr 2.23e-05 137.2 min, 0.45 s/step
  epoch 1/2 step 18400/42360 loss -0.2745 ce 0.6244 reward -0.073 lr 2.23e-05 137.6 min, 0.45 s/step
  epoch 1/2 step 18450/42360 loss -1.0007 ce 0.6211 reward 0.042 lr 2.23e-05 137.9 min, 0.45 s/step
  epoch 1/2 step 18500/42360 loss 0.6236 ce 0.6063 reward -0.012 lr 2.23e-05 138.3 min, 0.45 s/step
  epoch 1/2 step 18550/42360 loss 0.8108 ce 0.6208 reward 0.045 lr 2.23e-05 138.6 min, 0.45 s/step
  epoch 1/2 step 18600/42360 loss -0.5511 ce 0.6215 reward 0.044 lr 2.23e-05 139.0 min, 0.45 s/step
  epoch 1/2 step 18650/42360 loss 0.5411 ce 0.4918 reward 0.140 lr 2.22e-05 139.3 min, 0.45 s/step
  epoch 1/2 step 18700/42360 loss -0.4892 ce 0.3961 reward 0.281 lr 2.22e-05 139.7 min, 0.45 s/step
  epoch 1/2 step 18750/42360 loss -0.8044 ce 0.6161 reward 0.051 lr 2.22e-05 140.1 min, 0.45 s/step
  epoch 1/2 step 18800/42360 loss 0.4460 ce 0.5468 reward 0.068 lr 2.22e-05 140.4 min, 0.45 s/step
  epoch 1/2 step 18850/42360 loss 0.4672 ce 0.6890 reward -0.187 lr 2.22e-05 140.8 min, 0.45 s/step
  epoch 1/2 step 18900/42360 loss 0.8906 ce 0.5604 reward 0.126 lr 2.22e-05 141.2 min, 0.45 s/step
  epoch 1/2 step 18950/42360 loss 0.7481 ce 0.7810 reward -0.221 lr 2.22e-05 141.6 min, 0.45 s/step
  epoch 1/2 step 19000/42360 loss 0.4432 ce 0.4514 reward 0.236 lr 2.21e-05 142.0 min, 0.45 s/step
  epoch 1/2 step 19050/42360 loss 0.3166 ce 0.5636 reward 0.016 lr 2.21e-05 142.4 min, 0.45 s/step
  epoch 1/2 step 19100/42360 loss 0.2206 ce 0.4076 reward 0.222 lr 2.21e-05 142.7 min, 0.45 s/step
  epoch 1/2 step 19150/42360 loss 0.0823 ce 0.4172 reward 0.202 lr 2.21e-05 143.1 min, 0.45 s/step
  epoch 1/2 step 19200/42360 loss -0.0974 ce 0.3888 reward 0.284 lr 2.21e-05 143.4 min, 0.45 s/step
  epoch 1/2 step 19250/42360 loss 0.2094 ce 0.4591 reward 0.142 lr 2.21e-05 143.8 min, 0.45 s/step
  epoch 1/2 step 19300/42360 loss -0.2902 ce 0.4410 reward 0.166 lr 2.21e-05 144.1 min, 0.45 s/step
  epoch 1/2 step 19350/42360 loss 0.9163 ce 0.7214 reward -0.171 lr 2.20e-05 144.5 min, 0.45 s/step
  epoch 1/2 step 19400/42360 loss 0.4784 ce 0.4791 reward 0.120 lr 2.20e-05 144.9 min, 0.45 s/step
  epoch 1/2 step 19450/42360 loss 1.0363 ce 0.7435 reward -0.158 lr 2.20e-05 145.2 min, 0.45 s/step
  epoch 1/2 step 19500/42360 loss 0.7191 ce 0.4926 reward 0.174 lr 2.20e-05 145.6 min, 0.45 s/step
  epoch 1/2 step 19550/42360 loss 0.4423 ce 0.5514 reward -0.033 lr 2.20e-05 145.9 min, 0.45 s/step
  epoch 1/2 step 19600/42360 loss 0.8776 ce 0.5611 reward 0.081 lr 2.20e-05 146.4 min, 0.45 s/step
  epoch 1/2 step 19650/42360 loss 0.1284 ce 0.5362 reward 0.038 lr 2.20e-05 146.7 min, 0.45 s/step
  epoch 1/2 step 19700/42360 loss 0.5999 ce 0.4170 reward 0.245 lr 2.19e-05 147.1 min, 0.45 s/step
  epoch 1/2 step 19750/42360 loss 0.4825 ce 0.5457 reward 0.017 lr 2.19e-05 147.5 min, 0.45 s/step
  epoch 1/2 step 19800/42360 loss 0.4885 ce 0.5640 reward 0.056 lr 2.19e-05 147.9 min, 0.45 s/step
  epoch 1/2 step 19850/42360 loss -0.4159 ce 0.3577 reward 0.275 lr 2.19e-05 148.4 min, 0.45 s/step
  epoch 1/2 step 19900/42360 loss 0.5110 ce 0.5778 reward 0.082 lr 2.19e-05 148.8 min, 0.45 s/step
  epoch 1/2 step 19950/42360 loss 0.7554 ce 0.6071 reward 0.050 lr 2.19e-05 149.2 min, 0.45 s/step
  epoch 1/2 step 20000/42360 loss 0.0591 ce 0.5390 reward 0.070 lr 2.18e-05 149.5 min, 0.45 s/step
  epoch 1/2 step 20050/42360 loss -0.1022 ce 0.2435 reward 0.451 lr 2.18e-05 149.8 min, 0.45 s/step
  epoch 1/2 step 20100/42360 loss 0.2848 ce 0.4509 reward 0.196 lr 2.18e-05 150.2 min, 0.45 s/step
  epoch 1/2 step 20150/42360 loss 0.1430 ce 0.3504 reward 0.301 lr 2.18e-05 150.5 min, 0.45 s/step
  epoch 1/2 step 20200/42360 loss 1.0756 ce 0.8018 reward -0.239 lr 2.18e-05 150.9 min, 0.45 s/step
  epoch 1/2 step 20250/42360 loss 0.2239 ce 0.4307 reward 0.242 lr 2.18e-05 151.2 min, 0.45 s/step
  epoch 1/2 step 20300/42360 loss 0.3437 ce 0.4717 reward 0.170 lr 2.18e-05 151.6 min, 0.45 s/step
  epoch 1/2 step 20350/42360 loss 0.3553 ce 0.6837 reward -0.194 lr 2.17e-05 151.9 min, 0.45 s/step
  epoch 1/2 step 20400/42360 loss 0.7564 ce 0.6661 reward -0.104 lr 2.17e-05 152.3 min, 0.45 s/step
  epoch 1/2 step 20450/42360 loss 0.1177 ce 0.3486 reward 0.302 lr 2.17e-05 152.7 min, 0.45 s/step
  epoch 1/2 step 20500/42360 loss 0.8973 ce 0.4878 reward 0.168 lr 2.17e-05 153.0 min, 0.45 s/step
  epoch 1/2 step 20550/42360 loss -0.0868 ce 0.5966 reward -0.012 lr 2.17e-05 153.4 min, 0.45 s/step
  epoch 1/2 step 20600/42360 loss 0.3530 ce 0.8234 reward -0.340 lr 2.17e-05 153.7 min, 0.45 s/step
  epoch 1/2 step 20650/42360 loss 0.1834 ce 0.4259 reward 0.199 lr 2.17e-05 154.1 min, 0.45 s/step
  epoch 1/2 step 20700/42360 loss 0.1318 ce 0.3923 reward 0.284 lr 2.16e-05 154.5 min, 0.45 s/step
  epoch 1/2 step 20750/42360 loss -0.3136 ce 0.3932 reward 0.290 lr 2.16e-05 154.9 min, 0.45 s/step
  epoch 1/2 step 20800/42360 loss -0.4879 ce 0.6154 reward 0.045 lr 2.16e-05 155.3 min, 0.45 s/step
  epoch 1/2 step 20850/42360 loss -0.2756 ce 0.6144 reward 0.054 lr 2.16e-05 155.7 min, 0.45 s/step
  epoch 1/2 step 20900/42360 loss 0.0897 ce 0.5190 reward 0.074 lr 2.16e-05 156.1 min, 0.45 s/step
  epoch 1/2 step 20950/42360 loss -1.4924 ce 0.6774 reward -0.014 lr 2.16e-05 156.5 min, 0.45 s/step
  epoch 1/2 step 21000/42360 loss 0.1113 ce 0.5876 reward 0.031 lr 2.15e-05 156.8 min, 0.45 s/step
  epoch 1/2 step 21050/42360 loss 0.2685 ce 0.6060 reward 0.056 lr 2.15e-05 157.2 min, 0.45 s/step
  epoch 1/2 step 21100/42360 loss 0.2498 ce 0.3685 reward 0.264 lr 2.15e-05 157.6 min, 0.45 s/step
  epoch 1/2 step 21150/42360 loss 0.5567 ce 0.4436 reward 0.197 lr 2.15e-05 157.9 min, 0.45 s/step
  epoch 1/2 step 21200/42360 loss -0.1700 ce 0.5242 reward 0.157 lr 2.15e-05 158.3 min, 0.45 s/step
  epoch 1/2 step 21250/42360 loss 0.3113 ce 0.6564 reward -0.144 lr 2.15e-05 158.7 min, 0.45 s/step
  epoch 1/2 step 21300/42360 loss 0.0447 ce 0.6085 reward -0.061 lr 2.14e-05 159.0 min, 0.45 s/step
  epoch 1/2 step 21350/42360 loss -0.1966 ce 0.1932 reward 0.496 lr 2.14e-05 159.4 min, 0.45 s/step
  epoch 1/2 step 21400/42360 loss -1.2216 ce 0.6135 reward 0.052 lr 2.14e-05 159.9 min, 0.45 s/step
  epoch 1/2 step 21450/42360 loss -0.2559 ce 0.5405 reward 0.134 lr 2.14e-05 160.3 min, 0.45 s/step
  epoch 1/2 step 21500/42360 loss -0.2065 ce 0.5374 reward 0.058 lr 2.14e-05 160.7 min, 0.45 s/step
  epoch 1/2 step 21550/42360 loss 0.1661 ce 0.6771 reward -0.015 lr 2.14e-05 161.0 min, 0.45 s/step
  epoch 1/2 step 21600/42360 loss -0.0996 ce 0.4150 reward 0.215 lr 2.14e-05 161.4 min, 0.45 s/step
  epoch 1/2 step 21650/42360 loss 0.6718 ce 0.7520 reward -0.228 lr 2.13e-05 161.9 min, 0.45 s/step
  epoch 1/2 step 21700/42360 loss 0.6394 ce 1.2187 reward -0.682 lr 2.13e-05 162.2 min, 0.45 s/step
  epoch 1/2 step 21750/42360 loss 0.2541 ce 0.4425 reward 0.160 lr 2.13e-05 162.6 min, 0.45 s/step
  epoch 1/2 step 21800/42360 loss 0.0842 ce 0.6739 reward -0.182 lr 2.13e-05 162.9 min, 0.45 s/step
  epoch 1/2 step 21850/42360 loss -1.0633 ce 0.5040 reward 0.119 lr 2.13e-05 163.3 min, 0.45 s/step
  epoch 1/2 step 21900/42360 loss -0.0264 ce 0.3507 reward 0.332 lr 2.13e-05 163.6 min, 0.45 s/step
  epoch 1/2 step 21950/42360 loss -0.6073 ce 0.6155 reward 0.048 lr 2.12e-05 164.0 min, 0.45 s/step
  epoch 1/2 step 22000/42360 loss -0.6114 ce 0.3924 reward 0.285 lr 2.12e-05 164.4 min, 0.45 s/step
  epoch 1/2 step 22050/42360 loss 0.8328 ce 0.7839 reward -0.223 lr 2.12e-05 164.7 min, 0.45 s/step
  epoch 1/2 step 22100/42360 loss 0.5954 ce 0.7211 reward -0.179 lr 2.12e-05 165.1 min, 0.45 s/step
  epoch 1/2 step 22150/42360 loss 0.2876 ce 0.3019 reward 0.375 lr 2.12e-05 165.4 min, 0.45 s/step
  epoch 1/2 step 22200/42360 loss -0.5822 ce 0.3908 reward 0.289 lr 2.12e-05 165.8 min, 0.45 s/step
  epoch 1/2 step 22250/42360 loss 0.1924 ce 0.4973 reward 0.093 lr 2.11e-05 166.1 min, 0.45 s/step
  epoch 1/2 step 22300/42360 loss -0.0182 ce 0.4591 reward 0.192 lr 2.11e-05 166.5 min, 0.45 s/step
  epoch 1/2 step 22350/42360 loss -0.2660 ce 0.6429 reward 0.019 lr 2.11e-05 166.9 min, 0.45 s/step
  epoch 1/2 step 22400/42360 loss -0.9970 ce 0.6688 reward -0.009 lr 2.11e-05 167.3 min, 0.45 s/step
  epoch 1/2 step 22450/42360 loss 0.0844 ce 0.3189 reward 0.354 lr 2.11e-05 167.7 min, 0.45 s/step
  epoch 1/2 step 22500/42360 loss 0.7278 ce 0.7146 reward -0.179 lr 2.11e-05 168.0 min, 0.45 s/step
  epoch 1/2 step 22550/42360 loss 0.5880 ce 0.6692 reward -0.150 lr 2.10e-05 168.4 min, 0.45 s/step
  epoch 1/2 step 22600/42360 loss 0.3824 ce 0.7779 reward -0.213 lr 2.10e-05 168.7 min, 0.45 s/step
  epoch 1/2 step 22650/42360 loss 0.1108 ce 0.7003 reward -0.225 lr 2.10e-05 169.1 min, 0.45 s/step
  epoch 1/2 step 22700/42360 loss 0.2314 ce 0.2587 reward 0.428 lr 2.10e-05 169.4 min, 0.45 s/step
  epoch 1/2 step 22750/42360 loss 1.0617 ce 0.5641 reward 0.106 lr 2.10e-05 169.8 min, 0.45 s/step
  epoch 1/2 step 22800/42360 loss -0.0744 ce 0.3643 reward 0.265 lr 2.10e-05 170.2 min, 0.45 s/step
  epoch 1/2 step 22850/42360 loss 0.7243 ce 0.7967 reward -0.226 lr 2.09e-05 170.5 min, 0.45 s/step
  epoch 1/2 step 22900/42360 loss -0.2280 ce 0.4517 reward 0.125 lr 2.09e-05 170.9 min, 0.45 s/step
  epoch 1/2 step 22950/42360 loss 0.2425 ce 0.4905 reward 0.096 lr 2.09e-05 171.2 min, 0.45 s/step
  epoch 1/2 step 23000/42360 loss 0.7106 ce 0.6375 reward -0.054 lr 2.09e-05 171.5 min, 0.45 s/step
  epoch 1/2 step 23050/42360 loss 0.5237 ce 0.4033 reward 0.236 lr 2.09e-05 171.9 min, 0.45 s/step
  epoch 1/2 step 23100/42360 loss 0.2271 ce 0.3927 reward 0.290 lr 2.09e-05 172.3 min, 0.45 s/step
  epoch 1/2 step 23150/42360 loss -0.3193 ce 0.3901 reward 0.288 lr 2.08e-05 172.8 min, 0.45 s/step
  epoch 1/2 step 23200/42360 loss -0.0613 ce 0.2552 reward 0.436 lr 2.08e-05 173.1 min, 0.45 s/step
  epoch 1/2 step 23250/42360 loss 0.2937 ce 0.6185 reward 0.045 lr 2.08e-05 173.4 min, 0.45 s/step
  epoch 1/2 step 23300/42360 loss 0.8198 ce 0.5729 reward 0.048 lr 2.08e-05 173.8 min, 0.45 s/step
  epoch 1/2 step 23350/42360 loss 0.3713 ce 0.5838 reward 0.052 lr 2.08e-05 174.2 min, 0.45 s/step
  epoch 1/2 step 23400/42360 loss 0.4860 ce 0.7902 reward -0.318 lr 2.08e-05 174.5 min, 0.45 s/step
  epoch 1/2 step 23450/42360 loss 0.9153 ce 0.8301 reward -0.246 lr 2.07e-05 174.8 min, 0.45 s/step
  epoch 1/2 step 23500/42360 loss -0.0166 ce 0.6045 reward -0.025 lr 2.07e-05 175.2 min, 0.45 s/step
  epoch 1/2 step 23550/42360 loss 0.4470 ce 0.4284 reward 0.215 lr 2.07e-05 175.6 min, 0.45 s/step
  epoch 1/2 step 23600/42360 loss 0.2685 ce 0.6774 reward -0.019 lr 2.07e-05 175.9 min, 0.45 s/step
  epoch 1/2 step 23650/42360 loss -0.2897 ce 0.4008 reward 0.278 lr 2.07e-05 176.2 min, 0.45 s/step
  epoch 1/2 step 23700/42360 loss 0.1065 ce 0.4589 reward 0.157 lr 2.07e-05 176.5 min, 0.45 s/step
  epoch 1/2 step 23750/42360 loss 0.3580 ce 0.4840 reward 0.140 lr 2.06e-05 176.9 min, 0.45 s/step
  epoch 1/2 step 23800/42360 loss 0.1557 ce 0.5369 reward 0.007 lr 2.06e-05 177.3 min, 0.45 s/step
  epoch 1/2 step 23850/42360 loss 0.5105 ce 0.5339 reward 0.100 lr 2.06e-05 177.7 min, 0.45 s/step
  epoch 1/2 step 23900/42360 loss -0.1656 ce 0.4405 reward 0.169 lr 2.06e-05 178.1 min, 0.45 s/step
  epoch 1/2 step 23950/42360 loss -0.0205 ce 0.3629 reward 0.268 lr 2.06e-05 178.4 min, 0.45 s/step
  epoch 1/2 step 24000/42360 loss 0.4858 ce 0.8267 reward -0.358 lr 2.06e-05 178.8 min, 0.45 s/step
  epoch 1/2 step 24050/42360 loss 0.5220 ce 0.6455 reward -0.066 lr 2.05e-05 179.2 min, 0.45 s/step
  epoch 1/2 step 24100/42360 loss -0.5706 ce 0.6161 reward 0.047 lr 2.05e-05 179.5 min, 0.45 s/step
  epoch 1/2 step 24150/42360 loss 0.6347 ce 0.4580 reward 0.137 lr 2.05e-05 179.9 min, 0.45 s/step
  epoch 1/2 step 24200/42360 loss 0.7749 ce 0.4060 reward 0.268 lr 2.05e-05 180.2 min, 0.45 s/step
  epoch 1/2 step 24250/42360 loss -0.6784 ce 0.4342 reward 0.259 lr 2.05e-05 180.6 min, 0.45 s/step
  epoch 1/2 step 24300/42360 loss 0.3905 ce 0.4930 reward 0.135 lr 2.04e-05 180.9 min, 0.45 s/step
  epoch 1/2 step 24350/42360 loss 0.4581 ce 0.6064 reward -0.051 lr 2.04e-05 181.2 min, 0.45 s/step
  epoch 1/2 step 24400/42360 loss -0.5534 ce 0.2446 reward 0.431 lr 2.04e-05 181.6 min, 0.45 s/step
  epoch 1/2 step 24450/42360 loss 0.0800 ce 0.4281 reward 0.157 lr 2.04e-05 182.0 min, 0.45 s/step
  epoch 1/2 step 24500/42360 loss -0.0890 ce 0.2362 reward 0.451 lr 2.04e-05 182.4 min, 0.45 s/step
  epoch 1/2 step 24550/42360 loss 0.7665 ce 0.5607 reward 0.042 lr 2.04e-05 182.7 min, 0.45 s/step
  epoch 1/2 step 24600/42360 loss 0.3221 ce 0.6300 reward -0.077 lr 2.03e-05 183.1 min, 0.45 s/step
  epoch 1/2 step 24650/42360 loss 0.1763 ce 0.3372 reward 0.297 lr 2.03e-05 183.5 min, 0.45 s/step
  epoch 1/2 step 24700/42360 loss 0.2690 ce 0.5081 reward 0.086 lr 2.03e-05 183.9 min, 0.45 s/step
  epoch 1/2 step 24750/42360 loss -0.0817 ce 0.2282 reward 0.460 lr 2.03e-05 184.2 min, 0.45 s/step
  epoch 1/2 step 24800/42360 loss 0.1063 ce 0.5412 reward 0.016 lr 2.03e-05 184.6 min, 0.45 s/step
  epoch 1/2 step 24850/42360 loss 0.1821 ce 0.3948 reward 0.216 lr 2.03e-05 185.0 min, 0.45 s/step
  epoch 1/2 step 24900/42360 loss 0.2853 ce 0.4346 reward 0.198 lr 2.02e-05 185.4 min, 0.45 s/step
  epoch 1/2 step 24950/42360 loss 0.7501 ce 0.6127 reward 0.002 lr 2.02e-05 185.8 min, 0.45 s/step
  epoch 1/2 step 25000/42360 loss 0.0785 ce 0.3484 reward 0.343 lr 2.02e-05 186.2 min, 0.45 s/step
  epoch 1/2 step 25050/42360 loss 0.3306 ce 0.6275 reward -0.013 lr 2.02e-05 186.5 min, 0.45 s/step
  epoch 1/2 step 25100/42360 loss 0.3708 ce 0.4208 reward 0.224 lr 2.02e-05 186.8 min, 0.45 s/step
  epoch 1/2 step 25150/42360 loss -0.7015 ce 0.3587 reward 0.325 lr 2.01e-05 187.2 min, 0.45 s/step
  epoch 1/2 step 25200/42360 loss 0.5919 ce 0.6736 reward -0.097 lr 2.01e-05 187.6 min, 0.45 s/step
  epoch 1/2 step 25250/42360 loss -0.7575 ce 0.3345 reward 0.339 lr 2.01e-05 188.0 min, 0.45 s/step
  epoch 1/2 step 25300/42360 loss 0.7807 ce 0.5334 reward 0.065 lr 2.01e-05 188.3 min, 0.45 s/step
  epoch 1/2 step 25350/42360 loss -0.6158 ce 0.3900 reward 0.287 lr 2.01e-05 188.7 min, 0.45 s/step
  epoch 1/2 step 25400/42360 loss 0.5555 ce 0.4139 reward 0.239 lr 2.01e-05 189.0 min, 0.45 s/step
  epoch 1/2 step 25450/42360 loss -0.1007 ce 0.6062 reward 0.058 lr 2.00e-05 189.4 min, 0.45 s/step
  epoch 1/2 step 25500/42360 loss 0.4332 ce 0.5805 reward 0.008 lr 2.00e-05 189.8 min, 0.45 s/step
  epoch 1/2 step 25550/42360 loss 0.2605 ce 0.5432 reward 0.048 lr 2.00e-05 190.2 min, 0.45 s/step
  epoch 1/2 step 25600/42360 loss 0.3358 ce 0.4181 reward 0.238 lr 2.00e-05 190.6 min, 0.45 s/step
  epoch 1/2 step 25650/42360 loss -0.3870 ce 0.6159 reward 0.050 lr 2.00e-05 190.9 min, 0.45 s/step
  epoch 1/2 step 25700/42360 loss 0.5764 ce 0.4723 reward 0.156 lr 1.99e-05 191.3 min, 0.45 s/step
  epoch 1/2 step 25750/42360 loss -0.2165 ce 0.4042 reward 0.280 lr 1.99e-05 191.8 min, 0.45 s/step
  epoch 1/2 step 25800/42360 loss 0.1523 ce 0.6431 reward -0.097 lr 1.99e-05 192.1 min, 0.45 s/step
  epoch 1/2 step 25850/42360 loss 0.1196 ce 0.4221 reward 0.190 lr 1.99e-05 192.5 min, 0.45 s/step
  epoch 1/2 step 25900/42360 loss -1.1953 ce 0.6107 reward 0.055 lr 1.99e-05 192.9 min, 0.45 s/step
  epoch 1/2 step 25950/42360 loss 0.8298 ce 0.9947 reward -0.531 lr 1.99e-05 193.3 min, 0.45 s/step
  epoch 1/2 step 26000/42360 loss 0.1766 ce 0.3679 reward 0.295 lr 1.98e-05 193.6 min, 0.45 s/step
  epoch 1/2 step 26050/42360 loss 0.9025 ce 0.9702 reward -0.478 lr 1.98e-05 194.1 min, 0.45 s/step
  epoch 1/2 step 26100/42360 loss 0.7623 ce 0.6218 reward -0.043 lr 1.98e-05 194.4 min, 0.45 s/step
  epoch 1/2 step 26150/42360 loss 0.7531 ce 0.7487 reward -0.178 lr 1.98e-05 194.8 min, 0.45 s/step
  epoch 1/2 step 26200/42360 loss 0.6736 ce 0.5243 reward 0.167 lr 1.98e-05 195.2 min, 0.45 s/step
  epoch 1/2 step 26250/42360 loss 0.4474 ce 0.6332 reward -0.043 lr 1.97e-05 195.5 min, 0.45 s/step
  epoch 1/2 step 26300/42360 loss 0.6646 ce 0.7734 reward -0.136 lr 1.97e-05 195.8 min, 0.45 s/step
  epoch 1/2 step 26350/42360 loss 0.4325 ce 0.5313 reward 0.061 lr 1.97e-05 196.3 min, 0.45 s/step
  epoch 1/2 step 26400/42360 loss -0.5440 ce 0.4976 reward 0.155 lr 1.97e-05 196.7 min, 0.45 s/step
  epoch 1/2 step 26450/42360 loss 0.1064 ce 0.4328 reward 0.230 lr 1.97e-05 197.2 min, 0.45 s/step
  epoch 1/2 step 26500/42360 loss 0.5023 ce 0.5564 reward 0.038 lr 1.97e-05 197.6 min, 0.45 s/step
  epoch 1/2 step 26550/42360 loss 0.4361 ce 0.5290 reward 0.034 lr 1.96e-05 198.0 min, 0.45 s/step
  epoch 1/2 step 26600/42360 loss 0.3377 ce 0.8014 reward -0.337 lr 1.96e-05 198.3 min, 0.45 s/step
  epoch 1/2 step 26650/42360 loss 0.2165 ce 0.3949 reward 0.245 lr 1.96e-05 198.7 min, 0.45 s/step
  epoch 1/2 step 26700/42360 loss 0.5073 ce 0.4862 reward 0.175 lr 1.96e-05 199.1 min, 0.45 s/step
  epoch 1/2 step 26750/42360 loss 0.1270 ce 0.2423 reward 0.439 lr 1.96e-05 199.5 min, 0.45 s/step
  epoch 1/2 step 26800/42360 loss 0.6792 ce 0.8733 reward -0.321 lr 1.95e-05 199.9 min, 0.45 s/step
  epoch 1/2 step 26850/42360 loss 0.0826 ce 0.2993 reward 0.380 lr 1.95e-05 200.3 min, 0.45 s/step
  epoch 1/2 step 26900/42360 loss 0.6868 ce 0.6477 reward -0.019 lr 1.95e-05 200.7 min, 0.45 s/step
  epoch 1/2 step 26950/42360 loss -0.7321 ce 0.6064 reward 0.057 lr 1.95e-05 201.1 min, 0.45 s/step
  epoch 1/2 step 27000/42360 loss 0.5676 ce 0.6629 reward 0.001 lr 1.95e-05 201.5 min, 0.45 s/step
  epoch 1/2 step 27050/42360 loss 0.2059 ce 0.6155 reward 0.048 lr 1.95e-05 201.9 min, 0.45 s/step
  epoch 1/2 step 27100/42360 loss -0.1198 ce 0.2876 reward 0.388 lr 1.94e-05 202.2 min, 0.45 s/step
  epoch 1/2 step 27150/42360 loss -0.0886 ce 0.6067 reward 0.006 lr 1.94e-05 202.5 min, 0.45 s/step
  epoch 1/2 step 27200/42360 loss -0.2961 ce 0.6127 reward -0.066 lr 1.94e-05 202.8 min, 0.45 s/step
  epoch 1/2 step 27250/42360 loss -0.5664 ce 0.3915 reward 0.283 lr 1.94e-05 203.2 min, 0.45 s/step
  epoch 1/2 step 27300/42360 loss 0.1307 ce 0.6598 reward -0.099 lr 1.94e-05 203.6 min, 0.45 s/step
  epoch 1/2 step 27350/42360 loss 0.8447 ce 0.7825 reward -0.233 lr 1.93e-05 204.1 min, 0.45 s/step
  epoch 1/2 step 27400/42360 loss -0.0526 ce 0.3918 reward 0.283 lr 1.93e-05 204.5 min, 0.45 s/step
  epoch 1/2 step 27450/42360 loss -0.4665 ce 0.5589 reward 0.114 lr 1.93e-05 205.0 min, 0.45 s/step
  epoch 1/2 step 27500/42360 loss -0.8022 ce 0.6075 reward 0.057 lr 1.93e-05 205.4 min, 0.45 s/step
  epoch 1/2 step 27550/42360 loss -0.0224 ce 0.5899 reward 0.027 lr 1.93e-05 205.8 min, 0.45 s/step
  epoch 1/2 step 27600/42360 loss 0.3539 ce 0.6170 reward -0.048 lr 1.92e-05 206.2 min, 0.45 s/step
  epoch 1/2 step 27650/42360 loss -0.5701 ce 0.3727 reward 0.302 lr 1.92e-05 206.7 min, 0.45 s/step
  epoch 1/2 step 27700/42360 loss 0.2492 ce 0.4935 reward 0.092 lr 1.92e-05 207.1 min, 0.45 s/step
  epoch 1/2 step 27750/42360 loss -0.6184 ce 0.6158 reward 0.046 lr 1.92e-05 207.5 min, 0.45 s/step
  epoch 1/2 step 27800/42360 loss 0.4574 ce 0.4230 reward 0.206 lr 1.92e-05 207.9 min, 0.45 s/step
  epoch 1/2 step 27850/42360 loss -0.9125 ce 0.6099 reward 0.057 lr 1.91e-05 208.2 min, 0.45 s/step
  epoch 1/2 step 27900/42360 loss -0.0788 ce 0.4437 reward 0.182 lr 1.91e-05 208.5 min, 0.45 s/step
  epoch 1/2 step 27950/42360 loss 0.4600 ce 0.4391 reward 0.207 lr 1.91e-05 208.9 min, 0.45 s/step
  epoch 1/2 step 28000/42360 loss 0.4545 ce 0.6541 reward -0.134 lr 1.91e-05 209.3 min, 0.45 s/step
  epoch 1/2 step 28050/42360 loss 0.5354 ce 0.8468 reward -0.349 lr 1.91e-05 209.7 min, 0.45 s/step
  epoch 1/2 step 28100/42360 loss 0.3182 ce 0.4371 reward 0.151 lr 1.91e-05 210.1 min, 0.45 s/step
  epoch 1/2 step 28150/42360 loss -0.0793 ce 0.3869 reward 0.289 lr 1.90e-05 210.5 min, 0.45 s/step
  epoch 1/2 step 28200/42360 loss -0.8931 ce 0.6137 reward 0.051 lr 1.90e-05 211.0 min, 0.45 s/step
  epoch 1/2 step 28250/42360 loss 0.2874 ce 0.4561 reward 0.178 lr 1.90e-05 211.4 min, 0.45 s/step
  epoch 1/2 step 28300/42360 loss -0.1750 ce 0.5083 reward 0.127 lr 1.90e-05 211.8 min, 0.45 s/step
  epoch 1/2 step 28350/42360 loss 0.5558 ce 0.3616 reward 0.284 lr 1.90e-05 212.2 min, 0.45 s/step
  epoch 1/2 step 28400/42360 loss 0.4170 ce 0.4316 reward 0.234 lr 1.89e-05 212.5 min, 0.45 s/step
  epoch 1/2 step 28450/42360 loss 0.7337 ce 0.6412 reward 0.004 lr 1.89e-05 212.9 min, 0.45 s/step
  epoch 1/2 step 28500/42360 loss -0.6779 ce 0.6315 reward 0.034 lr 1.89e-05 213.3 min, 0.45 s/step
  epoch 1/2 step 28550/42360 loss -0.1164 ce 0.4118 reward 0.203 lr 1.89e-05 213.7 min, 0.45 s/step
  epoch 1/2 step 28600/42360 loss 0.4664 ce 0.4932 reward 0.148 lr 1.89e-05 214.2 min, 0.45 s/step
  epoch 1/2 step 28650/42360 loss 0.2911 ce 0.3624 reward 0.281 lr 1.88e-05 214.6 min, 0.45 s/step
  epoch 1/2 step 28700/42360 loss -0.2087 ce 0.6100 reward 0.055 lr 1.88e-05 215.1 min, 0.45 s/step
  epoch 1/2 step 28750/42360 loss 0.0771 ce 0.5373 reward 0.078 lr 1.88e-05 215.4 min, 0.45 s/step
  epoch 1/2 step 28800/42360 loss -0.0398 ce 0.6131 reward 0.054 lr 1.88e-05 215.7 min, 0.45 s/step
  epoch 1/2 step 28850/42360 loss 0.4154 ce 0.5577 reward 0.017 lr 1.88e-05 216.1 min, 0.45 s/step
  epoch 1/2 step 28900/42360 loss 0.6696 ce 0.9178 reward -0.390 lr 1.87e-05 216.4 min, 0.45 s/step
  epoch 1/2 step 28950/42360 loss 0.4603 ce 0.6364 reward -0.078 lr 1.87e-05 216.8 min, 0.45 s/step
  epoch 1/2 step 29000/42360 loss 0.2224 ce 0.4897 reward 0.097 lr 1.87e-05 217.1 min, 0.45 s/step
  epoch 1/2 step 29050/42360 loss -0.0024 ce 0.5376 reward 0.016 lr 1.87e-05 217.5 min, 0.45 s/step
  epoch 1/2 step 29100/42360 loss -1.3985 ce 0.6704 reward -0.008 lr 1.87e-05 217.8 min, 0.45 s/step
  epoch 1/2 step 29150/42360 loss 0.3598 ce 0.7331 reward -0.243 lr 1.86e-05 218.2 min, 0.45 s/step
  epoch 1/2 step 29200/42360 loss 0.2511 ce 0.6336 reward -0.104 lr 1.86e-05 218.6 min, 0.45 s/step
  epoch 1/2 step 29250/42360 loss 0.2960 ce 0.3630 reward 0.284 lr 1.86e-05 218.8 min, 0.45 s/step
  epoch 1/2 step 29300/42360 loss 0.2206 ce 0.3848 reward 0.246 lr 1.86e-05 219.3 min, 0.45 s/step
  epoch 1/2 step 29350/42360 loss 0.9375 ce 0.9198 reward -0.343 lr 1.86e-05 219.6 min, 0.45 s/step
  epoch 1/2 step 29400/42360 loss 0.5930 ce 0.8353 reward -0.330 lr 1.85e-05 220.0 min, 0.45 s/step
  epoch 1/2 step 29450/42360 loss 0.0777 ce 0.3448 reward 0.283 lr 1.85e-05 220.3 min, 0.45 s/step
  epoch 1/2 step 29500/42360 loss 0.5270 ce 0.5722 reward 0.079 lr 1.85e-05 220.8 min, 0.45 s/step
  epoch 1/2 step 29550/42360 loss 0.5030 ce 0.4653 reward 0.181 lr 1.85e-05 221.1 min, 0.45 s/step
  epoch 1/2 step 29600/42360 loss 0.5579 ce 0.5560 reward 0.057 lr 1.85e-05 221.5 min, 0.45 s/step
  epoch 1/2 step 29650/42360 loss 0.4736 ce 0.4159 reward 0.211 lr 1.84e-05 221.8 min, 0.45 s/step
  epoch 1/2 step 29700/42360 loss 0.1415 ce 0.4507 reward 0.150 lr 1.84e-05 222.3 min, 0.45 s/step
  epoch 1/2 step 29750/42360 loss 0.9885 ce 0.7207 reward -0.052 lr 1.84e-05 222.7 min, 0.45 s/step
  epoch 1/2 step 29800/42360 loss 0.0918 ce 0.4190 reward 0.235 lr 1.84e-05 223.1 min, 0.45 s/step
  epoch 1/2 step 29850/42360 loss 0.2201 ce 0.7198 reward -0.204 lr 1.84e-05 223.5 min, 0.45 s/step
  epoch 1/2 step 29900/42360 loss -0.1587 ce 0.3152 reward 0.347 lr 1.83e-05 223.8 min, 0.45 s/step
  epoch 1/2 step 29950/42360 loss -1.0702 ce 0.6312 reward 0.033 lr 1.83e-05 224.2 min, 0.45 s/step
  epoch 1/2 step 30000/42360 loss -0.1832 ce 0.5129 reward 0.106 lr 1.83e-05 224.5 min, 0.45 s/step
  epoch 1/2 step 30050/42360 loss -0.0074 ce 0.2841 reward 0.370 lr 1.83e-05 225.0 min, 0.45 s/step
  epoch 1/2 step 30100/42360 loss 0.1027 ce 0.9125 reward -0.370 lr 1.83e-05 225.4 min, 0.45 s/step
  epoch 1/2 step 30150/42360 loss 0.6462 ce 0.7054 reward -0.153 lr 1.82e-05 225.7 min, 0.45 s/step
  epoch 1/2 step 30200/42360 loss 0.1015 ce 0.3160 reward 0.335 lr 1.82e-05 226.1 min, 0.45 s/step
  epoch 1/2 step 30250/42360 loss 0.6231 ce 0.6484 reward -0.072 lr 1.82e-05 226.4 min, 0.45 s/step
  epoch 1/2 step 30300/42360 loss 0.3315 ce 0.5031 reward 0.090 lr 1.82e-05 226.7 min, 0.45 s/step
  epoch 1/2 step 30350/42360 loss 0.0040 ce 0.6127 reward 0.049 lr 1.82e-05 227.1 min, 0.45 s/step
  epoch 1/2 step 30400/42360 loss 0.3407 ce 0.4895 reward 0.105 lr 1.81e-05 227.4 min, 0.45 s/step
  epoch 1/2 step 30450/42360 loss 0.4451 ce 0.5516 reward 0.020 lr 1.81e-05 227.8 min, 0.45 s/step
  epoch 1/2 step 30500/42360 loss 0.1947 ce 0.7276 reward -0.249 lr 1.81e-05 228.2 min, 0.45 s/step
  epoch 1/2 step 30550/42360 loss 0.1898 ce 0.4559 reward 0.202 lr 1.81e-05 228.6 min, 0.45 s/step
  epoch 1/2 step 30600/42360 loss 1.2845 ce 1.3591 reward -0.892 lr 1.81e-05 229.0 min, 0.45 s/step
  epoch 1/2 step 30650/42360 loss 1.3236 ce 1.2084 reward -0.631 lr 1.80e-05 229.4 min, 0.45 s/step
  epoch 1/2 step 30700/42360 loss -0.1705 ce 0.2844 reward 0.375 lr 1.80e-05 229.9 min, 0.45 s/step
  epoch 1/2 step 30750/42360 loss -0.9341 ce 0.5928 reward 0.081 lr 1.80e-05 230.3 min, 0.45 s/step
  epoch 1/2 step 30800/42360 loss -0.3394 ce 0.6175 reward 0.051 lr 1.80e-05 230.7 min, 0.45 s/step
  epoch 1/2 step 30850/42360 loss -0.5853 ce 0.3918 reward 0.286 lr 1.80e-05 231.1 min, 0.45 s/step
  epoch 1/2 step 30900/42360 loss 1.0273 ce 0.4347 reward 0.241 lr 1.79e-05 231.6 min, 0.45 s/step
  epoch 1/2 step 30950/42360 loss 0.0119 ce 0.5290 reward 0.064 lr 1.79e-05 231.9 min, 0.45 s/step
  epoch 1/2 step 31000/42360 loss 0.2066 ce 0.5320 reward 0.064 lr 1.79e-05 232.2 min, 0.45 s/step
  epoch 1/2 step 31050/42360 loss -0.5194 ce 0.6156 reward 0.051 lr 1.79e-05 232.5 min, 0.45 s/step
  epoch 1/2 step 31100/42360 loss 0.6257 ce 0.6573 reward -0.095 lr 1.79e-05 232.9 min, 0.45 s/step
  epoch 1/2 step 31150/42360 loss 0.4140 ce 0.6174 reward -0.093 lr 1.78e-05 233.2 min, 0.45 s/step
  epoch 1/2 step 31200/42360 loss -0.6050 ce 0.6164 reward 0.045 lr 1.78e-05 233.6 min, 0.45 s/step
  epoch 1/2 step 31250/42360 loss 0.2072 ce 0.3965 reward 0.255 lr 1.78e-05 234.1 min, 0.45 s/step
  epoch 1/2 step 31300/42360 loss -0.2018 ce 0.6178 reward 0.049 lr 1.78e-05 234.5 min, 0.45 s/step
  epoch 1/2 step 31350/42360 loss 0.1929 ce 0.3270 reward 0.340 lr 1.78e-05 234.9 min, 0.45 s/step
  epoch 1/2 step 31400/42360 loss 0.1423 ce 0.4274 reward 0.203 lr 1.77e-05 235.4 min, 0.45 s/step
  epoch 1/2 step 31450/42360 loss 0.5952 ce 0.6558 reward -0.097 lr 1.77e-05 235.8 min, 0.45 s/step
  epoch 1/2 step 31500/42360 loss 0.1712 ce 0.6287 reward -0.129 lr 1.77e-05 236.2 min, 0.45 s/step
  epoch 1/2 step 31550/42360 loss 0.4352 ce 0.5939 reward -0.036 lr 1.77e-05 236.6 min, 0.45 s/step
  epoch 1/2 step 31600/42360 loss -0.3066 ce 0.6127 reward 0.050 lr 1.77e-05 237.0 min, 0.45 s/step
  epoch 1/2 step 31650/42360 loss 0.4915 ce 0.3667 reward 0.300 lr 1.76e-05 237.4 min, 0.45 s/step
  epoch 1/2 step 31700/42360 loss 0.7622 ce 0.8719 reward -0.296 lr 1.76e-05 237.8 min, 0.45 s/step
  epoch 1/2 step 31750/42360 loss 0.5525 ce 0.5307 reward 0.136 lr 1.76e-05 238.1 min, 0.45 s/step
  epoch 1/2 step 31800/42360 loss 0.5428 ce 0.6098 reward 0.055 lr 1.76e-05 238.6 min, 0.45 s/step
  epoch 1/2 step 31850/42360 loss 0.8153 ce 0.8064 reward -0.311 lr 1.76e-05 239.0 min, 0.45 s/step
  epoch 1/2 step 31900/42360 loss -0.1027 ce 0.5016 reward 0.109 lr 1.75e-05 239.4 min, 0.45 s/step
  epoch 1/2 step 31950/42360 loss 0.0575 ce 0.4909 reward 0.144 lr 1.75e-05 239.7 min, 0.45 s/step
  epoch 1/2 step 32000/42360 loss -0.4027 ce 0.3922 reward 0.290 lr 1.75e-05 240.1 min, 0.45 s/step
  epoch 1/2 step 32050/42360 loss 0.2830 ce 0.4836 reward 0.126 lr 1.75e-05 240.4 min, 0.45 s/step
  epoch 1/2 step 32100/42360 loss 1.0016 ce 1.1598 reward -0.699 lr 1.75e-05 240.8 min, 0.45 s/step
  epoch 1/2 step 32150/42360 loss 0.4095 ce 0.5724 reward -0.007 lr 1.74e-05 241.2 min, 0.45 s/step
  epoch 1/2 step 32200/42360 loss 0.7565 ce 0.6568 reward -0.082 lr 1.74e-05 241.6 min, 0.45 s/step
  epoch 1/2 step 32250/42360 loss -0.4158 ce 0.3987 reward 0.285 lr 1.74e-05 241.9 min, 0.45 s/step
  epoch 1/2 step 32300/42360 loss -1.7809 ce 0.6112 reward 0.056 lr 1.74e-05 242.2 min, 0.45 s/step
  epoch 1/2 step 32350/42360 loss 0.8828 ce 0.6048 reward 0.020 lr 1.74e-05 242.5 min, 0.45 s/step
  epoch 1/2 step 32400/42360 loss 0.5611 ce 0.4562 reward 0.165 lr 1.73e-05 242.9 min, 0.45 s/step
  epoch 1/2 step 32450/42360 loss 0.0115 ce 0.3104 reward 0.369 lr 1.73e-05 243.3 min, 0.45 s/step
  epoch 1/2 step 32500/42360 loss 0.3786 ce 0.5171 reward 0.124 lr 1.73e-05 243.7 min, 0.45 s/step
  epoch 1/2 step 32550/42360 loss 0.1473 ce 0.2028 reward 0.497 lr 1.73e-05 244.0 min, 0.45 s/step
  epoch 1/2 step 32600/42360 loss -0.7002 ce 0.6193 reward 0.049 lr 1.72e-05 244.4 min, 0.45 s/step
  epoch 1/2 step 32650/42360 loss 0.6475 ce 0.5994 reward -0.013 lr 1.72e-05 244.9 min, 0.45 s/step
  epoch 1/2 step 32700/42360 loss 0.2994 ce 0.6043 reward -0.046 lr 1.72e-05 245.3 min, 0.45 s/step
  epoch 1/2 step 32750/42360 loss 0.0090 ce 0.4317 reward 0.190 lr 1.72e-05 245.6 min, 0.45 s/step
  epoch 1/2 step 32800/42360 loss -0.9231 ce 0.6096 reward 0.055 lr 1.72e-05 246.0 min, 0.45 s/step
  epoch 1/2 step 32850/42360 loss -0.1993 ce 0.6092 reward 0.058 lr 1.71e-05 246.3 min, 0.45 s/step
  epoch 1/2 step 32900/42360 loss 0.8210 ce 0.6232 reward -0.024 lr 1.71e-05 246.8 min, 0.45 s/step
  epoch 1/2 step 32950/42360 loss 0.4300 ce 0.3786 reward 0.293 lr 1.71e-05 247.2 min, 0.45 s/step
  epoch 1/2 step 33000/42360 loss -0.3077 ce 0.3439 reward 0.344 lr 1.71e-05 247.5 min, 0.45 s/step
  epoch 1/2 step 33050/42360 loss 2.3686 ce 1.9880 reward -1.497 lr 1.71e-05 247.9 min, 0.45 s/step
  epoch 1/2 step 33100/42360 loss 0.5038 ce 0.6542 reward -0.103 lr 1.70e-05 248.3 min, 0.45 s/step
  epoch 1/2 step 33150/42360 loss 0.4903 ce 0.5093 reward 0.119 lr 1.70e-05 248.6 min, 0.45 s/step
  epoch 1/2 step 33200/42360 loss -0.3964 ce 0.3151 reward 0.353 lr 1.70e-05 249.0 min, 0.45 s/step
  epoch 1/2 step 33250/42360 loss 0.8224 ce 0.7325 reward -0.169 lr 1.70e-05 249.4 min, 0.45 s/step
  epoch 1/2 step 33300/42360 loss 0.1836 ce 0.4425 reward 0.218 lr 1.70e-05 249.7 min, 0.45 s/step
  epoch 1/2 step 33350/42360 loss -0.1299 ce 0.8540 reward -0.266 lr 1.69e-05 250.2 min, 0.45 s/step
  epoch 1/2 step 33400/42360 loss 0.3774 ce 0.4906 reward 0.097 lr 1.69e-05 250.5 min, 0.45 s/step
  epoch 1/2 step 33450/42360 loss 0.4274 ce 0.5660 reward 0.065 lr 1.69e-05 250.9 min, 0.45 s/step
  epoch 1/2 step 33500/42360 loss -0.3457 ce 0.3552 reward 0.331 lr 1.69e-05 251.3 min, 0.45 s/step
  epoch 1/2 step 33550/42360 loss -0.0107 ce 0.5503 reward 0.005 lr 1.69e-05 251.6 min, 0.45 s/step
  epoch 1/2 step 33600/42360 loss 0.7710 ce 0.5030 reward 0.080 lr 1.68e-05 252.0 min, 0.45 s/step
  epoch 1/2 step 33650/42360 loss 0.1691 ce 0.5152 reward 0.039 lr 1.68e-05 252.4 min, 0.45 s/step
  epoch 1/2 step 33700/42360 loss 0.0236 ce 0.4932 reward 0.060 lr 1.68e-05 252.8 min, 0.45 s/step
  epoch 1/2 step 33750/42360 loss 0.3911 ce 0.6261 reward -0.097 lr 1.68e-05 253.1 min, 0.45 s/step
  epoch 1/2 step 33800/42360 loss 0.1615 ce 0.3634 reward 0.271 lr 1.67e-05 253.5 min, 0.45 s/step
  epoch 1/2 step 33850/42360 loss 0.2745 ce 0.3769 reward 0.275 lr 1.67e-05 253.8 min, 0.45 s/step
  epoch 1/2 step 33900/42360 loss 0.0797 ce 0.4242 reward 0.247 lr 1.67e-05 254.2 min, 0.45 s/step
  epoch 1/2 step 33950/42360 loss 0.0247 ce 0.4022 reward 0.236 lr 1.67e-05 254.7 min, 0.45 s/step
  epoch 1/2 step 34000/42360 loss -0.1174 ce 0.2622 reward 0.451 lr 1.67e-05 255.1 min, 0.45 s/step
  epoch 1/2 step 34050/42360 loss 0.9802 ce 0.7756 reward -0.142 lr 1.66e-05 255.5 min, 0.45 s/step
  epoch 1/2 step 34100/42360 loss -0.1152 ce 0.6140 reward 0.051 lr 1.66e-05 255.9 min, 0.45 s/step
  epoch 1/2 step 34150/42360 loss -0.0679 ce 0.4359 reward 0.208 lr 1.66e-05 256.3 min, 0.45 s/step
  epoch 1/2 step 34200/42360 loss 0.3681 ce 0.4961 reward 0.162 lr 1.66e-05 256.7 min, 0.45 s/step
  epoch 1/2 step 34250/42360 loss 0.2004 ce 0.5465 reward 0.036 lr 1.66e-05 257.1 min, 0.45 s/step
  epoch 1/2 step 34300/42360 loss 0.2450 ce 0.5082 reward 0.079 lr 1.65e-05 257.5 min, 0.45 s/step
  epoch 1/2 step 34350/42360 loss -1.4808 ce 0.6311 reward 0.027 lr 1.65e-05 257.8 min, 0.45 s/step
  epoch 1/2 step 34400/42360 loss 0.2178 ce 0.4560 reward 0.156 lr 1.65e-05 258.1 min, 0.45 s/step
  epoch 1/2 step 34450/42360 loss 0.2842 ce 0.3635 reward 0.280 lr 1.65e-05 258.6 min, 0.45 s/step
  epoch 1/2 step 34500/42360 loss 0.2777 ce 0.5674 reward -0.002 lr 1.64e-05 259.0 min, 0.45 s/step
  epoch 1/2 step 34550/42360 loss -0.2673 ce 0.2648 reward 0.413 lr 1.64e-05 259.3 min, 0.45 s/step
  epoch 1/2 step 34600/42360 loss 0.2476 ce 0.8564 reward -0.374 lr 1.64e-05 259.7 min, 0.45 s/step
  epoch 1/2 step 34650/42360 loss -0.0374 ce 0.4078 reward 0.216 lr 1.64e-05 260.1 min, 0.45 s/step
  epoch 1/2 step 34700/42360 loss -0.2473 ce 0.6514 reward 0.013 lr 1.64e-05 260.4 min, 0.45 s/step
  epoch 1/2 step 34750/42360 loss 0.2003 ce 0.4833 reward 0.119 lr 1.63e-05 260.8 min, 0.45 s/step
  epoch 1/2 step 34800/42360 loss 0.6915 ce 0.6304 reward 0.028 lr 1.63e-05 261.1 min, 0.45 s/step
  epoch 1/2 step 34850/42360 loss 0.7242 ce 0.4431 reward 0.204 lr 1.63e-05 261.6 min, 0.45 s/step
  epoch 1/2 step 34900/42360 loss -0.0356 ce 0.4103 reward 0.214 lr 1.63e-05 262.0 min, 0.45 s/step
  epoch 1/2 step 34950/42360 loss 0.1376 ce 0.5203 reward 0.056 lr 1.63e-05 262.4 min, 0.45 s/step
  epoch 1/2 step 35000/42360 loss 0.5124 ce 0.3655 reward 0.281 lr 1.62e-05 262.8 min, 0.45 s/step
  epoch 1/2 step 35050/42360 loss -1.2724 ce 0.6122 reward 0.049 lr 1.62e-05 263.2 min, 0.45 s/step
  epoch 1/2 step 35100/42360 loss 0.3501 ce 0.3773 reward 0.275 lr 1.62e-05 263.6 min, 0.45 s/step
  epoch 1/2 step 35150/42360 loss 0.3010 ce 0.7049 reward -0.199 lr 1.62e-05 264.0 min, 0.45 s/step
  epoch 1/2 step 35200/42360 loss 0.6413 ce 0.7589 reward -0.270 lr 1.61e-05 264.4 min, 0.45 s/step
  epoch 1/2 step 35250/42360 loss 0.1351 ce 0.4648 reward 0.146 lr 1.61e-05 264.7 min, 0.45 s/step
  epoch 1/2 step 35300/42360 loss 0.0477 ce 0.6059 reward 0.055 lr 1.61e-05 265.1 min, 0.45 s/step
  epoch 1/2 step 35350/42360 loss 0.7398 ce 0.6003 reward -0.018 lr 1.61e-05 265.5 min, 0.45 s/step
  epoch 1/2 step 35400/42360 loss 0.0937 ce 0.3491 reward 0.317 lr 1.61e-05 265.8 min, 0.45 s/step
  epoch 1/2 step 35450/42360 loss 0.1555 ce 0.6539 reward -0.099 lr 1.60e-05 266.2 min, 0.45 s/step
  epoch 1/2 step 35500/42360 loss 0.2139 ce 0.8276 reward -0.401 lr 1.60e-05 266.5 min, 0.45 s/step
  epoch 1/2 step 35550/42360 loss 1.4105 ce 0.7218 reward -0.151 lr 1.60e-05 267.0 min, 0.45 s/step
  epoch 1/2 step 35600/42360 loss 0.0072 ce 0.3000 reward 0.376 lr 1.60e-05 267.4 min, 0.45 s/step
  epoch 1/2 step 35650/42360 loss -0.0782 ce 0.5139 reward 0.106 lr 1.60e-05 267.8 min, 0.45 s/step
  epoch 1/2 step 35700/42360 loss 0.4200 ce 0.5757 reward -0.017 lr 1.59e-05 268.2 min, 0.45 s/step
  epoch 1/2 step 35750/42360 loss 0.0300 ce 0.4248 reward 0.215 lr 1.59e-05 268.6 min, 0.45 s/step
  epoch 1/2 step 35800/42360 loss 0.1054 ce 0.5110 reward 0.093 lr 1.59e-05 268.9 min, 0.45 s/step
  epoch 1/2 step 35850/42360 loss 0.0706 ce 0.6064 reward 0.058 lr 1.59e-05 269.3 min, 0.45 s/step
  epoch 1/2 step 35900/42360 loss 0.8939 ce 0.7572 reward -0.228 lr 1.58e-05 269.7 min, 0.45 s/step
  epoch 1/2 step 35950/42360 loss 0.3621 ce 0.6179 reward -0.097 lr 1.58e-05 270.1 min, 0.45 s/step
  epoch 1/2 step 36000/42360 loss 0.2270 ce 0.3193 reward 0.327 lr 1.58e-05 270.4 min, 0.45 s/step
  epoch 1/2 step 36050/42360 loss -0.8812 ce 0.6063 reward 0.058 lr 1.58e-05 270.8 min, 0.45 s/step
  epoch 1/2 step 36100/42360 loss 0.1028 ce 0.6337 reward -0.110 lr 1.58e-05 271.1 min, 0.45 s/step
  epoch 1/2 step 36150/42360 loss -0.5651 ce 0.6100 reward 0.056 lr 1.57e-05 271.5 min, 0.45 s/step
  epoch 1/2 step 36200/42360 loss 0.3400 ce 0.3807 reward 0.248 lr 1.57e-05 271.9 min, 0.45 s/step
  epoch 1/2 step 36250/42360 loss -0.4988 ce 0.6448 reward 0.018 lr 1.57e-05 272.3 min, 0.45 s/step
  epoch 1/2 step 36300/42360 loss -0.0502 ce 0.6068 reward 0.058 lr 1.57e-05 272.6 min, 0.45 s/step
  epoch 1/2 step 36350/42360 loss 0.0697 ce 0.6060 reward 0.061 lr 1.57e-05 273.1 min, 0.45 s/step
  epoch 1/2 step 36400/42360 loss 0.3741 ce 0.6229 reward -0.059 lr 1.56e-05 273.5 min, 0.45 s/step
  epoch 1/2 step 36450/42360 loss 0.4440 ce 0.3142 reward 0.373 lr 1.56e-05 273.9 min, 0.45 s/step
  epoch 1/2 step 36500/42360 loss -0.1181 ce 0.5062 reward 0.167 lr 1.56e-05 274.3 min, 0.45 s/step
  epoch 1/2 step 36550/42360 loss 0.5568 ce 0.7800 reward -0.211 lr 1.56e-05 274.7 min, 0.45 s/step
  epoch 1/2 step 36600/42360 loss 0.3271 ce 0.4004 reward 0.268 lr 1.55e-05 275.1 min, 0.45 s/step
  epoch 1/2 step 36650/42360 loss 0.4766 ce 0.5424 reward 0.058 lr 1.55e-05 275.4 min, 0.45 s/step
  epoch 1/2 step 36700/42360 loss -0.5561 ce 0.6783 reward -0.014 lr 1.55e-05 275.7 min, 0.45 s/step
  epoch 1/2 step 36750/42360 loss -0.7295 ce 0.3908 reward 0.283 lr 1.55e-05 276.1 min, 0.45 s/step
  epoch 1/2 step 36800/42360 loss -0.0716 ce 0.5158 reward 0.112 lr 1.55e-05 276.5 min, 0.45 s/step
  epoch 1/2 step 36850/42360 loss 0.0703 ce 0.3949 reward 0.281 lr 1.54e-05 276.8 min, 0.45 s/step
  epoch 1/2 step 36900/42360 loss 0.0900 ce 0.3724 reward 0.286 lr 1.54e-05 277.1 min, 0.45 s/step
  epoch 1/2 step 36950/42360 loss 0.2712 ce 0.4301 reward 0.228 lr 1.54e-05 277.5 min, 0.45 s/step
  epoch 1/2 step 37000/42360 loss 0.4422 ce 0.5295 reward 0.081 lr 1.54e-05 277.9 min, 0.45 s/step
  epoch 1/2 step 37050/42360 loss -1.5756 ce 0.3390 reward 0.369 lr 1.53e-05 278.2 min, 0.45 s/step
  epoch 1/2 step 37100/42360 loss 0.1117 ce 0.4894 reward 0.104 lr 1.53e-05 278.6 min, 0.45 s/step
  epoch 1/2 step 37150/42360 loss 0.5640 ce 0.6972 reward -0.188 lr 1.53e-05 279.1 min, 0.45 s/step
  epoch 1/2 step 37200/42360 loss -0.4774 ce 0.6187 reward 0.043 lr 1.53e-05 279.5 min, 0.45 s/step
  epoch 1/2 step 37250/42360 loss -0.3379 ce 0.4496 reward 0.206 lr 1.53e-05 279.9 min, 0.45 s/step
  epoch 1/2 step 37300/42360 loss -0.5371 ce 0.6097 reward 0.052 lr 1.52e-05 280.4 min, 0.45 s/step
  epoch 1/2 step 37350/42360 loss 0.2792 ce 0.5524 reward 0.090 lr 1.52e-05 280.8 min, 0.45 s/step
  epoch 1/2 step 37400/42360 loss 0.0085 ce 0.6782 reward -0.015 lr 1.52e-05 281.1 min, 0.45 s/step
  epoch 1/2 step 37450/42360 loss 0.9671 ce 0.8878 reward -0.362 lr 1.52e-05 281.5 min, 0.45 s/step
  epoch 1/2 step 37500/42360 loss 0.2829 ce 0.6984 reward -0.114 lr 1.51e-05 281.8 min, 0.45 s/step
  epoch 1/2 step 37550/42360 loss -0.8527 ce 0.6147 reward 0.053 lr 1.51e-05 282.2 min, 0.45 s/step
  epoch 1/2 step 37600/42360 loss -1.7750 ce 0.6135 reward 0.053 lr 1.51e-05 282.7 min, 0.45 s/step
  epoch 1/2 step 37650/42360 loss -0.2631 ce 0.3423 reward 0.302 lr 1.51e-05 283.1 min, 0.45 s/step
  epoch 1/2 step 37700/42360 loss 0.6682 ce 0.5924 reward 0.030 lr 1.51e-05 283.4 min, 0.45 s/step
  epoch 1/2 step 37750/42360 loss -1.5677 ce 0.6772 reward -0.017 lr 1.50e-05 283.7 min, 0.45 s/step
  epoch 1/2 step 37800/42360 loss 0.3400 ce 0.6207 reward -0.063 lr 1.50e-05 284.1 min, 0.45 s/step
  epoch 1/2 step 37850/42360 loss 1.0506 ce 0.7717 reward -0.215 lr 1.50e-05 284.4 min, 0.45 s/step
  epoch 1/2 step 37900/42360 loss -0.6913 ce 0.6069 reward 0.058 lr 1.50e-05 284.8 min, 0.45 s/step
  epoch 1/2 step 37950/42360 loss 0.5868 ce 0.5196 reward 0.055 lr 1.50e-05 285.2 min, 0.45 s/step
  epoch 1/2 step 38000/42360 loss 0.5181 ce 0.5271 reward 0.045 lr 1.49e-05 285.6 min, 0.45 s/step
  epoch 1/2 step 38050/42360 loss 0.0562 ce 0.2091 reward 0.500 lr 1.49e-05 285.9 min, 0.45 s/step
  epoch 1/2 step 38100/42360 loss -0.0338 ce 0.3935 reward 0.244 lr 1.49e-05 286.3 min, 0.45 s/step
  epoch 1/2 step 38150/42360 loss 0.4451 ce 0.5030 reward 0.122 lr 1.49e-05 286.7 min, 0.45 s/step
  epoch 1/2 step 38200/42360 loss -0.7322 ce 0.6124 reward 0.054 lr 1.48e-05 287.2 min, 0.45 s/step
  epoch 1/2 step 38250/42360 loss 0.6011 ce 0.6485 reward -0.100 lr 1.48e-05 287.4 min, 0.45 s/step
  epoch 1/2 step 38300/42360 loss 0.7568 ce 0.6811 reward -0.042 lr 1.48e-05 287.8 min, 0.45 s/step
  epoch 1/2 step 38350/42360 loss -0.0586 ce 0.3531 reward 0.298 lr 1.48e-05 288.2 min, 0.45 s/step
  epoch 1/2 step 38400/42360 loss 0.6029 ce 0.7050 reward -0.196 lr 1.48e-05 288.5 min, 0.45 s/step
  epoch 1/2 step 38450/42360 loss 0.3799 ce 0.5293 reward 0.082 lr 1.47e-05 288.8 min, 0.45 s/step
  epoch 1/2 step 38500/42360 loss 0.8272 ce 0.9177 reward -0.373 lr 1.47e-05 289.2 min, 0.45 s/step
  epoch 1/2 step 38550/42360 loss 0.7740 ce 0.8045 reward -0.215 lr 1.47e-05 289.5 min, 0.45 s/step
  epoch 1/2 step 38600/42360 loss 0.1882 ce 0.7887 reward -0.189 lr 1.47e-05 289.9 min, 0.45 s/step
  epoch 1/2 step 38650/42360 loss 0.9824 ce 0.7032 reward -0.149 lr 1.46e-05 290.3 min, 0.45 s/step
  epoch 1/2 step 38700/42360 loss 0.3330 ce 0.6110 reward -0.042 lr 1.46e-05 290.7 min, 0.45 s/step
  epoch 1/2 step 38750/42360 loss 0.2305 ce 0.4720 reward 0.179 lr 1.46e-05 291.1 min, 0.45 s/step
  epoch 1/2 step 38800/42360 loss 0.1270 ce 0.5547 reward 0.005 lr 1.46e-05 291.5 min, 0.45 s/step
  epoch 1/2 step 38850/42360 loss -0.3086 ce 0.3954 reward 0.215 lr 1.46e-05 292.0 min, 0.45 s/step
  epoch 1/2 step 38900/42360 loss -0.0191 ce 0.4979 reward 0.087 lr 1.45e-05 292.3 min, 0.45 s/step
  epoch 1/2 step 38950/42360 loss 0.1536 ce 0.4695 reward 0.134 lr 1.45e-05 292.6 min, 0.45 s/step
  epoch 1/2 step 39000/42360 loss -0.0206 ce 0.2366 reward 0.447 lr 1.45e-05 293.1 min, 0.45 s/step
  epoch 1/2 step 39050/42360 loss -0.3263 ce 0.4610 reward 0.189 lr 1.45e-05 293.5 min, 0.45 s/step
  epoch 1/2 step 39100/42360 loss 0.5383 ce 0.6609 reward -0.050 lr 1.44e-05 293.9 min, 0.45 s/step
  epoch 1/2 step 39150/42360 loss 0.5071 ce 0.6254 reward -0.072 lr 1.44e-05 294.3 min, 0.45 s/step
  epoch 1/2 step 39200/42360 loss -0.4501 ce 0.6121 reward 0.048 lr 1.44e-05 294.6 min, 0.45 s/step
  epoch 1/2 step 39250/42360 loss 0.2241 ce 0.5329 reward 0.046 lr 1.44e-05 294.9 min, 0.45 s/step
  epoch 1/2 step 39300/42360 loss -0.0050 ce 0.5423 reward 0.019 lr 1.44e-05 295.4 min, 0.45 s/step
  epoch 1/2 step 39350/42360 loss -0.4369 ce 0.3215 reward 0.370 lr 1.43e-05 295.8 min, 0.45 s/step
  epoch 1/2 step 39400/42360 loss 0.1046 ce 0.4999 reward 0.086 lr 1.43e-05 296.2 min, 0.45 s/step
  epoch 1/2 step 39450/42360 loss 0.2664 ce 0.4263 reward 0.200 lr 1.43e-05 296.6 min, 0.45 s/step
  epoch 1/2 step 39500/42360 loss 0.2885 ce 0.5699 reward 0.041 lr 1.43e-05 297.0 min, 0.45 s/step
  epoch 1/2 step 39550/42360 loss 0.0861 ce 0.4848 reward 0.060 lr 1.42e-05 297.3 min, 0.45 s/step
  epoch 1/2 step 39600/42360 loss -0.8621 ce 0.6137 reward 0.049 lr 1.42e-05 297.8 min, 0.45 s/step
  epoch 1/2 step 39650/42360 loss -0.5034 ce 0.4372 reward 0.218 lr 1.42e-05 298.1 min, 0.45 s/step
  epoch 1/2 step 39700/42360 loss 0.0161 ce 0.3919 reward 0.237 lr 1.42e-05 298.5 min, 0.45 s/step
  epoch 1/2 step 39750/42360 loss 0.0762 ce 0.6058 reward 0.055 lr 1.42e-05 298.9 min, 0.45 s/step
  epoch 1/2 step 39800/42360 loss 0.1435 ce 0.8489 reward -0.329 lr 1.41e-05 299.3 min, 0.45 s/step
  epoch 1/2 step 39850/42360 loss 0.2045 ce 0.6323 reward 0.033 lr 1.41e-05 299.7 min, 0.45 s/step
  epoch 1/2 step 39900/42360 loss 0.0821 ce 0.6613 reward 0.002 lr 1.41e-05 300.1 min, 0.45 s/step
  epoch 1/2 step 39950/42360 loss -0.1229 ce 0.4766 reward 0.115 lr 1.41e-05 300.4 min, 0.45 s/step
  epoch 1/2 step 40000/42360 loss 0.0060 ce 0.6130 reward 0.050 lr 1.40e-05 300.8 min, 0.45 s/step
  epoch 1/2 step 40050/42360 loss 0.5001 ce 0.5830 reward -0.026 lr 1.40e-05 301.2 min, 0.45 s/step
  epoch 1/2 step 40100/42360 loss 0.0995 ce 0.3941 reward 0.228 lr 1.40e-05 301.6 min, 0.45 s/step
  epoch 1/2 step 40150/42360 loss 0.1395 ce 0.4980 reward 0.103 lr 1.40e-05 301.9 min, 0.45 s/step
  epoch 1/2 step 40200/42360 loss -0.9144 ce 0.6197 reward 0.044 lr 1.40e-05 302.3 min, 0.45 s/step
  epoch 1/2 step 40250/42360 loss 0.5964 ce 0.8278 reward -0.290 lr 1.39e-05 302.7 min, 0.45 s/step
  epoch 1/2 step 40300/42360 loss 0.3713 ce 0.2669 reward 0.426 lr 1.39e-05 303.2 min, 0.45 s/step
  epoch 1/2 step 40350/42360 loss 0.6717 ce 0.6071 reward 0.058 lr 1.39e-05 303.6 min, 0.45 s/step
  epoch 1/2 step 40400/42360 loss 0.4742 ce 0.4856 reward 0.153 lr 1.39e-05 304.0 min, 0.45 s/step
  epoch 1/2 step 40450/42360 loss -0.8196 ce 0.6315 reward 0.035 lr 1.38e-05 304.5 min, 0.45 s/step
  epoch 1/2 step 40500/42360 loss 0.0593 ce 0.3945 reward 0.285 lr 1.38e-05 304.8 min, 0.45 s/step
  epoch 1/2 step 40550/42360 loss -0.1009 ce 0.5056 reward 0.088 lr 1.38e-05 305.2 min, 0.45 s/step
  epoch 1/2 step 40600/42360 loss 0.3239 ce 0.4740 reward 0.152 lr 1.38e-05 305.5 min, 0.45 s/step
  epoch 1/2 step 40650/42360 loss 0.4422 ce 0.5581 reward -0.007 lr 1.38e-05 305.9 min, 0.45 s/step
  epoch 1/2 step 40700/42360 loss -0.3370 ce 0.3912 reward 0.291 lr 1.37e-05 306.3 min, 0.45 s/step
  epoch 1/2 step 40750/42360 loss 0.5928 ce 0.6973 reward -0.171 lr 1.37e-05 306.7 min, 0.45 s/step
  epoch 1/2 step 40800/42360 loss -0.0468 ce 0.5013 reward 0.112 lr 1.37e-05 307.1 min, 0.45 s/step
  epoch 1/2 step 40850/42360 loss 0.4706 ce 0.4940 reward 0.140 lr 1.37e-05 307.4 min, 0.45 s/step
  epoch 1/2 step 40900/42360 loss -0.3738 ce 0.3430 reward 0.347 lr 1.36e-05 307.7 min, 0.45 s/step
  epoch 1/2 step 40950/42360 loss -1.1189 ce 0.6781 reward -0.016 lr 1.36e-05 308.1 min, 0.45 s/step
  epoch 1/2 step 41000/42360 loss -0.1023 ce 0.4647 reward 0.162 lr 1.36e-05 308.4 min, 0.45 s/step
  epoch 1/2 step 41050/42360 loss -0.1601 ce 0.5522 reward 0.003 lr 1.36e-05 308.8 min, 0.45 s/step
  epoch 1/2 step 41100/42360 loss 0.2723 ce 0.7016 reward -0.205 lr 1.36e-05 309.2 min, 0.45 s/step
  epoch 1/2 step 41150/42360 loss 0.1112 ce 0.4954 reward 0.109 lr 1.35e-05 309.5 min, 0.45 s/step
  epoch 1/2 step 41200/42360 loss -0.2871 ce 0.6073 reward 0.058 lr 1.35e-05 309.9 min, 0.45 s/step
  epoch 1/2 step 41250/42360 loss 0.6653 ce 0.6199 reward -0.047 lr 1.35e-05 310.3 min, 0.45 s/step
  epoch 1/2 step 41300/42360 loss 0.1481 ce 0.4245 reward 0.190 lr 1.35e-05 310.6 min, 0.45 s/step
  epoch 1/2 step 41350/42360 loss 0.3044 ce 0.4115 reward 0.260 lr 1.34e-05 311.0 min, 0.45 s/step
  epoch 1/2 step 41400/42360 loss 0.0717 ce 0.4378 reward 0.237 lr 1.34e-05 311.3 min, 0.45 s/step
  epoch 1/2 step 41450/42360 loss 0.1866 ce 0.5631 reward 0.017 lr 1.34e-05 311.7 min, 0.45 s/step
  epoch 1/2 step 41500/42360 loss -0.3239 ce 0.5478 reward -0.024 lr 1.34e-05 312.1 min, 0.45 s/step
  epoch 1/2 step 41550/42360 loss 0.1103 ce 0.3846 reward 0.243 lr 1.34e-05 312.5 min, 0.45 s/step
  epoch 1/2 step 41600/42360 loss 0.0682 ce 0.5976 reward -0.066 lr 1.33e-05 312.8 min, 0.45 s/step
  epoch 1/2 step 41650/42360 loss 0.3709 ce 0.5927 reward -0.039 lr 1.33e-05 313.2 min, 0.45 s/step
  epoch 1/2 step 41700/42360 loss 0.4235 ce 0.7662 reward -0.221 lr 1.33e-05 313.6 min, 0.45 s/step
  epoch 1/2 step 41750/42360 loss -0.2520 ce 0.4438 reward 0.166 lr 1.33e-05 314.0 min, 0.45 s/step
  epoch 1/2 step 41800/42360 loss 0.3813 ce 0.6068 reward -0.033 lr 1.32e-05 314.4 min, 0.45 s/step
  epoch 1/2 step 41850/42360 loss 0.2533 ce 0.3845 reward 0.262 lr 1.32e-05 314.8 min, 0.45 s/step
  epoch 1/2 step 41900/42360 loss -1.8704 ce 0.6131 reward 0.053 lr 1.32e-05 315.2 min, 0.45 s/step
  epoch 1/2 step 41950/42360 loss -0.5715 ce 0.4970 reward 0.116 lr 1.32e-05 315.5 min, 0.45 s/step
  epoch 1/2 step 42000/42360 loss 0.1955 ce 0.6777 reward -0.013 lr 1.32e-05 316.0 min, 0.45 s/step
  epoch 1/2 step 42050/42360 loss -1.0444 ce 0.6126 reward 0.052 lr 1.31e-05 316.5 min, 0.45 s/step
  epoch 1/2 step 42100/42360 loss -0.3851 ce 0.6781 reward -0.022 lr 1.31e-05 316.8 min, 0.45 s/step
  epoch 1/2 step 42150/42360 loss 0.2387 ce 0.3023 reward 0.362 lr 1.31e-05 317.2 min, 0.45 s/step
  epoch 1/2 step 42200/42360 loss 0.4305 ce 0.4306 reward 0.232 lr 1.31e-05 317.5 min, 0.45 s/step
  epoch 1/2 step 42250/42360 loss 0.4462 ce 0.6328 reward -0.082 lr 1.30e-05 317.9 min, 0.45 s/step
  epoch 1/2 step 42300/42360 loss 0.3296 ce 0.5474 reward 0.078 lr 1.30e-05 318.2 min, 0.45 s/step
  epoch 1/2 step 42350/42360 loss 0.2253 ce 0.3540 reward 0.275 lr 1.30e-05 318.6 min, 0.45 s/step
=== epoch 1 done, avg loss 0.2087, 318.7 min ===
  epoch 2/2 step 50/42360 loss 0.7941 ce 0.4752 reward 0.169 lr 1.30e-05 319.2 min, 0.45 s/step
  epoch 2/2 step 100/42360 loss 0.4522 ce 0.7882 reward -0.208 lr 1.30e-05 319.6 min, 0.45 s/step
  epoch 2/2 step 150/42360 loss 0.5336 ce 0.6716 reward -0.042 lr 1.29e-05 320.0 min, 0.45 s/step
  epoch 2/2 step 200/42360 loss 0.3799 ce 1.2089 reward -0.610 lr 1.29e-05 320.4 min, 0.45 s/step
  epoch 2/2 step 250/42360 loss 0.4568 ce 0.5439 reward 0.019 lr 1.29e-05 320.8 min, 0.45 s/step
  epoch 2/2 step 300/42360 loss 1.0861 ce 0.6914 reward -0.111 lr 1.29e-05 321.1 min, 0.45 s/step
  epoch 2/2 step 350/42360 loss 0.6342 ce 0.5332 reward 0.059 lr 1.28e-05 321.6 min, 0.45 s/step
  epoch 2/2 step 400/42360 loss -0.2130 ce 0.3909 reward 0.299 lr 1.28e-05 322.0 min, 0.45 s/step
  epoch 2/2 step 450/42360 loss 0.5254 ce 0.6688 reward -0.060 lr 1.28e-05 322.4 min, 0.45 s/step
  epoch 2/2 step 500/42360 loss -0.1314 ce 0.4525 reward 0.217 lr 1.28e-05 322.8 min, 0.45 s/step
  epoch 2/2 step 550/42360 loss 0.7806 ce 0.6596 reward -0.044 lr 1.28e-05 323.2 min, 0.45 s/step
  epoch 2/2 step 600/42360 loss 0.8716 ce 0.4130 reward 0.276 lr 1.27e-05 323.6 min, 0.45 s/step
  epoch 2/2 step 650/42360 loss -0.2214 ce 0.6122 reward 0.065 lr 1.27e-05 324.0 min, 0.45 s/step
  epoch 2/2 step 700/42360 loss 2.0611 ce 1.4230 reward -0.814 lr 1.27e-05 324.4 min, 0.45 s/step
  epoch 2/2 step 750/42360 loss 0.3196 ce 0.6090 reward 0.068 lr 1.27e-05 324.7 min, 0.45 s/step
  epoch 2/2 step 800/42360 loss 0.8116 ce 0.5558 reward 0.055 lr 1.26e-05 325.1 min, 0.45 s/step
  epoch 2/2 step 850/42360 loss -0.1061 ce 0.3898 reward 0.300 lr 1.26e-05 325.5 min, 0.45 s/step
  epoch 2/2 step 900/42360 loss 0.8118 ce 0.5251 reward 0.094 lr 1.26e-05 325.9 min, 0.45 s/step
  epoch 2/2 step 950/42360 loss 0.6045 ce 0.4285 reward 0.221 lr 1.26e-05 326.3 min, 0.45 s/step
  epoch 2/2 step 1000/42360 loss -0.3107 ce 0.3733 reward 0.318 lr 1.26e-05 326.7 min, 0.45 s/step
  epoch 2/2 step 1050/42360 loss 0.6437 ce 0.6452 reward 0.032 lr 1.25e-05 327.0 min, 0.45 s/step
  epoch 2/2 step 1100/42360 loss -1.0637 ce 0.6178 reward 0.060 lr 1.25e-05 327.5 min, 0.45 s/step
  epoch 2/2 step 1150/42360 loss 0.3330 ce 0.3946 reward 0.261 lr 1.25e-05 327.9 min, 0.45 s/step
  epoch 2/2 step 1200/42360 loss 1.5008 ce 1.0863 reward -0.585 lr 1.25e-05 328.2 min, 0.45 s/step
  epoch 2/2 step 1250/42360 loss 0.2560 ce 0.4681 reward 0.167 lr 1.24e-05 328.6 min, 0.45 s/step
  epoch 2/2 step 1300/42360 loss 0.7607 ce 0.6210 reward 0.056 lr 1.24e-05 328.9 min, 0.45 s/step
  epoch 2/2 step 1350/42360 loss 0.3636 ce 0.2847 reward 0.409 lr 1.24e-05 329.3 min, 0.45 s/step
  epoch 2/2 step 1400/42360 loss 0.3257 ce 0.3843 reward 0.273 lr 1.24e-05 329.8 min, 0.45 s/step
  epoch 2/2 step 1450/42360 loss -0.0265 ce 0.4146 reward 0.238 lr 1.24e-05 330.2 min, 0.45 s/step
  epoch 2/2 step 1500/42360 loss 1.0548 ce 0.8351 reward -0.280 lr 1.23e-05 330.6 min, 0.45 s/step
  epoch 2/2 step 1550/42360 loss 0.3956 ce 0.3911 reward 0.298 lr 1.23e-05 331.0 min, 0.45 s/step
  epoch 2/2 step 1600/42360 loss -0.4930 ce 0.3533 reward 0.342 lr 1.23e-05 331.4 min, 0.45 s/step
  epoch 2/2 step 1650/42360 loss 0.4297 ce 0.3619 reward 0.303 lr 1.23e-05 331.8 min, 0.45 s/step
  epoch 2/2 step 1700/42360 loss 0.1426 ce 0.3102 reward 0.356 lr 1.22e-05 332.2 min, 0.45 s/step
  epoch 2/2 step 1750/42360 loss -0.4077 ce 0.5525 reward 0.133 lr 1.22e-05 332.6 min, 0.45 s/step
  epoch 2/2 step 1800/42360 loss 0.1436 ce 0.6154 reward 0.062 lr 1.22e-05 333.1 min, 0.45 s/step
  epoch 2/2 step 1850/42360 loss 0.6247 ce 0.4475 reward 0.234 lr 1.22e-05 333.4 min, 0.45 s/step
  epoch 2/2 step 1900/42360 loss 0.3877 ce 0.5080 reward 0.118 lr 1.22e-05 333.8 min, 0.45 s/step
  epoch 2/2 step 1950/42360 loss 0.1766 ce 0.3901 reward 0.300 lr 1.21e-05 334.2 min, 0.45 s/step
  epoch 2/2 step 2000/42360 loss -0.7221 ce 0.6771 reward -0.001 lr 1.21e-05 334.6 min, 0.45 s/step
  epoch 2/2 step 2050/42360 loss -0.3353 ce 0.3906 reward 0.299 lr 1.21e-05 335.0 min, 0.45 s/step
  epoch 2/2 step 2100/42360 loss 0.0981 ce 0.7611 reward -0.157 lr 1.21e-05 335.3 min, 0.45 s/step
  epoch 2/2 step 2150/42360 loss 0.6117 ce 0.7076 reward -0.146 lr 1.20e-05 335.7 min, 0.45 s/step
  epoch 2/2 step 2200/42360 loss 0.4643 ce 0.1955 reward 0.515 lr 1.20e-05 336.1 min, 0.45 s/step
  epoch 2/2 step 2250/42360 loss -0.1742 ce 0.6058 reward 0.072 lr 1.20e-05 336.5 min, 0.45 s/step
  epoch 2/2 step 2300/42360 loss 0.4118 ce 0.6308 reward 0.046 lr 1.20e-05 336.9 min, 0.45 s/step
  epoch 2/2 step 2350/42360 loss -0.2511 ce 0.5521 reward 0.134 lr 1.20e-05 337.2 min, 0.45 s/step
  epoch 2/2 step 2400/42360 loss 0.6897 ce 0.6603 reward -0.059 lr 1.19e-05 337.6 min, 0.45 s/step
  epoch 2/2 step 2450/42360 loss -0.3377 ce 0.6089 reward 0.069 lr 1.19e-05 338.0 min, 0.45 s/step
  epoch 2/2 step 2500/42360 loss 0.0197 ce 0.2408 reward 0.456 lr 1.19e-05 338.4 min, 0.45 s/step
  epoch 2/2 step 2550/42360 loss -0.0732 ce 0.7781 reward -0.216 lr 1.19e-05 338.8 min, 0.45 s/step
  epoch 2/2 step 2600/42360 loss 0.7278 ce 0.5428 reward 0.101 lr 1.18e-05 339.2 min, 0.45 s/step
  epoch 2/2 step 2650/42360 loss -1.0417 ce 0.6120 reward 0.065 lr 1.18e-05 339.6 min, 0.45 s/step
  epoch 2/2 step 2700/42360 loss 0.3549 ce 0.8198 reward -0.267 lr 1.18e-05 339.9 min, 0.45 s/step
  epoch 2/2 step 2750/42360 loss 0.8412 ce 1.1680 reward -0.614 lr 1.18e-05 340.3 min, 0.45 s/step
  epoch 2/2 step 2800/42360 loss 0.4583 ce 0.6122 reward 0.065 lr 1.18e-05 340.7 min, 0.45 s/step
  epoch 2/2 step 2850/42360 loss 0.3663 ce 0.4517 reward 0.212 lr 1.17e-05 341.1 min, 0.45 s/step
  epoch 2/2 step 2900/42360 loss 0.1411 ce 0.4808 reward 0.147 lr 1.17e-05 341.5 min, 0.45 s/step
  epoch 2/2 step 2950/42360 loss 0.4470 ce 0.6090 reward 0.069 lr 1.17e-05 341.9 min, 0.45 s/step
  epoch 2/2 step 3000/42360 loss 0.2367 ce 0.3933 reward 0.257 lr 1.17e-05 342.3 min, 0.45 s/step
  epoch 2/2 step 3050/42360 loss 1.1490 ce 0.4816 reward 0.149 lr 1.16e-05 342.7 min, 0.45 s/step
  epoch 2/2 step 3100/42360 loss 0.3868 ce 0.4317 reward 0.221 lr 1.16e-05 343.0 min, 0.45 s/step
  epoch 2/2 step 3150/42360 loss 0.3190 ce 0.3578 reward 0.307 lr 1.16e-05 343.3 min, 0.45 s/step
  epoch 2/2 step 3200/42360 loss -0.1180 ce 0.6272 reward 0.050 lr 1.16e-05 343.8 min, 0.45 s/step
  epoch 2/2 step 3250/42360 loss -0.2744 ce 0.5429 reward 0.105 lr 1.16e-05 344.2 min, 0.45 s/step
  epoch 2/2 step 3300/42360 loss 0.2005 ce 0.2438 reward 0.457 lr 1.15e-05 344.6 min, 0.45 s/step
  epoch 2/2 step 3350/42360 loss -0.0493 ce 0.6059 reward 0.072 lr 1.15e-05 344.9 min, 0.45 s/step
  epoch 2/2 step 3400/42360 loss 0.1049 ce 0.5590 reward 0.026 lr 1.15e-05 345.3 min, 0.45 s/step
  epoch 2/2 step 3450/42360 loss 0.6113 ce 0.4137 reward 0.262 lr 1.15e-05 345.7 min, 0.45 s/step
  epoch 2/2 step 3500/42360 loss 0.0865 ce 0.4737 reward 0.173 lr 1.14e-05 346.0 min, 0.45 s/step
  epoch 2/2 step 3550/42360 loss -0.3103 ce 0.2898 reward 0.414 lr 1.14e-05 346.3 min, 0.45 s/step
  epoch 2/2 step 3600/42360 loss 0.5642 ce 0.5102 reward 0.121 lr 1.14e-05 346.7 min, 0.45 s/step
  epoch 2/2 step 3650/42360 loss -0.0211 ce 0.3242 reward 0.355 lr 1.14e-05 347.1 min, 0.45 s/step
  epoch 2/2 step 3700/42360 loss 0.3165 ce 0.6295 reward -0.046 lr 1.14e-05 347.5 min, 0.45 s/step
  epoch 2/2 step 3750/42360 loss -0.1397 ce 0.5116 reward 0.108 lr 1.13e-05 347.9 min, 0.45 s/step
  epoch 2/2 step 3800/42360 loss 0.0735 ce 0.5511 reward 0.062 lr 1.13e-05 348.3 min, 0.45 s/step
  epoch 2/2 step 3850/42360 loss 0.5245 ce 0.5145 reward 0.136 lr 1.13e-05 348.7 min, 0.45 s/step
  epoch 2/2 step 3900/42360 loss 0.8617 ce 0.5469 reward 0.059 lr 1.13e-05 349.1 min, 0.45 s/step
  epoch 2/2 step 3950/42360 loss -0.1099 ce 0.6090 reward 0.069 lr 1.12e-05 349.6 min, 0.45 s/step
  epoch 2/2 step 4000/42360 loss 0.4560 ce 0.5325 reward 0.085 lr 1.12e-05 349.9 min, 0.45 s/step
  epoch 2/2 step 4050/42360 loss 0.1348 ce 0.3095 reward 0.369 lr 1.12e-05 350.3 min, 0.45 s/step
  epoch 2/2 step 4100/42360 loss -0.2237 ce 0.2258 reward 0.480 lr 1.12e-05 350.6 min, 0.45 s/step
  epoch 2/2 step 4150/42360 loss 0.3627 ce 0.5466 reward 0.067 lr 1.12e-05 351.0 min, 0.45 s/step
  epoch 2/2 step 4200/42360 loss 0.2418 ce 0.3416 reward 0.352 lr 1.11e-05 351.4 min, 0.45 s/step
  epoch 2/2 step 4250/42360 loss -0.4880 ce 0.6121 reward 0.065 lr 1.11e-05 351.9 min, 0.45 s/step
  epoch 2/2 step 4300/42360 loss 0.0253 ce 0.5925 reward 0.009 lr 1.11e-05 352.2 min, 0.45 s/step
  epoch 2/2 step 4350/42360 loss 1.0621 ce 0.9183 reward -0.308 lr 1.11e-05 352.5 min, 0.45 s/step
  epoch 2/2 step 4400/42360 loss 0.4407 ce 0.5272 reward 0.081 lr 1.10e-05 352.9 min, 0.45 s/step
  epoch 2/2 step 4450/42360 loss 0.6396 ce 0.6829 reward -0.086 lr 1.10e-05 353.2 min, 0.45 s/step
  epoch 2/2 step 4500/42360 loss 0.4847 ce 0.4154 reward 0.237 lr 1.10e-05 353.7 min, 0.45 s/step
  epoch 2/2 step 4550/42360 loss -0.4160 ce 0.3902 reward 0.300 lr 1.10e-05 354.0 min, 0.45 s/step
  epoch 2/2 step 4600/42360 loss 0.3639 ce 0.6304 reward -0.058 lr 1.10e-05 354.4 min, 0.45 s/step
  epoch 2/2 step 4650/42360 loss -0.3564 ce 0.6058 reward 0.072 lr 1.09e-05 354.8 min, 0.45 s/step
  epoch 2/2 step 4700/42360 loss -0.1830 ce 0.3526 reward 0.343 lr 1.09e-05 355.2 min, 0.45 s/step
  epoch 2/2 step 4750/42360 loss -0.1462 ce 0.3955 reward 0.258 lr 1.09e-05 355.6 min, 0.45 s/step
  epoch 2/2 step 4800/42360 loss -0.0393 ce 0.3206 reward 0.358 lr 1.09e-05 355.9 min, 0.45 s/step
  epoch 2/2 step 4850/42360 loss 0.4088 ce 0.3851 reward 0.278 lr 1.09e-05 356.2 min, 0.45 s/step
  epoch 2/2 step 4900/42360 loss -0.0398 ce 1.0066 reward -0.402 lr 1.08e-05 356.6 min, 0.45 s/step
  epoch 2/2 step 4950/42360 loss 0.4652 ce 0.4935 reward 0.145 lr 1.08e-05 357.0 min, 0.45 s/step
  epoch 2/2 step 5000/42360 loss 0.2008 ce 0.3845 reward 0.284 lr 1.08e-05 357.3 min, 0.45 s/step
  epoch 2/2 step 5050/42360 loss 0.4574 ce 0.3940 reward 0.286 lr 1.08e-05 357.6 min, 0.45 s/step
  epoch 2/2 step 5100/42360 loss 0.3034 ce 0.5440 reward 0.106 lr 1.07e-05 358.0 min, 0.45 s/step
  epoch 2/2 step 5150/42360 loss 0.0386 ce 0.5568 reward 0.079 lr 1.07e-05 358.4 min, 0.45 s/step
  epoch 2/2 step 5200/42360 loss 0.2924 ce 0.6699 reward -0.063 lr 1.07e-05 358.9 min, 0.45 s/step
  epoch 2/2 step 5250/42360 loss 0.1883 ce 0.4713 reward 0.188 lr 1.07e-05 359.3 min, 0.45 s/step
  epoch 2/2 step 5300/42360 loss 0.2691 ce 0.6102 reward -0.028 lr 1.07e-05 359.7 min, 0.45 s/step
  epoch 2/2 step 5350/42360 loss 0.1213 ce 0.3125 reward 0.371 lr 1.06e-05 360.0 min, 0.45 s/step
  epoch 2/2 step 5400/42360 loss 0.8775 ce 1.2412 reward -0.628 lr 1.06e-05 360.4 min, 0.45 s/step
  epoch 2/2 step 5450/42360 loss 0.2537 ce 0.5232 reward 0.118 lr 1.06e-05 360.8 min, 0.45 s/step
  epoch 2/2 step 5500/42360 loss -0.2045 ce 0.4150 reward 0.265 lr 1.06e-05 361.1 min, 0.45 s/step
  epoch 2/2 step 5550/42360 loss 0.3690 ce 0.6121 reward 0.066 lr 1.05e-05 361.5 min, 0.45 s/step
  epoch 2/2 step 5600/42360 loss 0.5515 ce 0.5254 reward 0.128 lr 1.05e-05 361.9 min, 0.45 s/step
  epoch 2/2 step 5650/42360 loss -0.2004 ce 0.3869 reward 0.300 lr 1.05e-05 362.3 min, 0.45 s/step
  epoch 2/2 step 5700/42360 loss 0.4763 ce 0.4197 reward 0.208 lr 1.05e-05 362.6 min, 0.45 s/step
  epoch 2/2 step 5750/42360 loss -1.3045 ce 0.1697 reward 0.562 lr 1.05e-05 363.0 min, 0.45 s/step
  epoch 2/2 step 5800/42360 loss 0.5920 ce 0.4851 reward 0.142 lr 1.04e-05 363.4 min, 0.45 s/step
  epoch 2/2 step 5850/42360 loss 0.5955 ce 0.6304 reward -0.013 lr 1.04e-05 363.8 min, 0.45 s/step
  epoch 2/2 step 5900/42360 loss 0.5091 ce 0.5236 reward 0.098 lr 1.04e-05 364.1 min, 0.45 s/step
  epoch 2/2 step 5950/42360 loss 1.3964 ce 0.6576 reward -0.093 lr 1.04e-05 364.4 min, 0.45 s/step
  epoch 2/2 step 6000/42360 loss 0.4739 ce 0.5459 reward 0.070 lr 1.04e-05 364.9 min, 0.45 s/step
  epoch 2/2 step 6050/42360 loss 0.2190 ce 0.6090 reward 0.068 lr 1.03e-05 365.3 min, 0.45 s/step
  epoch 2/2 step 6100/42360 loss 0.3541 ce 0.4777 reward 0.175 lr 1.03e-05 365.7 min, 0.45 s/step
  epoch 2/2 step 6150/42360 loss 0.2679 ce 0.4022 reward 0.246 lr 1.03e-05 366.1 min, 0.45 s/step
  epoch 2/2 step 6200/42360 loss -0.1138 ce 0.6215 reward 0.056 lr 1.03e-05 366.4 min, 0.45 s/step
  epoch 2/2 step 6250/42360 loss -0.9094 ce 0.6713 reward 0.005 lr 1.02e-05 366.9 min, 0.45 s/step
  epoch 2/2 step 6300/42360 loss 0.8503 ce 0.9759 reward -0.460 lr 1.02e-05 367.1 min, 0.45 s/step
  epoch 2/2 step 6350/42360 loss 0.6552 ce 0.6646 reward -0.105 lr 1.02e-05 367.5 min, 0.45 s/step
  epoch 2/2 step 6400/42360 loss 0.2134 ce 0.7707 reward -0.270 lr 1.02e-05 367.9 min, 0.45 s/step
  epoch 2/2 step 6450/42360 loss -0.4616 ce 0.6015 reward 0.077 lr 1.02e-05 368.4 min, 0.45 s/step
  epoch 2/2 step 6500/42360 loss 0.1543 ce 0.6648 reward -0.014 lr 1.01e-05 368.8 min, 0.45 s/step
  epoch 2/2 step 6550/42360 loss 0.1330 ce 0.4344 reward 0.210 lr 1.01e-05 369.1 min, 0.45 s/step
  epoch 2/2 step 6600/42360 loss 0.7438 ce 0.7115 reward -0.130 lr 1.01e-05 369.5 min, 0.45 s/step
  epoch 2/2 step 6650/42360 loss 0.4947 ce 0.3355 reward 0.349 lr 1.01e-05 369.8 min, 0.45 s/step
  epoch 2/2 step 6700/42360 loss 0.4195 ce 0.6771 reward -0.001 lr 1.00e-05 370.3 min, 0.45 s/step
  epoch 2/2 step 6750/42360 loss 0.1466 ce 0.4990 reward 0.124 lr 1.00e-05 370.6 min, 0.45 s/step
  epoch 2/2 step 6800/42360 loss 0.4301 ce 0.6539 reward -0.084 lr 1.00e-05 371.0 min, 0.45 s/step
  epoch 2/2 step 6850/42360 loss 0.5953 ce 0.6805 reward -0.074 lr 9.98e-06 371.4 min, 0.45 s/step
  epoch 2/2 step 6900/42360 loss 0.4510 ce 0.6091 reward 0.069 lr 9.96e-06 371.7 min, 0.45 s/step
  epoch 2/2 step 6950/42360 loss 0.7720 ce 0.5288 reward 0.076 lr 9.94e-06 372.0 min, 0.45 s/step
  epoch 2/2 step 7000/42360 loss 0.2653 ce 0.3922 reward 0.298 lr 9.92e-06 372.4 min, 0.45 s/step
  epoch 2/2 step 7050/42360 loss -0.1708 ce 0.6308 reward 0.046 lr 9.90e-06 372.8 min, 0.45 s/step
  epoch 2/2 step 7100/42360 loss -0.4639 ce 0.6151 reward 0.062 lr 9.87e-06 373.2 min, 0.45 s/step
  epoch 2/2 step 7150/42360 loss 1.1077 ce 1.4516 reward -0.844 lr 9.85e-06 373.6 min, 0.45 s/step
  epoch 2/2 step 7200/42360 loss -0.2415 ce 0.6309 reward 0.046 lr 9.83e-06 373.9 min, 0.45 s/step
  epoch 2/2 step 7250/42360 loss 0.1500 ce 0.4685 reward 0.166 lr 9.81e-06 374.3 min, 0.45 s/step
  epoch 2/2 step 7300/42360 loss 0.4075 ce 0.5214 reward 0.116 lr 9.79e-06 374.6 min, 0.45 s/step
  epoch 2/2 step 7350/42360 loss 0.6113 ce 0.3961 reward 0.284 lr 9.77e-06 375.0 min, 0.45 s/step
  epoch 2/2 step 7400/42360 loss -0.8183 ce 0.6183 reward 0.059 lr 9.75e-06 375.4 min, 0.45 s/step
  epoch 2/2 step 7450/42360 loss 0.4154 ce 0.3306 reward 0.336 lr 9.73e-06 375.7 min, 0.45 s/step
  epoch 2/2 step 7500/42360 loss 0.6840 ce 0.3475 reward 0.366 lr 9.70e-06 376.2 min, 0.45 s/step
  epoch 2/2 step 7550/42360 loss -0.2309 ce 0.2630 reward 0.430 lr 9.68e-06 376.5 min, 0.45 s/step
  epoch 2/2 step 7600/42360 loss -0.0158 ce 0.4099 reward 0.225 lr 9.66e-06 376.9 min, 0.45 s/step
  epoch 2/2 step 7650/42360 loss 0.6420 ce 0.6916 reward -0.135 lr 9.64e-06 377.3 min, 0.45 s/step
  epoch 2/2 step 7700/42360 loss 0.3998 ce 0.6967 reward -0.096 lr 9.62e-06 377.6 min, 0.45 s/step
  epoch 2/2 step 7750/42360 loss -0.3056 ce 0.3899 reward 0.300 lr 9.60e-06 377.9 min, 0.45 s/step
  epoch 2/2 step 7800/42360 loss 0.5590 ce 0.4564 reward 0.185 lr 9.58e-06 378.3 min, 0.45 s/step
  epoch 2/2 step 7850/42360 loss 0.2558 ce 0.4067 reward 0.238 lr 9.55e-06 378.7 min, 0.45 s/step
  epoch 2/2 step 7900/42360 loss 0.7401 ce 0.6163 reward -0.000 lr 9.53e-06 379.0 min, 0.45 s/step
  epoch 2/2 step 7950/42360 loss 0.2824 ce 0.3641 reward 0.301 lr 9.51e-06 379.4 min, 0.45 s/step
  epoch 2/2 step 8000/42360 loss -0.0743 ce 0.5924 reward 0.093 lr 9.49e-06 379.9 min, 0.45 s/step
  epoch 2/2 step 8050/42360 loss -0.1102 ce 0.2643 reward 0.425 lr 9.47e-06 380.3 min, 0.45 s/step
  epoch 2/2 step 8100/42360 loss -0.0622 ce 0.3413 reward 0.356 lr 9.45e-06 380.7 min, 0.45 s/step
  epoch 2/2 step 8150/42360 loss 0.8521 ce 0.8054 reward -0.221 lr 9.43e-06 381.1 min, 0.45 s/step
  epoch 2/2 step 8200/42360 loss 0.9152 ce 0.4855 reward 0.173 lr 9.41e-06 381.5 min, 0.45 s/step
  epoch 2/2 step 8250/42360 loss 0.5935 ce 0.5870 reward -0.007 lr 9.38e-06 381.8 min, 0.45 s/step
  epoch 2/2 step 8300/42360 loss 0.3124 ce 0.3319 reward 0.349 lr 9.36e-06 382.2 min, 0.45 s/step
  epoch 2/2 step 8350/42360 loss -0.2360 ce 0.6089 reward 0.069 lr 9.34e-06 382.5 min, 0.45 s/step
  epoch 2/2 step 8400/42360 loss -0.4727 ce 0.3388 reward 0.374 lr 9.32e-06 383.0 min, 0.45 s/step
  epoch 2/2 step 8450/42360 loss 0.0635 ce 0.2496 reward 0.449 lr 9.30e-06 383.4 min, 0.45 s/step
  epoch 2/2 step 8500/42360 loss 0.7302 ce 0.9122 reward -0.386 lr 9.28e-06 383.7 min, 0.45 s/step
  epoch 2/2 step 8550/42360 loss 0.0852 ce 0.6177 reward 0.060 lr 9.26e-06 384.1 min, 0.45 s/step
  epoch 2/2 step 8600/42360 loss 0.2221 ce 0.6214 reward -0.036 lr 9.24e-06 384.5 min, 0.45 s/step
  epoch 2/2 step 8650/42360 loss 0.3480 ce 0.5903 reward 0.010 lr 9.22e-06 384.9 min, 0.45 s/step
  epoch 2/2 step 8700/42360 loss 0.4035 ce 0.5947 reward 0.074 lr 9.19e-06 385.3 min, 0.45 s/step
  epoch 2/2 step 8750/42360 loss -0.0873 ce 0.6988 reward -0.161 lr 9.17e-06 385.7 min, 0.45 s/step
  epoch 2/2 step 8800/42360 loss 0.6318 ce 0.7925 reward -0.181 lr 9.15e-06 386.0 min, 0.45 s/step
  epoch 2/2 step 8850/42360 loss 0.6085 ce 0.5384 reward 0.066 lr 9.13e-06 386.3 min, 0.45 s/step
  epoch 2/2 step 8900/42360 loss 1.2027 ce 0.7724 reward -0.211 lr 9.11e-06 386.6 min, 0.45 s/step
  epoch 2/2 step 8950/42360 loss 0.3295 ce 0.3224 reward 0.353 lr 9.09e-06 387.0 min, 0.45 s/step
  epoch 2/2 step 9000/42360 loss 0.4052 ce 0.3781 reward 0.269 lr 9.07e-06 387.4 min, 0.45 s/step
  epoch 2/2 step 9050/42360 loss -0.2762 ce 0.3898 reward 0.300 lr 9.05e-06 387.8 min, 0.45 s/step
  epoch 2/2 step 9100/42360 loss 1.2220 ce 0.7178 reward -0.126 lr 9.03e-06 388.1 min, 0.45 s/step
  epoch 2/2 step 9150/42360 loss 0.3676 ce 0.3935 reward 0.286 lr 9.00e-06 388.4 min, 0.45 s/step
  epoch 2/2 step 9200/42360 loss 0.8593 ce 0.5282 reward 0.077 lr 8.98e-06 388.9 min, 0.45 s/step
  epoch 2/2 step 9250/42360 loss 0.6778 ce 0.3502 reward 0.313 lr 8.96e-06 389.2 min, 0.45 s/step
  epoch 2/2 step 9300/42360 loss 0.1464 ce 0.6183 reward 0.059 lr 8.94e-06 389.6 min, 0.45 s/step
  epoch 2/2 step 9350/42360 loss 0.6718 ce 0.5243 reward 0.096 lr 8.92e-06 389.9 min, 0.45 s/step
  epoch 2/2 step 9400/42360 loss -0.1145 ce 0.4208 reward 0.259 lr 8.90e-06 390.3 min, 0.45 s/step
  epoch 2/2 step 9450/42360 loss 0.2801 ce 0.4424 reward 0.233 lr 8.88e-06 390.7 min, 0.45 s/step
  epoch 2/2 step 9500/42360 loss 0.3283 ce 0.6939 reward -0.146 lr 8.86e-06 391.0 min, 0.45 s/step
  epoch 2/2 step 9550/42360 loss 1.0270 ce 0.7659 reward -0.159 lr 8.84e-06 391.5 min, 0.45 s/step
  epoch 2/2 step 9600/42360 loss 0.3958 ce 0.3426 reward 0.348 lr 8.82e-06 391.8 min, 0.45 s/step
  epoch 2/2 step 9650/42360 loss 0.3447 ce 0.5635 reward 0.024 lr 8.80e-06 392.2 min, 0.45 s/step
  epoch 2/2 step 9700/42360 loss 1.0127 ce 1.2688 reward -0.774 lr 8.77e-06 392.5 min, 0.45 s/step
  epoch 2/2 step 9750/42360 loss 0.1238 ce 0.2621 reward 0.434 lr 8.75e-06 392.9 min, 0.45 s/step
  epoch 2/2 step 9800/42360 loss 0.5628 ce 0.5339 reward 0.102 lr 8.73e-06 393.3 min, 0.45 s/step
  epoch 2/2 step 9850/42360 loss 0.9126 ce 0.7167 reward -0.107 lr 8.71e-06 393.7 min, 0.45 s/step
  epoch 2/2 step 9900/42360 loss -0.4405 ce 0.3902 reward 0.300 lr 8.69e-06 394.1 min, 0.45 s/step
  epoch 2/2 step 9950/42360 loss 0.4810 ce 0.5063 reward 0.114 lr 8.67e-06 394.5 min, 0.45 s/step
  epoch 2/2 step 10000/42360 loss 0.2906 ce 0.3651 reward 0.302 lr 8.65e-06 394.8 min, 0.45 s/step
  epoch 2/2 step 10050/42360 loss -0.2599 ce 0.3902 reward 0.299 lr 8.63e-06 395.2 min, 0.45 s/step
  epoch 2/2 step 10100/42360 loss 0.4853 ce 0.4793 reward 0.158 lr 8.61e-06 395.5 min, 0.45 s/step
  epoch 2/2 step 10150/42360 loss -0.3177 ce 0.3287 reward 0.339 lr 8.59e-06 395.9 min, 0.45 s/step
  epoch 2/2 step 10200/42360 loss 0.2876 ce 0.3896 reward 0.256 lr 8.57e-06 396.3 min, 0.45 s/step
  epoch 2/2 step 10250/42360 loss -0.2989 ce 0.1264 reward 0.602 lr 8.55e-06 396.6 min, 0.45 s/step
  epoch 2/2 step 10300/42360 loss 0.8934 ce 0.6265 reward -0.048 lr 8.53e-06 397.1 min, 0.45 s/step
  epoch 2/2 step 10350/42360 loss 0.7804 ce 0.5396 reward 0.085 lr 8.51e-06 397.5 min, 0.45 s/step
  epoch 2/2 step 10400/42360 loss 0.4843 ce 0.5417 reward 0.076 lr 8.48e-06 397.9 min, 0.45 s/step
  epoch 2/2 step 10450/42360 loss 0.4914 ce 0.3254 reward 0.371 lr 8.46e-06 398.3 min, 0.45 s/step
  epoch 2/2 step 10500/42360 loss 0.2270 ce 0.6184 reward 0.059 lr 8.44e-06 398.7 min, 0.45 s/step
  epoch 2/2 step 10550/42360 loss 0.7529 ce 0.5775 reward 0.027 lr 8.42e-06 399.0 min, 0.45 s/step
  epoch 2/2 step 10600/42360 loss 0.0952 ce 0.5558 reward 0.041 lr 8.40e-06 399.4 min, 0.45 s/step
  epoch 2/2 step 10650/42360 loss 0.8233 ce 0.5847 reward 0.010 lr 8.38e-06 399.8 min, 0.45 s/step
  epoch 2/2 step 10700/42360 loss -0.0398 ce 0.3378 reward 0.333 lr 8.36e-06 400.2 min, 0.45 s/step
  epoch 2/2 step 10750/42360 loss -0.9282 ce 0.6089 reward 0.069 lr 8.34e-06 400.6 min, 0.45 s/step
  epoch 2/2 step 10800/42360 loss 0.8177 ce 0.5242 reward 0.098 lr 8.32e-06 401.0 min, 0.45 s/step
  epoch 2/2 step 10850/42360 loss 0.7621 ce 0.5078 reward 0.120 lr 8.30e-06 401.3 min, 0.45 s/step
  epoch 2/2 step 10900/42360 loss 0.2013 ce 0.3799 reward 0.308 lr 8.28e-06 401.7 min, 0.45 s/step
  epoch 2/2 step 10950/42360 loss -0.0897 ce 0.3703 reward 0.290 lr 8.26e-06 402.1 min, 0.45 s/step
  epoch 2/2 step 11000/42360 loss 0.1059 ce 0.4998 reward 0.116 lr 8.24e-06 402.5 min, 0.45 s/step
  epoch 2/2 step 11050/42360 loss 0.0952 ce 0.4035 reward 0.246 lr 8.22e-06 402.8 min, 0.45 s/step
  epoch 2/2 step 11100/42360 loss 0.5959 ce 0.5196 reward 0.110 lr 8.20e-06 403.2 min, 0.45 s/step
  epoch 2/2 step 11150/42360 loss 0.4718 ce 0.7280 reward -0.152 lr 8.18e-06 403.6 min, 0.45 s/step
  epoch 2/2 step 11200/42360 loss 0.5073 ce 0.4779 reward 0.153 lr 8.16e-06 403.9 min, 0.45 s/step
  epoch 2/2 step 11250/42360 loss 1.0196 ce 0.8299 reward -0.244 lr 8.14e-06 404.3 min, 0.45 s/step
  epoch 2/2 step 11300/42360 loss 0.1584 ce 0.3899 reward 0.300 lr 8.12e-06 404.7 min, 0.45 s/step
  epoch 2/2 step 11350/42360 loss -0.3101 ce 0.3904 reward 0.300 lr 8.10e-06 405.0 min, 0.45 s/step
  epoch 2/2 step 11400/42360 loss 1.2466 ce 0.8605 reward -0.230 lr 8.07e-06 405.5 min, 0.45 s/step
  epoch 2/2 step 11450/42360 loss -0.4238 ce 0.6120 reward 0.065 lr 8.06e-06 405.8 min, 0.45 s/step
  epoch 2/2 step 11500/42360 loss -0.2514 ce 0.3899 reward 0.300 lr 8.03e-06 406.2 min, 0.45 s/step
  epoch 2/2 step 11550/42360 loss 0.1217 ce 0.4449 reward 0.240 lr 8.01e-06 406.6 min, 0.45 s/step
  epoch 2/2 step 11600/42360 loss 0.4468 ce 0.6401 reward -0.099 lr 7.99e-06 407.0 min, 0.45 s/step
  epoch 2/2 step 11650/42360 loss 0.6034 ce 0.5517 reward 0.061 lr 7.97e-06 407.4 min, 0.45 s/step
  epoch 2/2 step 11700/42360 loss 0.7528 ce 0.6770 reward -0.097 lr 7.95e-06 407.7 min, 0.45 s/step
  epoch 2/2 step 11750/42360 loss 0.1682 ce 0.4187 reward 0.253 lr 7.93e-06 408.1 min, 0.45 s/step
  epoch 2/2 step 11800/42360 loss -0.9739 ce 0.5363 reward 0.150 lr 7.91e-06 408.5 min, 0.45 s/step
  epoch 2/2 step 11850/42360 loss 0.4225 ce 0.5736 reward 0.022 lr 7.89e-06 408.9 min, 0.45 s/step
  epoch 2/2 step 11900/42360 loss 0.3615 ce 0.4919 reward 0.133 lr 7.87e-06 409.3 min, 0.45 s/step
  epoch 2/2 step 11950/42360 loss -0.5062 ce 0.6058 reward 0.072 lr 7.85e-06 409.7 min, 0.45 s/step
  epoch 2/2 step 12000/42360 loss 0.7042 ce 0.5500 reward 0.092 lr 7.83e-06 410.1 min, 0.45 s/step
  epoch 2/2 step 12050/42360 loss 0.4801 ce 0.4252 reward 0.212 lr 7.81e-06 410.5 min, 0.45 s/step
  epoch 2/2 step 12100/42360 loss -0.2980 ce 0.4495 reward 0.227 lr 7.79e-06 411.0 min, 0.45 s/step
  epoch 2/2 step 12150/42360 loss 0.7285 ce 0.3395 reward 0.339 lr 7.77e-06 411.4 min, 0.45 s/step
  epoch 2/2 step 12200/42360 loss 0.2597 ce 0.4153 reward 0.270 lr 7.75e-06 411.8 min, 0.45 s/step
  epoch 2/2 step 12250/42360 loss 0.5176 ce 0.5213 reward 0.103 lr 7.73e-06 412.2 min, 0.45 s/step
  epoch 2/2 step 12300/42360 loss -0.0233 ce 0.3136 reward 0.365 lr 7.71e-06 412.5 min, 0.45 s/step
  epoch 2/2 step 12350/42360 loss 0.4757 ce 0.5598 reward 0.030 lr 7.69e-06 412.9 min, 0.45 s/step
  epoch 2/2 step 12400/42360 loss -0.9020 ce 0.3409 reward 0.331 lr 7.67e-06 413.4 min, 0.45 s/step
  epoch 2/2 step 12450/42360 loss 0.4547 ce 0.4668 reward 0.150 lr 7.65e-06 413.8 min, 0.45 s/step
  epoch 2/2 step 12500/42360 loss 0.6153 ce 0.5416 reward 0.063 lr 7.63e-06 414.1 min, 0.45 s/step
  epoch 2/2 step 12550/42360 loss 0.2876 ce 0.4026 reward 0.250 lr 7.61e-06 414.5 min, 0.45 s/step
  epoch 2/2 step 12600/42360 loss 0.3369 ce 0.4092 reward 0.277 lr 7.59e-06 414.9 min, 0.45 s/step
  epoch 2/2 step 12650/42360 loss 0.3821 ce 0.3837 reward 0.306 lr 7.57e-06 415.3 min, 0.45 s/step
  epoch 2/2 step 12700/42360 loss 0.4518 ce 0.5349 reward 0.067 lr 7.55e-06 415.7 min, 0.45 s/step
  epoch 2/2 step 12750/42360 loss -0.5878 ce 0.6089 reward 0.068 lr 7.53e-06 416.1 min, 0.45 s/step
  epoch 2/2 step 12800/42360 loss 0.2843 ce 0.4280 reward 0.234 lr 7.51e-06 416.6 min, 0.45 s/step
  epoch 2/2 step 12850/42360 loss 0.5787 ce 0.3443 reward 0.369 lr 7.49e-06 417.0 min, 0.45 s/step
  epoch 2/2 step 12900/42360 loss -0.0085 ce 0.3899 reward 0.300 lr 7.47e-06 417.4 min, 0.45 s/step
  epoch 2/2 step 12950/42360 loss 0.6496 ce 0.9132 reward -0.398 lr 7.46e-06 417.9 min, 0.45 s/step
  epoch 2/2 step 13000/42360 loss 0.3885 ce 0.4436 reward 0.240 lr 7.43e-06 418.2 min, 0.45 s/step
  epoch 2/2 step 13050/42360 loss -1.1236 ce 0.6770 reward -0.001 lr 7.42e-06 418.7 min, 0.45 s/step
  epoch 2/2 step 13100/42360 loss 0.9511 ce 1.0695 reward -0.581 lr 7.40e-06 419.2 min, 0.45 s/step
  epoch 2/2 step 13150/42360 loss -0.1920 ce 0.3530 reward 0.314 lr 7.38e-06 419.5 min, 0.45 s/step
  epoch 2/2 step 13200/42360 loss -0.9764 ce 0.6120 reward 0.065 lr 7.36e-06 419.9 min, 0.45 s/step
  epoch 2/2 step 13250/42360 loss 0.1771 ce 0.5374 reward 0.074 lr 7.34e-06 420.2 min, 0.45 s/step
  epoch 2/2 step 13300/42360 loss -0.8211 ce 0.6769 reward -0.001 lr 7.32e-06 420.7 min, 0.45 s/step
  epoch 2/2 step 13350/42360 loss -0.7958 ce 0.6057 reward 0.072 lr 7.30e-06 421.0 min, 0.45 s/step
  epoch 2/2 step 13400/42360 loss 0.4906 ce 0.6959 reward -0.137 lr 7.28e-06 421.4 min, 0.45 s/step
  epoch 2/2 step 13450/42360 loss 0.3974 ce 0.5056 reward 0.141 lr 7.26e-06 421.8 min, 0.45 s/step
  epoch 2/2 step 13500/42360 loss -0.0790 ce 0.6089 reward 0.069 lr 7.24e-06 422.1 min, 0.45 s/step
  epoch 2/2 step 13550/42360 loss -1.0511 ce 0.6120 reward 0.066 lr 7.22e-06 422.5 min, 0.45 s/step
  epoch 2/2 step 13600/42360 loss 0.4166 ce 0.5109 reward 0.105 lr 7.20e-06 422.9 min, 0.45 s/step
  epoch 2/2 step 13650/42360 loss 0.1754 ce 0.4023 reward 0.284 lr 7.18e-06 423.2 min, 0.45 s/step
  epoch 2/2 step 13700/42360 loss 0.5993 ce 0.5070 reward 0.153 lr 7.16e-06 423.6 min, 0.45 s/step
  epoch 2/2 step 13750/42360 loss 0.4299 ce 0.5886 reward 0.039 lr 7.14e-06 424.0 min, 0.45 s/step
  epoch 2/2 step 13800/42360 loss 0.6646 ce 0.8583 reward -0.268 lr 7.12e-06 424.4 min, 0.45 s/step
  epoch 2/2 step 13850/42360 loss 0.0409 ce 0.4206 reward 0.219 lr 7.10e-06 424.8 min, 0.45 s/step
  epoch 2/2 step 13900/42360 loss 0.1531 ce 0.4670 reward 0.164 lr 7.08e-06 425.2 min, 0.45 s/step
  epoch 2/2 step 13950/42360 loss 0.5980 ce 0.4984 reward 0.123 lr 7.06e-06 425.6 min, 0.45 s/step
  epoch 2/2 step 14000/42360 loss -0.2137 ce 0.3899 reward 0.300 lr 7.04e-06 425.9 min, 0.45 s/step
  epoch 2/2 step 14050/42360 loss 0.2907 ce 0.6120 reward 0.066 lr 7.03e-06 426.4 min, 0.45 s/step
  epoch 2/2 step 14100/42360 loss 0.6309 ce 0.4928 reward 0.171 lr 7.01e-06 426.7 min, 0.45 s/step
  epoch 2/2 step 14150/42360 loss 1.1001 ce 0.7110 reward -0.104 lr 6.99e-06 427.0 min, 0.45 s/step
  epoch 2/2 step 14200/42360 loss 0.3593 ce 0.6239 reward -0.068 lr 6.97e-06 427.3 min, 0.45 s/step
  epoch 2/2 step 14250/42360 loss 0.4783 ce 0.4018 reward 0.277 lr 6.95e-06 427.7 min, 0.45 s/step
  epoch 2/2 step 14300/42360 loss -0.4625 ce 0.4349 reward 0.202 lr 6.93e-06 428.0 min, 0.45 s/step
  epoch 2/2 step 14350/42360 loss -0.7085 ce 0.3900 reward 0.300 lr 6.91e-06 428.4 min, 0.45 s/step
  epoch 2/2 step 14400/42360 loss -0.2398 ce 0.6089 reward 0.069 lr 6.89e-06 428.8 min, 0.45 s/step
  epoch 2/2 step 14450/42360 loss 0.2535 ce 0.4530 reward 0.185 lr 6.87e-06 429.1 min, 0.45 s/step
  epoch 2/2 step 14500/42360 loss -0.6668 ce 0.6119 reward 0.066 lr 6.85e-06 429.5 min, 0.45 s/step
  epoch 2/2 step 14550/42360 loss 0.1524 ce 0.4703 reward 0.164 lr 6.83e-06 430.0 min, 0.45 s/step
  epoch 2/2 step 14600/42360 loss 0.0336 ce 0.6151 reward 0.062 lr 6.81e-06 430.4 min, 0.45 s/step
  epoch 2/2 step 14650/42360 loss -0.2563 ce 0.3900 reward 0.300 lr 6.80e-06 430.8 min, 0.45 s/step
  epoch 2/2 step 14700/42360 loss -0.5915 ce 0.6120 reward 0.065 lr 6.78e-06 431.2 min, 0.45 s/step
  epoch 2/2 step 14750/42360 loss 0.5784 ce 0.6088 reward 0.069 lr 6.76e-06 431.6 min, 0.45 s/step
  epoch 2/2 step 14800/42360 loss 0.2477 ce 0.4839 reward 0.176 lr 6.74e-06 432.0 min, 0.45 s/step
  epoch 2/2 step 14850/42360 loss 0.3910 ce 0.3022 reward 0.370 lr 6.72e-06 432.4 min, 0.45 s/step
  epoch 2/2 step 14900/42360 loss 0.7799 ce 0.4339 reward 0.210 lr 6.70e-06 432.8 min, 0.45 s/step
  epoch 2/2 step 14950/42360 loss 0.6071 ce 0.3380 reward 0.331 lr 6.68e-06 433.2 min, 0.45 s/step
  epoch 2/2 step 15000/42360 loss -0.1201 ce 0.6771 reward -0.001 lr 6.66e-06 433.6 min, 0.45 s/step
  epoch 2/2 step 15050/42360 loss 0.3492 ce 0.2544 reward 0.435 lr 6.64e-06 434.0 min, 0.45 s/step
  epoch 2/2 step 15100/42360 loss -0.3852 ce 0.3899 reward 0.300 lr 6.62e-06 434.4 min, 0.45 s/step
  epoch 2/2 step 15150/42360 loss 0.8529 ce 0.8141 reward -0.273 lr 6.61e-06 434.8 min, 0.45 s/step
  epoch 2/2 step 15200/42360 loss 0.1991 ce 0.5982 reward -0.017 lr 6.59e-06 435.2 min, 0.45 s/step
  epoch 2/2 step 15250/42360 loss 0.5353 ce 0.8252 reward -0.227 lr 6.57e-06 435.5 min, 0.45 s/step
  epoch 2/2 step 15300/42360 loss 0.6458 ce 0.4386 reward 0.221 lr 6.55e-06 435.9 min, 0.45 s/step
  epoch 2/2 step 15350/42360 loss 0.1326 ce 0.2880 reward 0.394 lr 6.53e-06 436.2 min, 0.45 s/step
  epoch 2/2 step 15400/42360 loss 0.1845 ce 0.6041 reward 0.029 lr 6.51e-06 436.6 min, 0.45 s/step
  epoch 2/2 step 15450/42360 loss 0.4782 ce 0.5191 reward 0.100 lr 6.49e-06 437.0 min, 0.45 s/step
  epoch 2/2 step 15500/42360 loss 0.4304 ce 0.4273 reward 0.242 lr 6.47e-06 437.4 min, 0.45 s/step
  epoch 2/2 step 15550/42360 loss 0.2005 ce 0.6057 reward 0.072 lr 6.46e-06 437.7 min, 0.45 s/step
  epoch 2/2 step 15600/42360 loss 0.2715 ce 0.4110 reward 0.235 lr 6.44e-06 438.1 min, 0.45 s/step
  epoch 2/2 step 15650/42360 loss 0.4594 ce 0.5217 reward 0.130 lr 6.42e-06 438.4 min, 0.45 s/step
  epoch 2/2 step 15700/42360 loss 0.6987 ce 0.6187 reward 0.000 lr 6.40e-06 438.8 min, 0.45 s/step
  epoch 2/2 step 15750/42360 loss 0.4522 ce 0.4782 reward 0.146 lr 6.38e-06 439.2 min, 0.45 s/step
  epoch 2/2 step 15800/42360 loss 0.1980 ce 0.5374 reward 0.115 lr 6.36e-06 439.5 min, 0.45 s/step
  epoch 2/2 step 15850/42360 loss 0.2159 ce 0.4239 reward 0.256 lr 6.34e-06 440.0 min, 0.45 s/step
  epoch 2/2 step 15900/42360 loss 0.5773 ce 0.7229 reward -0.144 lr 6.33e-06 440.3 min, 0.45 s/step
  epoch 2/2 step 15950/42360 loss 0.2877 ce 0.4591 reward 0.177 lr 6.31e-06 440.7 min, 0.45 s/step
  epoch 2/2 step 16000/42360 loss 0.3689 ce 0.6906 reward -0.130 lr 6.29e-06 441.1 min, 0.45 s/step
  epoch 2/2 step 16050/42360 loss 0.0913 ce 0.4390 reward 0.232 lr 6.27e-06 441.5 min, 0.45 s/step
  epoch 2/2 step 16100/42360 loss 0.2983 ce 0.4123 reward 0.265 lr 6.25e-06 441.9 min, 0.45 s/step
  epoch 2/2 step 16150/42360 loss 0.6252 ce 0.4900 reward 0.145 lr 6.23e-06 442.3 min, 0.45 s/step
  epoch 2/2 step 16200/42360 loss 0.1875 ce 0.5812 reward 0.068 lr 6.22e-06 442.7 min, 0.45 s/step
  epoch 2/2 step 16250/42360 loss 0.0002 ce 0.3451 reward 0.314 lr 6.20e-06 443.1 min, 0.45 s/step
  epoch 2/2 step 16300/42360 loss -0.0667 ce 0.3115 reward 0.359 lr 6.18e-06 443.4 min, 0.45 s/step
  epoch 2/2 step 16350/42360 loss -2.0460 ce 0.4431 reward 0.254 lr 6.16e-06 443.8 min, 0.45 s/step
  epoch 2/2 step 16400/42360 loss 0.3168 ce 0.9417 reward -0.429 lr 6.14e-06 444.1 min, 0.45 s/step
  epoch 2/2 step 16450/42360 loss -0.2626 ce 0.6088 reward 0.069 lr 6.12e-06 444.5 min, 0.45 s/step
  epoch 2/2 step 16500/42360 loss 0.2941 ce 0.5132 reward 0.136 lr 6.11e-06 444.8 min, 0.45 s/step
  epoch 2/2 step 16550/42360 loss 0.2615 ce 0.4479 reward 0.187 lr 6.09e-06 445.2 min, 0.45 s/step
  epoch 2/2 step 16600/42360 loss -1.1058 ce 0.6769 reward -0.001 lr 6.07e-06 445.6 min, 0.45 s/step
  epoch 2/2 step 16650/42360 loss 1.3008 ce 0.6023 reward 0.040 lr 6.05e-06 446.0 min, 0.45 s/step
  epoch 2/2 step 16700/42360 loss 0.5124 ce 0.5624 reward 0.036 lr 6.03e-06 446.3 min, 0.45 s/step
  epoch 2/2 step 16750/42360 loss 0.7208 ce 0.5663 reward 0.025 lr 6.02e-06 446.8 min, 0.45 s/step
  epoch 2/2 step 16800/42360 loss -0.1072 ce 0.6088 reward 0.069 lr 6.00e-06 447.1 min, 0.45 s/step
  epoch 2/2 step 16850/42360 loss 0.3188 ce 0.3680 reward 0.319 lr 5.98e-06 447.5 min, 0.45 s/step
  epoch 2/2 step 16900/42360 loss 0.3338 ce 0.4509 reward 0.219 lr 5.96e-06 447.9 min, 0.45 s/step
  epoch 2/2 step 16950/42360 loss 0.3212 ce 0.4389 reward 0.217 lr 5.94e-06 448.2 min, 0.45 s/step
  epoch 2/2 step 17000/42360 loss 0.3245 ce 0.2835 reward 0.398 lr 5.92e-06 448.7 min, 0.45 s/step
  epoch 2/2 step 17050/42360 loss 0.7369 ce 0.6833 reward -0.086 lr 5.91e-06 449.1 min, 0.45 s/step
  epoch 2/2 step 17100/42360 loss 0.4201 ce 0.4570 reward 0.174 lr 5.89e-06 449.4 min, 0.45 s/step
  epoch 2/2 step 17150/42360 loss -0.4663 ce 0.6089 reward 0.069 lr 5.87e-06 449.8 min, 0.45 s/step
  epoch 2/2 step 17200/42360 loss 0.9753 ce 0.2568 reward 0.442 lr 5.85e-06 450.2 min, 0.45 s/step
  epoch 2/2 step 17250/42360 loss 0.5973 ce 0.6770 reward -0.001 lr 5.84e-06 450.6 min, 0.45 s/step
  epoch 2/2 step 17300/42360 loss 0.8720 ce 0.4330 reward 0.230 lr 5.82e-06 451.0 min, 0.45 s/step
  epoch 2/2 step 17350/42360 loss 0.0867 ce 0.5555 reward 0.091 lr 5.80e-06 451.4 min, 0.45 s/step
  epoch 2/2 step 17400/42360 loss 0.4367 ce 0.5131 reward 0.128 lr 5.78e-06 451.8 min, 0.45 s/step
  epoch 2/2 step 17450/42360 loss 0.7645 ce 0.6253 reward 0.005 lr 5.76e-06 452.2 min, 0.45 s/step
  epoch 2/2 step 17500/42360 loss 0.2626 ce 0.7256 reward -0.125 lr 5.75e-06 452.6 min, 0.45 s/step
  epoch 2/2 step 17550/42360 loss 0.3181 ce 0.5094 reward 0.139 lr 5.73e-06 452.9 min, 0.45 s/step
  epoch 2/2 step 17600/42360 loss 0.3015 ce 0.5457 reward 0.064 lr 5.71e-06 453.3 min, 0.45 s/step
  epoch 2/2 step 17650/42360 loss 0.6819 ce 0.5546 reward 0.048 lr 5.69e-06 453.8 min, 0.45 s/step
  epoch 2/2 step 17700/42360 loss 0.3944 ce 0.4359 reward 0.217 lr 5.68e-06 454.3 min, 0.45 s/step
  epoch 2/2 step 17750/42360 loss 0.2893 ce 0.3366 reward 0.362 lr 5.66e-06 454.7 min, 0.45 s/step
  epoch 2/2 step 17800/42360 loss 0.5548 ce 0.6387 reward 0.038 lr 5.64e-06 455.1 min, 0.45 s/step
  epoch 2/2 step 17850/42360 loss 0.0284 ce 0.6751 reward -0.117 lr 5.62e-06 455.5 min, 0.45 s/step
  epoch 2/2 step 17900/42360 loss 0.4834 ce 0.6264 reward -0.048 lr 5.60e-06 455.9 min, 0.45 s/step
  epoch 2/2 step 17950/42360 loss -0.3810 ce 0.6592 reward 0.017 lr 5.59e-06 456.3 min, 0.45 s/step
  epoch 2/2 step 18000/42360 loss -0.3453 ce 0.3580 reward 0.336 lr 5.57e-06 456.7 min, 0.45 s/step
  epoch 2/2 step 18050/42360 loss 0.2108 ce 0.5115 reward 0.149 lr 5.55e-06 457.1 min, 0.45 s/step
  epoch 2/2 step 18100/42360 loss 0.6120 ce 0.4618 reward 0.169 lr 5.54e-06 457.5 min, 0.45 s/step
  epoch 2/2 step 18150/42360 loss 0.7288 ce 0.4844 reward 0.149 lr 5.52e-06 457.8 min, 0.45 s/step
  epoch 2/2 step 18200/42360 loss -0.0286 ce 0.6769 reward -0.001 lr 5.50e-06 458.2 min, 0.45 s/step
  epoch 2/2 step 18250/42360 loss 0.2797 ce 0.4295 reward 0.240 lr 5.48e-06 458.6 min, 0.45 s/step
  epoch 2/2 step 18300/42360 loss 1.0685 ce 0.6045 reward -0.004 lr 5.47e-06 459.0 min, 0.45 s/step
  epoch 2/2 step 18350/42360 loss 0.2079 ce 0.7264 reward -0.131 lr 5.45e-06 459.3 min, 0.45 s/step
  epoch 2/2 step 18400/42360 loss 0.5468 ce 0.4563 reward 0.191 lr 5.43e-06 459.8 min, 0.45 s/step
  epoch 2/2 step 18450/42360 loss 0.4659 ce 0.3818 reward 0.258 lr 5.41e-06 460.3 min, 0.45 s/step
  epoch 2/2 step 18500/42360 loss 0.2313 ce 0.3658 reward 0.291 lr 5.40e-06 460.7 min, 0.45 s/step
  epoch 2/2 step 18550/42360 loss 0.0189 ce 0.3512 reward 0.318 lr 5.38e-06 461.1 min, 0.45 s/step
  epoch 2/2 step 18600/42360 loss 0.0475 ce 0.4733 reward 0.189 lr 5.36e-06 461.4 min, 0.45 s/step
  epoch 2/2 step 18650/42360 loss 0.0800 ce 0.6193 reward -0.004 lr 5.35e-06 461.7 min, 0.45 s/step
  epoch 2/2 step 18700/42360 loss 0.7255 ce 0.7689 reward -0.237 lr 5.33e-06 462.1 min, 0.45 s/step
  epoch 2/2 step 18750/42360 loss 0.0225 ce 0.3897 reward 0.293 lr 5.31e-06 462.4 min, 0.45 s/step
  epoch 2/2 step 18800/42360 loss 0.6097 ce 0.7352 reward -0.155 lr 5.29e-06 462.9 min, 0.45 s/step
  epoch 2/2 step 18850/42360 loss -0.9871 ce 0.3898 reward 0.300 lr 5.28e-06 463.2 min, 0.45 s/step
  epoch 2/2 step 18900/42360 loss 0.5374 ce 0.4570 reward 0.176 lr 5.26e-06 463.6 min, 0.45 s/step
  epoch 2/2 step 18950/42360 loss 0.5271 ce 0.3255 reward 0.360 lr 5.24e-06 464.0 min, 0.45 s/step
  epoch 2/2 step 19000/42360 loss 0.4926 ce 0.2979 reward 0.408 lr 5.23e-06 464.4 min, 0.45 s/step
  epoch 2/2 step 19050/42360 loss 0.1530 ce 0.4589 reward 0.179 lr 5.21e-06 464.8 min, 0.45 s/step
  epoch 2/2 step 19100/42360 loss 0.8749 ce 0.8685 reward -0.298 lr 5.19e-06 465.2 min, 0.45 s/step
  epoch 2/2 step 19150/42360 loss 0.4949 ce 0.6252 reward -0.038 lr 5.18e-06 465.6 min, 0.45 s/step
  epoch 2/2 step 19200/42360 loss 0.2537 ce 0.4281 reward 0.219 lr 5.16e-06 465.9 min, 0.45 s/step
  epoch 2/2 step 19250/42360 loss 0.2557 ce 0.4134 reward 0.255 lr 5.14e-06 466.4 min, 0.45 s/step
  epoch 2/2 step 19300/42360 loss -1.1957 ce 0.3386 reward 0.374 lr 5.12e-06 466.8 min, 0.45 s/step
  epoch 2/2 step 19350/42360 loss 0.1722 ce 0.4983 reward 0.113 lr 5.11e-06 467.1 min, 0.45 s/step
  epoch 2/2 step 19400/42360 loss 1.1602 ce 0.7285 reward -0.151 lr 5.09e-06 467.5 min, 0.45 s/step
  epoch 2/2 step 19450/42360 loss 0.3392 ce 0.6186 reward -0.020 lr 5.07e-06 467.8 min, 0.45 s/step
  epoch 2/2 step 19500/42360 loss 0.2423 ce 0.6414 reward 0.036 lr 5.06e-06 468.2 min, 0.45 s/step
  epoch 2/2 step 19550/42360 loss -0.4117 ce 0.2926 reward 0.413 lr 5.04e-06 468.5 min, 0.45 s/step
  epoch 2/2 step 19600/42360 loss 0.3173 ce 0.4550 reward 0.203 lr 5.02e-06 468.9 min, 0.45 s/step
  epoch 2/2 step 19650/42360 loss 0.0147 ce 0.6769 reward -0.001 lr 5.01e-06 469.3 min, 0.45 s/step
  epoch 2/2 step 19700/42360 loss 0.8063 ce 0.6806 reward -0.083 lr 4.99e-06 469.7 min, 0.45 s/step
  epoch 2/2 step 19750/42360 loss 1.1148 ce 0.7318 reward -0.126 lr 4.98e-06 470.1 min, 0.45 s/step
  epoch 2/2 step 19800/42360 loss 0.4049 ce 0.5758 reward 0.050 lr 4.96e-06 470.4 min, 0.45 s/step
  epoch 2/2 step 19850/42360 loss -0.0995 ce 0.4471 reward 0.189 lr 4.94e-06 470.8 min, 0.45 s/step
  epoch 2/2 step 19900/42360 loss 0.1839 ce 0.4093 reward 0.231 lr 4.92e-06 471.1 min, 0.45 s/step
  epoch 2/2 step 19950/42360 loss -0.3550 ce 0.6769 reward -0.001 lr 4.91e-06 471.5 min, 0.45 s/step
  epoch 2/2 step 20000/42360 loss 1.5039 ce 1.1269 reward -0.633 lr 4.89e-06 472.0 min, 0.45 s/step
  epoch 2/2 step 20050/42360 loss 1.8109 ce 1.6946 reward -0.888 lr 4.88e-06 472.3 min, 0.45 s/step
  epoch 2/2 step 20100/42360 loss -0.2774 ce 0.3898 reward 0.300 lr 4.86e-06 472.6 min, 0.45 s/step
  epoch 2/2 step 20150/42360 loss 0.7442 ce 0.6723 reward -0.056 lr 4.84e-06 473.0 min, 0.45 s/step
  epoch 2/2 step 20200/42360 loss 0.3905 ce 0.7307 reward -0.153 lr 4.83e-06 473.4 min, 0.45 s/step
  epoch 2/2 step 20250/42360 loss 0.3959 ce 0.3927 reward 0.246 lr 4.81e-06 473.8 min, 0.45 s/step
  epoch 2/2 step 20300/42360 loss 0.4877 ce 0.6089 reward 0.069 lr 4.79e-06 474.1 min, 0.45 s/step
  epoch 2/2 step 20350/42360 loss 0.8399 ce 0.4848 reward 0.153 lr 4.78e-06 474.6 min, 0.45 s/step
  epoch 2/2 step 20400/42360 loss 0.3820 ce 0.5700 reward 0.019 lr 4.76e-06 475.0 min, 0.45 s/step
  epoch 2/2 step 20450/42360 loss 0.6301 ce 0.4560 reward 0.179 lr 4.75e-06 475.4 min, 0.45 s/step
  epoch 2/2 step 20500/42360 loss -1.4078 ce 0.6089 reward 0.069 lr 4.73e-06 475.8 min, 0.45 s/step
  epoch 2/2 step 20550/42360 loss 0.0599 ce 0.4616 reward 0.167 lr 4.71e-06 476.2 min, 0.45 s/step
  epoch 2/2 step 20600/42360 loss 0.0492 ce 0.4396 reward 0.205 lr 4.70e-06 476.5 min, 0.45 s/step
  epoch 2/2 step 20650/42360 loss 0.2205 ce 0.6183 reward 0.059 lr 4.68e-06 476.9 min, 0.45 s/step
  epoch 2/2 step 20700/42360 loss -0.3404 ce 0.6308 reward 0.046 lr 4.67e-06 477.3 min, 0.45 s/step
  epoch 2/2 step 20750/42360 loss 0.4304 ce 0.6700 reward -0.102 lr 4.65e-06 477.7 min, 0.45 s/step
  epoch 2/2 step 20800/42360 loss 0.3283 ce 0.4212 reward 0.255 lr 4.63e-06 478.2 min, 0.45 s/step
  epoch 2/2 step 20850/42360 loss 0.8130 ce 0.5078 reward 0.127 lr 4.62e-06 478.5 min, 0.45 s/step
  epoch 2/2 step 20900/42360 loss 0.2059 ce 0.3916 reward 0.299 lr 4.60e-06 478.9 min, 0.45 s/step
  epoch 2/2 step 20950/42360 loss 0.1914 ce 0.4998 reward 0.152 lr 4.59e-06 479.3 min, 0.45 s/step
  epoch 2/2 step 21000/42360 loss -0.5724 ce 0.3681 reward 0.326 lr 4.57e-06 479.7 min, 0.45 s/step
  epoch 2/2 step 21050/42360 loss 0.2601 ce 0.4008 reward 0.251 lr 4.55e-06 480.0 min, 0.45 s/step
  epoch 2/2 step 21100/42360 loss 0.7480 ce 0.5874 reward 0.049 lr 4.54e-06 480.5 min, 0.45 s/step
  epoch 2/2 step 21150/42360 loss 0.4277 ce 0.3893 reward 0.266 lr 4.52e-06 480.9 min, 0.45 s/step
  epoch 2/2 step 21200/42360 loss -0.8977 ce 0.6057 reward 0.072 lr 4.51e-06 481.4 min, 0.45 s/step
  epoch 2/2 step 21250/42360 loss 0.2664 ce 0.4937 reward 0.147 lr 4.49e-06 481.8 min, 0.45 s/step
  epoch 2/2 step 21300/42360 loss 0.7700 ce 0.4635 reward 0.207 lr 4.48e-06 482.2 min, 0.45 s/step
  epoch 2/2 step 21350/42360 loss 0.0435 ce 0.3541 reward 0.311 lr 4.46e-06 482.5 min, 0.45 s/step
  epoch 2/2 step 21400/42360 loss 0.3194 ce 0.3918 reward 0.250 lr 4.44e-06 482.9 min, 0.45 s/step
  epoch 2/2 step 21450/42360 loss 0.2153 ce 0.4545 reward 0.218 lr 4.43e-06 483.3 min, 0.45 s/step
  epoch 2/2 step 21500/42360 loss 0.5300 ce 0.6039 reward -0.013 lr 4.41e-06 483.7 min, 0.45 s/step
  epoch 2/2 step 21550/42360 loss 0.4134 ce 0.6492 reward -0.064 lr 4.40e-06 484.1 min, 0.45 s/step
  epoch 2/2 step 21600/42360 loss 0.8183 ce 0.8642 reward -0.328 lr 4.38e-06 484.5 min, 0.45 s/step
  epoch 2/2 step 21650/42360 loss -0.3408 ce 0.3899 reward 0.300 lr 4.37e-06 484.9 min, 0.45 s/step
  epoch 2/2 step 21700/42360 loss 0.5188 ce 0.5445 reward 0.072 lr 4.35e-06 485.2 min, 0.45 s/step
  epoch 2/2 step 21750/42360 loss 0.4987 ce 0.4028 reward 0.238 lr 4.34e-06 485.6 min, 0.45 s/step
  epoch 2/2 step 21800/42360 loss 0.8234 ce 0.9745 reward -0.410 lr 4.32e-06 486.0 min, 0.45 s/step
  epoch 2/2 step 21850/42360 loss 0.0994 ce 0.3898 reward 0.300 lr 4.31e-06 486.4 min, 0.45 s/step
  epoch 2/2 step 21900/42360 loss 0.5973 ce 0.4670 reward 0.166 lr 4.29e-06 486.7 min, 0.45 s/step
  epoch 2/2 step 21950/42360 loss 0.5324 ce 0.4669 reward 0.173 lr 4.27e-06 487.1 min, 0.45 s/step
  epoch 2/2 step 22000/42360 loss 1.8408 ce 0.9577 reward -0.395 lr 4.26e-06 487.5 min, 0.45 s/step
  epoch 2/2 step 22050/42360 loss 1.6597 ce 0.7430 reward -0.146 lr 4.24e-06 487.9 min, 0.45 s/step
  epoch 2/2 step 22100/42360 loss 1.3407 ce 0.9240 reward -0.376 lr 4.23e-06 488.3 min, 0.45 s/step
  epoch 2/2 step 22150/42360 loss 0.4651 ce 0.3559 reward 0.316 lr 4.21e-06 488.7 min, 0.45 s/step
  epoch 2/2 step 22200/42360 loss 0.1548 ce 0.4172 reward 0.237 lr 4.20e-06 489.1 min, 0.45 s/step
  epoch 2/2 step 22250/42360 loss 0.2346 ce 0.3550 reward 0.317 lr 4.18e-06 489.6 min, 0.45 s/step
  epoch 2/2 step 22300/42360 loss 0.3886 ce 0.4145 reward 0.241 lr 4.17e-06 489.9 min, 0.45 s/step
  epoch 2/2 step 22350/42360 loss -0.2868 ce 0.3298 reward 0.384 lr 4.15e-06 490.2 min, 0.45 s/step
  epoch 2/2 step 22400/42360 loss -0.1383 ce 0.4835 reward 0.136 lr 4.14e-06 490.6 min, 0.45 s/step
  epoch 2/2 step 22450/42360 loss 0.7300 ce 0.4754 reward 0.169 lr 4.12e-06 490.9 min, 0.45 s/step
  epoch 2/2 step 22500/42360 loss -0.0237 ce 0.5956 reward 0.004 lr 4.11e-06 491.3 min, 0.45 s/step
  epoch 2/2 step 22550/42360 loss 0.7876 ce 0.9191 reward -0.396 lr 4.09e-06 491.7 min, 0.45 s/step
  epoch 2/2 step 22600/42360 loss 0.6430 ce 0.5140 reward 0.101 lr 4.08e-06 492.1 min, 0.45 s/step
  epoch 2/2 step 22650/42360 loss 0.6013 ce 0.5535 reward 0.023 lr 4.06e-06 492.5 min, 0.45 s/step
  epoch 2/2 step 22700/42360 loss 0.9753 ce 0.7754 reward -0.201 lr 4.05e-06 493.0 min, 0.45 s/step
  epoch 2/2 step 22750/42360 loss 0.7684 ce 0.5952 reward -0.008 lr 4.03e-06 493.4 min, 0.45 s/step
  epoch 2/2 step 22800/42360 loss 0.2915 ce 0.4691 reward 0.158 lr 4.02e-06 493.8 min, 0.45 s/step
  epoch 2/2 step 22850/42360 loss 0.1857 ce 0.6120 reward 0.066 lr 4.00e-06 494.2 min, 0.45 s/step
  epoch 2/2 step 22900/42360 loss -1.1591 ce 0.3386 reward 0.375 lr 3.99e-06 494.6 min, 0.45 s/step
  epoch 2/2 step 22950/42360 loss -0.0519 ce 0.6534 reward 0.023 lr 3.98e-06 494.9 min, 0.45 s/step
  epoch 2/2 step 23000/42360 loss 0.5813 ce 0.6127 reward -0.034 lr 3.96e-06 495.3 min, 0.45 s/step
  epoch 2/2 step 23050/42360 loss -0.1460 ce 0.4154 reward 0.267 lr 3.95e-06 495.6 min, 0.45 s/step
  epoch 2/2 step 23100/42360 loss -0.5711 ce 0.5834 reward 0.102 lr 3.93e-06 496.1 min, 0.45 s/step
  epoch 2/2 step 23150/42360 loss -0.1778 ce 0.2761 reward 0.411 lr 3.92e-06 496.5 min, 0.45 s/step
  epoch 2/2 step 23200/42360 loss 0.6589 ce 0.5226 reward 0.106 lr 3.90e-06 496.9 min, 0.45 s/step
  epoch 2/2 step 23250/42360 loss -0.3581 ce 0.6309 reward 0.046 lr 3.89e-06 497.3 min, 0.45 s/step
  epoch 2/2 step 23300/42360 loss -1.0603 ce 0.6058 reward 0.072 lr 3.87e-06 497.7 min, 0.45 s/step
  epoch 2/2 step 23350/42360 loss 0.4955 ce 0.3352 reward 0.339 lr 3.86e-06 498.0 min, 0.45 s/step
  epoch 2/2 step 23400/42360 loss 0.3653 ce 0.4099 reward 0.244 lr 3.84e-06 498.4 min, 0.45 s/step
  epoch 2/2 step 23450/42360 loss 0.3349 ce 0.4424 reward 0.232 lr 3.83e-06 498.8 min, 0.45 s/step
  epoch 2/2 step 23500/42360 loss 0.9000 ce 0.4765 reward 0.142 lr 3.82e-06 499.1 min, 0.45 s/step
  epoch 2/2 step 23550/42360 loss 0.2236 ce 0.5023 reward 0.134 lr 3.80e-06 499.5 min, 0.45 s/step
  epoch 2/2 step 23600/42360 loss 0.6886 ce 0.3762 reward 0.283 lr 3.79e-06 500.0 min, 0.45 s/step
  epoch 2/2 step 23650/42360 loss 1.2166 ce 1.1915 reward -0.591 lr 3.77e-06 500.3 min, 0.45 s/step
  epoch 2/2 step 23700/42360 loss -0.3536 ce 0.3898 reward 0.300 lr 3.76e-06 500.7 min, 0.45 s/step
  epoch 2/2 step 23750/42360 loss -0.1728 ce 0.2166 reward 0.496 lr 3.74e-06 501.1 min, 0.45 s/step
  epoch 2/2 step 23800/42360 loss 0.5037 ce 0.5009 reward 0.129 lr 3.73e-06 501.5 min, 0.45 s/step
  epoch 2/2 step 23850/42360 loss 0.2283 ce 0.3539 reward 0.342 lr 3.72e-06 501.8 min, 0.45 s/step
  epoch 2/2 step 23900/42360 loss -0.8760 ce 0.5363 reward 0.150 lr 3.70e-06 502.3 min, 0.45 s/step
  epoch 2/2 step 23950/42360 loss -0.7350 ce 0.6533 reward 0.023 lr 3.69e-06 502.6 min, 0.45 s/step
  epoch 2/2 step 24000/42360 loss 0.8459 ce 0.6371 reward -0.019 lr 3.67e-06 503.1 min, 0.45 s/step
  epoch 2/2 step 24050/42360 loss -0.2853 ce 0.5073 reward 0.148 lr 3.66e-06 503.4 min, 0.45 s/step
  epoch 2/2 step 24100/42360 loss -0.4400 ce 0.6119 reward 0.065 lr 3.65e-06 503.8 min, 0.45 s/step
  epoch 2/2 step 24150/42360 loss 0.1805 ce 0.3899 reward 0.300 lr 3.63e-06 504.1 min, 0.45 s/step
  epoch 2/2 step 24200/42360 loss 0.6953 ce 0.3688 reward 0.310 lr 3.62e-06 504.5 min, 0.45 s/step
  epoch 2/2 step 24250/42360 loss 0.1913 ce 0.6057 reward 0.072 lr 3.60e-06 504.8 min, 0.45 s/step
  epoch 2/2 step 24300/42360 loss 0.6721 ce 0.7519 reward -0.138 lr 3.59e-06 505.2 min, 0.45 s/step
  epoch 2/2 step 24350/42360 loss 0.3095 ce 0.4916 reward 0.134 lr 3.58e-06 505.5 min, 0.45 s/step
  epoch 2/2 step 24400/42360 loss 0.2608 ce 0.4989 reward 0.153 lr 3.56e-06 505.8 min, 0.45 s/step
  epoch 2/2 step 24450/42360 loss -0.0734 ce 0.3899 reward 0.300 lr 3.55e-06 506.2 min, 0.45 s/step
  epoch 2/2 step 24500/42360 loss -0.0500 ce 0.3502 reward 0.323 lr 3.54e-06 506.6 min, 0.45 s/step
  epoch 2/2 step 24550/42360 loss 0.6090 ce 0.5676 reward 0.071 lr 3.52e-06 506.9 min, 0.45 s/step
  epoch 2/2 step 24600/42360 loss -0.1370 ce 0.6151 reward 0.062 lr 3.51e-06 507.3 min, 0.45 s/step
  epoch 2/2 step 24650/42360 loss 0.0339 ce 0.4231 reward 0.281 lr 3.49e-06 507.7 min, 0.45 s/step
  epoch 2/2 step 24700/42360 loss -0.7240 ce 0.6120 reward 0.065 lr 3.48e-06 508.0 min, 0.45 s/step
  epoch 2/2 step 24750/42360 loss 0.2397 ce 0.5704 reward 0.030 lr 3.47e-06 508.3 min, 0.45 s/step
  epoch 2/2 step 24800/42360 loss 1.8218 ce 1.5547 reward -1.092 lr 3.45e-06 508.6 min, 0.45 s/step
  epoch 2/2 step 24850/42360 loss 0.6111 ce 0.4467 reward 0.193 lr 3.44e-06 509.1 min, 0.45 s/step
  epoch 2/2 step 24900/42360 loss 0.3928 ce 0.5195 reward 0.099 lr 3.43e-06 509.5 min, 0.45 s/step
  epoch 2/2 step 24950/42360 loss 0.0267 ce 0.2796 reward 0.405 lr 3.41e-06 509.9 min, 0.45 s/step
  epoch 2/2 step 25000/42360 loss 0.3954 ce 0.6680 reward 0.008 lr 3.40e-06 510.3 min, 0.45 s/step
  epoch 2/2 step 25050/42360 loss 0.4334 ce 0.4331 reward 0.204 lr 3.39e-06 510.7 min, 0.45 s/step
  epoch 2/2 step 25100/42360 loss 0.4766 ce 0.5105 reward 0.106 lr 3.37e-06 511.1 min, 0.45 s/step
  epoch 2/2 step 25150/42360 loss -0.9792 ce 0.6214 reward 0.056 lr 3.36e-06 511.5 min, 0.45 s/step
  epoch 2/2 step 25200/42360 loss 0.4462 ce 0.4510 reward 0.181 lr 3.35e-06 511.9 min, 0.45 s/step
  epoch 2/2 step 25250/42360 loss 0.5906 ce 0.4416 reward 0.197 lr 3.33e-06 512.3 min, 0.45 s/step
  epoch 2/2 step 25300/42360 loss 0.7018 ce 0.5298 reward 0.087 lr 3.32e-06 512.8 min, 0.45 s/step
  epoch 2/2 step 25350/42360 loss 0.3433 ce 0.5712 reward 0.036 lr 3.31e-06 513.1 min, 0.45 s/step
  epoch 2/2 step 25400/42360 loss 0.8884 ce 0.6154 reward -0.010 lr 3.29e-06 513.6 min, 0.45 s/step
  epoch 2/2 step 25450/42360 loss 0.2137 ce 0.3758 reward 0.284 lr 3.28e-06 514.0 min, 0.45 s/step
  epoch 2/2 step 25500/42360 loss 0.8850 ce 0.6283 reward -0.024 lr 3.27e-06 514.3 min, 0.45 s/step
  epoch 2/2 step 25550/42360 loss 0.2523 ce 0.3711 reward 0.319 lr 3.26e-06 514.7 min, 0.45 s/step
  epoch 2/2 step 25600/42360 loss 0.3574 ce 0.4821 reward 0.137 lr 3.24e-06 515.1 min, 0.45 s/step
  epoch 2/2 step 25650/42360 loss -1.1515 ce 0.6654 reward 0.011 lr 3.23e-06 515.5 min, 0.45 s/step
  epoch 2/2 step 25700/42360 loss 0.1220 ce 0.3215 reward 0.368 lr 3.22e-06 515.8 min, 0.45 s/step
  epoch 2/2 step 25750/42360 loss 0.0809 ce 0.5193 reward 0.137 lr 3.20e-06 516.2 min, 0.45 s/step
  epoch 2/2 step 25800/42360 loss 0.5283 ce 0.4666 reward 0.190 lr 3.19e-06 516.6 min, 0.45 s/step
  epoch 2/2 step 25850/42360 loss 0.2522 ce 0.3331 reward 0.337 lr 3.18e-06 516.9 min, 0.45 s/step
  epoch 2/2 step 25900/42360 loss -0.3036 ce 0.5519 reward 0.134 lr 3.17e-06 517.3 min, 0.45 s/step
  epoch 2/2 step 25950/42360 loss 0.3420 ce 0.3963 reward 0.264 lr 3.15e-06 517.6 min, 0.45 s/step
  epoch 2/2 step 26000/42360 loss 0.0083 ce 0.6120 reward 0.065 lr 3.14e-06 518.1 min, 0.45 s/step
  epoch 2/2 step 26050/42360 loss 0.4194 ce 0.3981 reward 0.258 lr 3.13e-06 518.4 min, 0.45 s/step
  epoch 2/2 step 26100/42360 loss 1.0576 ce 0.6805 reward -0.058 lr 3.11e-06 518.8 min, 0.45 s/step
  epoch 2/2 step 26150/42360 loss 0.6386 ce 0.5318 reward 0.097 lr 3.10e-06 519.3 min, 0.45 s/step
  epoch 2/2 step 26200/42360 loss 0.8669 ce 0.4710 reward 0.201 lr 3.09e-06 519.8 min, 0.45 s/step
  epoch 2/2 step 26250/42360 loss -0.3770 ce 0.6088 reward 0.069 lr 3.08e-06 520.2 min, 0.45 s/step
  epoch 2/2 step 26300/42360 loss 0.5537 ce 0.3623 reward 0.300 lr 3.06e-06 520.6 min, 0.45 s/step
  epoch 2/2 step 26350/42360 loss -0.7067 ce 0.6088 reward 0.069 lr 3.05e-06 521.1 min, 0.46 s/step
  epoch 2/2 step 26400/42360 loss 1.1846 ce 1.1236 reward -0.546 lr 3.04e-06 521.5 min, 0.46 s/step
  epoch 2/2 step 26450/42360 loss 0.3092 ce 0.4741 reward 0.151 lr 3.03e-06 522.0 min, 0.46 s/step
  epoch 2/2 step 26500/42360 loss 0.4838 ce 0.4586 reward 0.204 lr 3.01e-06 522.3 min, 0.46 s/step
  epoch 2/2 step 26550/42360 loss 0.6365 ce 0.4947 reward 0.160 lr 3.00e-06 522.8 min, 0.46 s/step
  epoch 2/2 step 26600/42360 loss 0.0310 ce 0.4338 reward 0.212 lr 2.99e-06 523.1 min, 0.46 s/step
  epoch 2/2 step 26650/42360 loss 0.1640 ce 0.3604 reward 0.299 lr 2.98e-06 523.5 min, 0.46 s/step
  epoch 2/2 step 26700/42360 loss 0.1468 ce 0.4599 reward 0.160 lr 2.97e-06 523.8 min, 0.46 s/step
  epoch 2/2 step 26750/42360 loss 0.4026 ce 0.4637 reward 0.168 lr 2.95e-06 524.1 min, 0.46 s/step
  epoch 2/2 step 26800/42360 loss 0.5522 ce 0.6290 reward -0.014 lr 2.94e-06 524.5 min, 0.46 s/step
  epoch 2/2 step 26850/42360 loss 0.3663 ce 0.5822 reward 0.011 lr 2.93e-06 524.8 min, 0.45 s/step
  epoch 2/2 step 26900/42360 loss 0.0090 ce 0.5628 reward 0.065 lr 2.92e-06 525.3 min, 0.46 s/step
  epoch 2/2 step 26950/42360 loss 0.0075 ce 0.3899 reward 0.300 lr 2.91e-06 525.6 min, 0.46 s/step
  epoch 2/2 step 27000/42360 loss 0.3751 ce 0.6549 reward -0.088 lr 2.89e-06 526.0 min, 0.46 s/step
  epoch 2/2 step 27050/42360 loss 0.9741 ce 0.8258 reward -0.260 lr 2.88e-06 526.4 min, 0.46 s/step
  epoch 2/2 step 27100/42360 loss 0.7506 ce 0.5394 reward 0.109 lr 2.87e-06 526.8 min, 0.46 s/step
  epoch 2/2 step 27150/42360 loss 0.5131 ce 0.5600 reward 0.052 lr 2.86e-06 527.1 min, 0.45 s/step
  epoch 2/2 step 27200/42360 loss 0.7581 ce 0.4534 reward 0.199 lr 2.85e-06 527.4 min, 0.45 s/step
  epoch 2/2 step 27250/42360 loss -0.4617 ce 0.3897 reward 0.300 lr 2.83e-06 527.9 min, 0.46 s/step
  epoch 2/2 step 27300/42360 loss 0.7620 ce 0.3546 reward 0.308 lr 2.82e-06 528.3 min, 0.46 s/step
  epoch 2/2 step 27350/42360 loss 0.9719 ce 0.6664 reward -0.054 lr 2.81e-06 528.6 min, 0.45 s/step
  epoch 2/2 step 27400/42360 loss 0.7553 ce 0.6133 reward 0.019 lr 2.80e-06 529.0 min, 0.46 s/step
  epoch 2/2 step 27450/42360 loss 0.2463 ce 0.3899 reward 0.300 lr 2.79e-06 529.3 min, 0.45 s/step
  epoch 2/2 step 27500/42360 loss 0.5361 ce 0.4320 reward 0.208 lr 2.77e-06 529.7 min, 0.45 s/step
  epoch 2/2 step 27550/42360 loss 0.2876 ce 0.2848 reward 0.392 lr 2.76e-06 530.0 min, 0.45 s/step
  epoch 2/2 step 27600/42360 loss 0.4352 ce 0.6366 reward -0.056 lr 2.75e-06 530.4 min, 0.45 s/step
  epoch 2/2 step 27650/42360 loss 0.3797 ce 0.4766 reward 0.150 lr 2.74e-06 530.8 min, 0.45 s/step
  epoch 2/2 step 27700/42360 loss 0.6412 ce 0.7817 reward -0.204 lr 2.73e-06 531.2 min, 0.45 s/step
  epoch 2/2 step 27750/42360 loss -0.3530 ce 0.6120 reward 0.065 lr 2.72e-06 531.6 min, 0.45 s/step
  epoch 2/2 step 27800/42360 loss 0.8763 ce 0.7708 reward -0.181 lr 2.71e-06 532.0 min, 0.45 s/step
  epoch 2/2 step 27850/42360 loss 0.3698 ce 0.5144 reward 0.149 lr 2.69e-06 532.5 min, 0.46 s/step
  epoch 2/2 step 27900/42360 loss 0.8147 ce 0.3554 reward 0.316 lr 2.68e-06 532.9 min, 0.46 s/step
  epoch 2/2 step 27950/42360 loss 0.5545 ce 0.6503 reward -0.073 lr 2.67e-06 533.3 min, 0.46 s/step
  epoch 2/2 step 28000/42360 loss 0.0342 ce 0.4906 reward 0.133 lr 2.66e-06 533.7 min, 0.46 s/step
  epoch 2/2 step 28050/42360 loss 0.3164 ce 0.3783 reward 0.300 lr 2.65e-06 534.1 min, 0.46 s/step
  epoch 2/2 step 28100/42360 loss -0.3834 ce 0.6120 reward 0.065 lr 2.64e-06 534.6 min, 0.46 s/step
  epoch 2/2 step 28150/42360 loss 0.5984 ce 0.4564 reward 0.220 lr 2.63e-06 535.0 min, 0.46 s/step
  epoch 2/2 step 28200/42360 loss 0.6679 ce 0.4348 reward 0.246 lr 2.62e-06 535.3 min, 0.46 s/step
  epoch 2/2 step 28250/42360 loss 0.3408 ce 0.5327 reward 0.075 lr 2.60e-06 535.7 min, 0.46 s/step
  epoch 2/2 step 28300/42360 loss 0.6138 ce 0.6796 reward -0.115 lr 2.59e-06 536.1 min, 0.46 s/step
  epoch 2/2 step 28350/42360 loss 0.4878 ce 0.6281 reward 0.048 lr 2.58e-06 536.5 min, 0.46 s/step
  epoch 2/2 step 28400/42360 loss -0.2745 ce 0.3900 reward 0.300 lr 2.57e-06 536.8 min, 0.46 s/step
  epoch 2/2 step 28450/42360 loss -0.3245 ce 0.5445 reward 0.099 lr 2.56e-06 537.2 min, 0.46 s/step
  epoch 2/2 step 28500/42360 loss 0.8281 ce 0.6771 reward -0.114 lr 2.55e-06 537.6 min, 0.46 s/step
  epoch 2/2 step 28550/42360 loss 0.4079 ce 0.4015 reward 0.249 lr 2.54e-06 538.0 min, 0.46 s/step
  epoch 2/2 step 28600/42360 loss -0.7274 ce 0.4231 reward 0.281 lr 2.53e-06 538.4 min, 0.46 s/step
  epoch 2/2 step 28650/42360 loss 0.3578 ce 0.4977 reward 0.177 lr 2.52e-06 538.9 min, 0.46 s/step
  epoch 2/2 step 28700/42360 loss -0.7431 ce 0.6057 reward 0.072 lr 2.51e-06 539.3 min, 0.46 s/step
  epoch 2/2 step 28750/42360 loss 0.3209 ce 0.4396 reward 0.201 lr 2.50e-06 539.7 min, 0.46 s/step
  epoch 2/2 step 28800/42360 loss -0.3746 ce 0.3484 reward 0.348 lr 2.48e-06 540.1 min, 0.46 s/step
  epoch 2/2 step 28850/42360 loss 0.4254 ce 0.4457 reward 0.191 lr 2.47e-06 540.5 min, 0.46 s/step
  epoch 2/2 step 28900/42360 loss 0.4319 ce 0.4777 reward 0.146 lr 2.46e-06 540.9 min, 0.46 s/step
  epoch 2/2 step 28950/42360 loss 0.0442 ce 0.3795 reward 0.275 lr 2.45e-06 541.3 min, 0.46 s/step
  epoch 2/2 step 29000/42360 loss 0.7043 ce 0.5841 reward 0.020 lr 2.44e-06 541.7 min, 0.46 s/step
  epoch 2/2 step 29050/42360 loss 0.2792 ce 0.6210 reward -0.046 lr 2.43e-06 542.1 min, 0.46 s/step
  epoch 2/2 step 29100/42360 loss 0.1654 ce 0.3522 reward 0.297 lr 2.42e-06 542.5 min, 0.46 s/step
  epoch 2/2 step 29150/42360 loss 0.0083 ce 0.6120 reward 0.066 lr 2.41e-06 542.9 min, 0.46 s/step
  epoch 2/2 step 29200/42360 loss 1.1520 ce 0.7569 reward -0.167 lr 2.40e-06 543.3 min, 0.46 s/step
  epoch 2/2 step 29250/42360 loss 0.0253 ce 0.5556 reward 0.026 lr 2.39e-06 543.7 min, 0.46 s/step
  epoch 2/2 step 29300/42360 loss 0.5424 ce 0.5344 reward 0.064 lr 2.38e-06 544.1 min, 0.46 s/step
  epoch 2/2 step 29350/42360 loss -0.0833 ce 0.6088 reward 0.068 lr 2.37e-06 544.4 min, 0.46 s/step
  epoch 2/2 step 29400/42360 loss 0.5104 ce 0.5929 reward 0.082 lr 2.36e-06 544.8 min, 0.46 s/step
  epoch 2/2 step 29450/42360 loss 0.4531 ce 0.8653 reward -0.319 lr 2.35e-06 545.1 min, 0.46 s/step
  epoch 2/2 step 29500/42360 loss -0.2285 ce 0.6711 reward 0.005 lr 2.34e-06 545.5 min, 0.46 s/step
  epoch 2/2 step 29550/42360 loss 0.6859 ce 0.8212 reward -0.260 lr 2.33e-06 545.9 min, 0.46 s/step
  epoch 2/2 step 29600/42360 loss 0.3836 ce 0.5578 reward 0.039 lr 2.32e-06 546.3 min, 0.46 s/step
  epoch 2/2 step 29650/42360 loss 0.2843 ce 0.4340 reward 0.202 lr 2.31e-06 546.8 min, 0.46 s/step
  epoch 2/2 step 29700/42360 loss 0.4531 ce 0.5446 reward 0.025 lr 2.30e-06 547.2 min, 0.46 s/step
  epoch 2/2 step 29750/42360 loss 0.7150 ce 0.6565 reward -0.066 lr 2.29e-06 547.6 min, 0.46 s/step
  epoch 2/2 step 29800/42360 loss 0.7130 ce 0.5633 reward 0.036 lr 2.28e-06 548.0 min, 0.46 s/step
  epoch 2/2 step 29850/42360 loss -0.0693 ce 0.4441 reward 0.200 lr 2.27e-06 548.4 min, 0.46 s/step
  epoch 2/2 step 29900/42360 loss 0.9484 ce 0.6020 reward -0.007 lr 2.26e-06 548.8 min, 0.46 s/step
  epoch 2/2 step 29950/42360 loss 0.8286 ce 0.7756 reward -0.208 lr 2.25e-06 549.1 min, 0.46 s/step
  epoch 2/2 step 30000/42360 loss -0.5820 ce 0.3592 reward 0.335 lr 2.24e-06 549.5 min, 0.46 s/step
  epoch 2/2 step 30050/42360 loss 0.0611 ce 0.3546 reward 0.299 lr 2.23e-06 549.9 min, 0.46 s/step
  epoch 2/2 step 30100/42360 loss 0.2003 ce 0.4017 reward 0.248 lr 2.22e-06 550.4 min, 0.46 s/step
  epoch 2/2 step 30150/42360 loss 0.2935 ce 0.4565 reward 0.183 lr 2.21e-06 550.7 min, 0.46 s/step
  epoch 2/2 step 30200/42360 loss 0.4823 ce 0.3099 reward 0.374 lr 2.20e-06 551.1 min, 0.46 s/step
  epoch 2/2 step 30250/42360 loss -0.8457 ce 0.2301 reward 0.485 lr 2.19e-06 551.5 min, 0.46 s/step
  epoch 2/2 step 30300/42360 loss -0.9564 ce 0.0758 reward 0.665 lr 2.18e-06 551.9 min, 0.46 s/step
  epoch 2/2 step 30350/42360 loss 0.1445 ce 0.3317 reward 0.339 lr 2.17e-06 552.3 min, 0.46 s/step
  epoch 2/2 step 30400/42360 loss 0.5378 ce 0.8159 reward -0.258 lr 2.16e-06 552.7 min, 0.46 s/step
  epoch 2/2 step 30450/42360 loss 0.4351 ce 0.3131 reward 0.365 lr 2.15e-06 553.1 min, 0.46 s/step
  epoch 2/2 step 30500/42360 loss 1.2447 ce 0.7417 reward -0.158 lr 2.14e-06 553.5 min, 0.46 s/step
  epoch 2/2 step 30550/42360 loss 1.8748 ce 0.7365 reward -0.125 lr 2.13e-06 554.0 min, 0.46 s/step
  epoch 2/2 step 30600/42360 loss 0.6443 ce 0.7556 reward -0.152 lr 2.12e-06 554.3 min, 0.46 s/step
  epoch 2/2 step 30650/42360 loss -0.2957 ce 0.3899 reward 0.300 lr 2.11e-06 554.7 min, 0.46 s/step
  epoch 2/2 step 30700/42360 loss 0.0931 ce 0.2459 reward 0.449 lr 2.10e-06 555.1 min, 0.46 s/step
  epoch 2/2 step 30750/42360 loss -0.7952 ce 0.3898 reward 0.300 lr 2.09e-06 555.4 min, 0.46 s/step
  epoch 2/2 step 30800/42360 loss 0.5868 ce 0.3226 reward 0.355 lr 2.08e-06 555.8 min, 0.46 s/step
  epoch 2/2 step 30850/42360 loss 1.0455 ce 0.6867 reward -0.105 lr 2.08e-06 556.1 min, 0.46 s/step
  epoch 2/2 step 30900/42360 loss 0.6508 ce 0.5204 reward 0.098 lr 2.07e-06 556.4 min, 0.46 s/step
  epoch 2/2 step 30950/42360 loss 1.0106 ce 0.5268 reward 0.114 lr 2.06e-06 556.9 min, 0.46 s/step
  epoch 2/2 step 31000/42360 loss 0.0490 ce 0.4145 reward 0.263 lr 2.05e-06 557.3 min, 0.46 s/step
  epoch 2/2 step 31050/42360 loss 0.4177 ce 0.3987 reward 0.282 lr 2.04e-06 557.6 min, 0.46 s/step
  epoch 2/2 step 31100/42360 loss 0.2035 ce 0.3809 reward 0.306 lr 2.03e-06 558.0 min, 0.46 s/step
  epoch 2/2 step 31150/42360 loss 0.7888 ce 0.8697 reward -0.333 lr 2.02e-06 558.4 min, 0.46 s/step
  epoch 2/2 step 31200/42360 loss -0.2876 ce 0.6120 reward 0.066 lr 2.01e-06 558.9 min, 0.46 s/step
  epoch 2/2 step 31250/42360 loss -0.1291 ce 0.7820 reward -0.222 lr 2.00e-06 559.3 min, 0.46 s/step
  epoch 2/2 step 31300/42360 loss -0.3748 ce 0.4175 reward 0.286 lr 1.99e-06 559.7 min, 0.46 s/step
  epoch 2/2 step 31350/42360 loss 0.0279 ce 0.5887 reward 0.015 lr 1.99e-06 560.0 min, 0.46 s/step
  epoch 2/2 step 31400/42360 loss 0.6448 ce 0.6848 reward -0.124 lr 1.98e-06 560.4 min, 0.46 s/step
  epoch 2/2 step 31450/42360 loss 0.8015 ce 0.6775 reward -0.118 lr 1.97e-06 560.7 min, 0.46 s/step
  epoch 2/2 step 31500/42360 loss -0.0870 ce 0.2963 reward 0.382 lr 1.96e-06 561.0 min, 0.46 s/step
  epoch 2/2 step 31550/42360 loss 0.5741 ce 0.6803 reward -0.108 lr 1.95e-06 561.5 min, 0.46 s/step
  epoch 2/2 step 31600/42360 loss 0.3468 ce 0.6769 reward -0.001 lr 1.94e-06 561.8 min, 0.46 s/step
  epoch 2/2 step 31650/42360 loss 0.2842 ce 0.4456 reward 0.222 lr 1.93e-06 562.2 min, 0.46 s/step
  epoch 2/2 step 31700/42360 loss -0.3381 ce 0.4003 reward 0.278 lr 1.92e-06 562.7 min, 0.46 s/step
  epoch 2/2 step 31750/42360 loss 0.9166 ce 0.5852 reward 0.041 lr 1.92e-06 563.0 min, 0.46 s/step
  epoch 2/2 step 31800/42360 loss 1.2730 ce 0.9326 reward -0.352 lr 1.91e-06 563.4 min, 0.46 s/step
  epoch 2/2 step 31850/42360 loss 0.9019 ce 1.0723 reward -0.552 lr 1.90e-06 563.7 min, 0.46 s/step
  epoch 2/2 step 31900/42360 loss 0.6070 ce 0.5978 reward 0.006 lr 1.89e-06 564.0 min, 0.46 s/step
  epoch 2/2 step 31950/42360 loss 0.3408 ce 0.4384 reward 0.235 lr 1.88e-06 564.4 min, 0.46 s/step
  epoch 2/2 step 32000/42360 loss 0.1456 ce 0.3818 reward 0.307 lr 1.87e-06 564.8 min, 0.46 s/step
  epoch 2/2 step 32050/42360 loss 1.7642 ce 1.3322 reward -0.842 lr 1.87e-06 565.1 min, 0.46 s/step
  epoch 2/2 step 32100/42360 loss 0.0829 ce 0.4132 reward 0.236 lr 1.86e-06 565.4 min, 0.46 s/step
  epoch 2/2 step 32150/42360 loss 0.9638 ce 0.6383 reward -0.031 lr 1.85e-06 565.7 min, 0.46 s/step
  epoch 2/2 step 32200/42360 loss -0.3485 ce 0.6058 reward 0.072 lr 1.84e-06 566.2 min, 0.46 s/step
  epoch 2/2 step 32250/42360 loss 0.3193 ce 0.3882 reward 0.266 lr 1.83e-06 566.5 min, 0.46 s/step
  epoch 2/2 step 32300/42360 loss 0.6448 ce 0.5545 reward 0.063 lr 1.82e-06 567.0 min, 0.46 s/step
  epoch 2/2 step 32350/42360 loss 0.4835 ce 0.7068 reward -0.135 lr 1.82e-06 567.3 min, 0.46 s/step
  epoch 2/2 step 32400/42360 loss -1.0657 ce 0.6151 reward 0.062 lr 1.81e-06 567.7 min, 0.46 s/step
  epoch 2/2 step 32450/42360 loss -0.1085 ce 0.3704 reward 0.301 lr 1.80e-06 568.1 min, 0.46 s/step
  epoch 2/2 step 32500/42360 loss 0.7598 ce 0.7982 reward -0.198 lr 1.79e-06 568.6 min, 0.46 s/step
  epoch 2/2 step 32550/42360 loss 0.0006 ce 0.2918 reward 0.401 lr 1.78e-06 568.9 min, 0.46 s/step
  epoch 2/2 step 32600/42360 loss 0.9498 ce 0.8091 reward -0.185 lr 1.78e-06 569.3 min, 0.46 s/step
  epoch 2/2 step 32650/42360 loss 0.3866 ce 0.3683 reward 0.304 lr 1.77e-06 569.7 min, 0.46 s/step
  epoch 2/2 step 32700/42360 loss -0.4998 ce 0.6769 reward -0.001 lr 1.76e-06 570.0 min, 0.46 s/step
  epoch 2/2 step 32750/42360 loss 0.1924 ce 0.2562 reward 0.441 lr 1.75e-06 570.4 min, 0.46 s/step
  epoch 2/2 step 32800/42360 loss 0.0518 ce 0.4539 reward 0.215 lr 1.75e-06 570.8 min, 0.46 s/step
  epoch 2/2 step 32850/42360 loss 1.0116 ce 0.7743 reward -0.165 lr 1.74e-06 571.2 min, 0.46 s/step
  epoch 2/2 step 32900/42360 loss -0.9635 ce 0.6057 reward 0.072 lr 1.73e-06 571.7 min, 0.46 s/step
  epoch 2/2 step 32950/42360 loss -0.7805 ce 0.6088 reward 0.069 lr 1.72e-06 572.1 min, 0.46 s/step
  epoch 2/2 step 33000/42360 loss 0.2838 ce 0.3537 reward 0.310 lr 1.71e-06 572.4 min, 0.46 s/step
  epoch 2/2 step 33050/42360 loss 0.6385 ce 0.2796 reward 0.405 lr 1.71e-06 572.8 min, 0.46 s/step
  epoch 2/2 step 33100/42360 loss 0.5351 ce 0.4515 reward 0.179 lr 1.70e-06 573.1 min, 0.46 s/step
  epoch 2/2 step 33150/42360 loss 0.3093 ce 0.3917 reward 0.263 lr 1.69e-06 573.5 min, 0.46 s/step
  epoch 2/2 step 33200/42360 loss 0.6178 ce 0.5974 reward 0.022 lr 1.68e-06 573.8 min, 0.46 s/step
  epoch 2/2 step 33250/42360 loss -0.2481 ce 0.4232 reward 0.281 lr 1.68e-06 574.2 min, 0.46 s/step
  epoch 2/2 step 33300/42360 loss 0.4178 ce 0.6901 reward -0.085 lr 1.67e-06 574.6 min, 0.46 s/step
  epoch 2/2 step 33350/42360 loss 0.1810 ce 0.3804 reward 0.271 lr 1.66e-06 574.9 min, 0.46 s/step
  epoch 2/2 step 33400/42360 loss -0.5363 ce 0.3510 reward 0.345 lr 1.66e-06 575.3 min, 0.46 s/step
  epoch 2/2 step 33450/42360 loss 0.1095 ce 0.6233 reward -0.013 lr 1.65e-06 575.7 min, 0.46 s/step
  epoch 2/2 step 33500/42360 loss 0.5081 ce 0.5858 reward 0.041 lr 1.64e-06 576.2 min, 0.46 s/step
  epoch 2/2 step 33550/42360 loss -0.0108 ce 0.3898 reward 0.300 lr 1.63e-06 576.5 min, 0.46 s/step
  epoch 2/2 step 33600/42360 loss -0.3655 ce 0.3899 reward 0.300 lr 1.63e-06 576.9 min, 0.46 s/step
  epoch 2/2 step 33650/42360 loss 0.7297 ce 0.4611 reward 0.171 lr 1.62e-06 577.4 min, 0.46 s/step
  epoch 2/2 step 33700/42360 loss 0.1980 ce 0.7350 reward -0.134 lr 1.61e-06 577.7 min, 0.46 s/step
  epoch 2/2 step 33750/42360 loss 0.3685 ce 0.3333 reward 0.336 lr 1.61e-06 578.1 min, 0.46 s/step
  epoch 2/2 step 33800/42360 loss 0.3416 ce 0.5582 reward 0.033 lr 1.60e-06 578.6 min, 0.46 s/step
  epoch 2/2 step 33850/42360 loss 0.1856 ce 0.4317 reward 0.208 lr 1.59e-06 578.9 min, 0.46 s/step
  epoch 2/2 step 33900/42360 loss 0.6895 ce 0.4164 reward 0.264 lr 1.58e-06 579.3 min, 0.46 s/step
  epoch 2/2 step 33950/42360 loss -0.3397 ce 0.3411 reward 0.357 lr 1.58e-06 579.6 min, 0.46 s/step
  epoch 2/2 step 34000/42360 loss -1.3822 ce 0.6088 reward 0.069 lr 1.57e-06 580.0 min, 0.46 s/step
  epoch 2/2 step 34050/42360 loss -0.4881 ce 0.6307 reward 0.046 lr 1.56e-06 580.4 min, 0.46 s/step
  epoch 2/2 step 34100/42360 loss 0.0137 ce 0.2529 reward 0.440 lr 1.56e-06 580.7 min, 0.46 s/step
  epoch 2/2 step 34150/42360 loss 0.0649 ce 0.3735 reward 0.313 lr 1.55e-06 581.0 min, 0.46 s/step
  epoch 2/2 step 34200/42360 loss -0.4222 ce 0.6088 reward 0.069 lr 1.54e-06 581.4 min, 0.46 s/step
  epoch 2/2 step 34250/42360 loss 0.3182 ce 0.4552 reward 0.166 lr 1.54e-06 581.8 min, 0.46 s/step
  epoch 2/2 step 34300/42360 loss 0.5628 ce 0.3277 reward 0.349 lr 1.53e-06 582.2 min, 0.46 s/step
  epoch 2/2 step 34350/42360 loss 0.5174 ce 0.4817 reward 0.152 lr 1.52e-06 582.6 min, 0.46 s/step
  epoch 2/2 step 34400/42360 loss -0.4587 ce 0.6120 reward 0.065 lr 1.52e-06 583.0 min, 0.46 s/step
  epoch 2/2 step 34450/42360 loss 0.2850 ce 0.3285 reward 0.340 lr 1.51e-06 583.4 min, 0.46 s/step
  epoch 2/2 step 34500/42360 loss 0.2071 ce 0.3581 reward 0.303 lr 1.51e-06 583.8 min, 0.46 s/step
  epoch 2/2 step 34550/42360 loss 0.3200 ce 0.6495 reward -0.090 lr 1.50e-06 584.2 min, 0.46 s/step
  epoch 2/2 step 34600/42360 loss -1.9057 ce 0.6414 reward 0.035 lr 1.49e-06 584.6 min, 0.46 s/step
  epoch 2/2 step 34650/42360 loss 0.2766 ce 0.4301 reward 0.210 lr 1.49e-06 585.0 min, 0.46 s/step
  epoch 2/2 step 34700/42360 loss 0.4153 ce 0.4081 reward 0.274 lr 1.48e-06 585.4 min, 0.46 s/step
  epoch 2/2 step 34750/42360 loss 0.6976 ce 0.7941 reward -0.182 lr 1.47e-06 585.7 min, 0.46 s/step
  epoch 2/2 step 34800/42360 loss 0.6255 ce 0.7397 reward -0.155 lr 1.47e-06 586.1 min, 0.46 s/step
  epoch 2/2 step 34850/42360 loss -0.3169 ce 0.3018 reward 0.381 lr 1.46e-06 586.5 min, 0.46 s/step
  epoch 2/2 step 34900/42360 loss 0.2363 ce 0.4729 reward 0.155 lr 1.46e-06 586.8 min, 0.46 s/step
  epoch 2/2 step 34950/42360 loss 0.5580 ce 0.5475 reward 0.055 lr 1.45e-06 587.2 min, 0.46 s/step
  epoch 2/2 step 35000/42360 loss 0.4920 ce 0.6716 reward -0.076 lr 1.44e-06 587.6 min, 0.46 s/step
  epoch 2/2 step 35050/42360 loss 0.4473 ce 0.5085 reward 0.112 lr 1.44e-06 588.1 min, 0.46 s/step
  epoch 2/2 step 35100/42360 loss -0.9232 ce 0.6533 reward 0.023 lr 1.43e-06 588.5 min, 0.46 s/step
  epoch 2/2 step 35150/42360 loss 0.4274 ce 0.5281 reward 0.091 lr 1.43e-06 588.8 min, 0.46 s/step
  epoch 2/2 step 35200/42360 loss 0.1455 ce 0.3923 reward 0.258 lr 1.42e-06 589.2 min, 0.46 s/step
  epoch 2/2 step 35250/42360 loss 0.1357 ce 0.2980 reward 0.383 lr 1.41e-06 589.7 min, 0.46 s/step
  epoch 2/2 step 35300/42360 loss 0.5273 ce 0.2840 reward 0.407 lr 1.41e-06 590.0 min, 0.46 s/step
  epoch 2/2 step 35350/42360 loss 0.4211 ce 0.4931 reward 0.174 lr 1.40e-06 590.4 min, 0.46 s/step
  epoch 2/2 step 35400/42360 loss 0.8554 ce 0.4529 reward 0.189 lr 1.40e-06 590.7 min, 0.46 s/step
  epoch 2/2 step 35450/42360 loss 0.1315 ce 0.3390 reward 0.335 lr 1.39e-06 591.1 min, 0.46 s/step
  epoch 2/2 step 35500/42360 loss 0.3049 ce 0.4150 reward 0.237 lr 1.39e-06 591.6 min, 0.46 s/step
  epoch 2/2 step 35550/42360 loss 0.0663 ce 0.4332 reward 0.246 lr 1.38e-06 592.1 min, 0.46 s/step
  epoch 2/2 step 35600/42360 loss -0.2950 ce 0.4988 reward 0.196 lr 1.37e-06 592.4 min, 0.46 s/step
  epoch 2/2 step 35650/42360 loss -1.2479 ce 0.6057 reward 0.072 lr 1.37e-06 592.9 min, 0.46 s/step
  epoch 2/2 step 35700/42360 loss -0.1173 ce 0.3385 reward 0.375 lr 1.36e-06 593.3 min, 0.46 s/step
  epoch 2/2 step 35750/42360 loss 0.3495 ce 0.4410 reward 0.199 lr 1.36e-06 593.8 min, 0.46 s/step
  epoch 2/2 step 35800/42360 loss -1.0696 ce 0.6057 reward 0.072 lr 1.35e-06 594.2 min, 0.46 s/step
  epoch 2/2 step 35850/42360 loss 0.2973 ce 0.3179 reward 0.362 lr 1.35e-06 594.6 min, 0.46 s/step
  epoch 2/2 step 35900/42360 loss 0.7918 ce 0.4599 reward 0.191 lr 1.34e-06 595.0 min, 0.46 s/step
  epoch 2/2 step 35950/42360 loss -0.0570 ce 0.3678 reward 0.326 lr 1.34e-06 595.4 min, 0.46 s/step
  epoch 2/2 step 36000/42360 loss 0.4719 ce 0.5791 reward 0.001 lr 1.33e-06 595.8 min, 0.46 s/step
  epoch 2/2 step 36050/42360 loss -0.0753 ce 0.3977 reward 0.237 lr 1.33e-06 596.2 min, 0.46 s/step
  epoch 2/2 step 36100/42360 loss 0.2283 ce 0.3810 reward 0.279 lr 1.32e-06 596.6 min, 0.46 s/step
  epoch 2/2 step 36150/42360 loss -0.3256 ce 0.6120 reward 0.066 lr 1.32e-06 597.0 min, 0.46 s/step
  epoch 2/2 step 36200/42360 loss 1.1540 ce 1.3324 reward -0.845 lr 1.31e-06 597.4 min, 0.46 s/step
  epoch 2/2 step 36250/42360 loss -0.3263 ce 0.6214 reward 0.056 lr 1.31e-06 597.8 min, 0.46 s/step
  epoch 2/2 step 36300/42360 loss 0.2966 ce 0.4541 reward 0.186 lr 1.30e-06 598.1 min, 0.46 s/step
  epoch 2/2 step 36350/42360 loss -0.3848 ce 0.3898 reward 0.300 lr 1.30e-06 598.5 min, 0.46 s/step
  epoch 2/2 step 36400/42360 loss 0.3449 ce 0.2649 reward 0.457 lr 1.29e-06 598.8 min, 0.46 s/step
  epoch 2/2 step 36450/42360 loss 1.1312 ce 0.8794 reward -0.332 lr 1.29e-06 599.2 min, 0.46 s/step
  epoch 2/2 step 36500/42360 loss 0.6452 ce 0.6592 reward -0.082 lr 1.28e-06 599.5 min, 0.46 s/step
  epoch 2/2 step 36550/42360 loss 0.2171 ce 0.4576 reward 0.209 lr 1.28e-06 599.9 min, 0.46 s/step
  epoch 2/2 step 36600/42360 loss 0.7557 ce 0.5534 reward 0.051 lr 1.27e-06 600.3 min, 0.46 s/step
  epoch 2/2 step 36650/42360 loss -0.4261 ce 0.3339 reward 0.363 lr 1.27e-06 600.7 min, 0.46 s/step
  epoch 2/2 step 36700/42360 loss 0.5961 ce 0.4601 reward 0.178 lr 1.26e-06 601.0 min, 0.46 s/step
  epoch 2/2 step 36750/42360 loss -0.1360 ce 0.3521 reward 0.344 lr 1.26e-06 601.4 min, 0.46 s/step
  epoch 2/2 step 36800/42360 loss -0.3312 ce 0.3899 reward 0.300 lr 1.25e-06 601.8 min, 0.46 s/step
  epoch 2/2 step 36850/42360 loss 0.5336 ce 0.7522 reward -0.204 lr 1.25e-06 602.2 min, 0.46 s/step
  epoch 2/2 step 36900/42360 loss 0.3301 ce 0.2485 reward 0.452 lr 1.24e-06 602.6 min, 0.46 s/step
  epoch 2/2 step 36950/42360 loss -0.4968 ce 0.3898 reward 0.300 lr 1.24e-06 603.0 min, 0.46 s/step
  epoch 2/2 step 37000/42360 loss 1.0963 ce 1.0298 reward -0.486 lr 1.24e-06 603.4 min, 0.46 s/step
  epoch 2/2 step 37050/42360 loss -0.0915 ce 0.5052 reward 0.115 lr 1.23e-06 603.7 min, 0.46 s/step
  epoch 2/2 step 37100/42360 loss 1.0005 ce 0.5850 reward 0.042 lr 1.23e-06 604.2 min, 0.46 s/step
  epoch 2/2 step 37150/42360 loss 0.2921 ce 0.3408 reward 0.327 lr 1.22e-06 604.6 min, 0.46 s/step
  epoch 2/2 step 37200/42360 loss -0.7111 ce 0.6769 reward -0.001 lr 1.22e-06 604.9 min, 0.46 s/step
  epoch 2/2 step 37250/42360 loss -0.6333 ce 0.6120 reward 0.066 lr 1.21e-06 605.3 min, 0.46 s/step
  epoch 2/2 step 37300/42360 loss 0.1188 ce 0.3071 reward 0.395 lr 1.21e-06 605.7 min, 0.46 s/step
  epoch 2/2 step 37350/42360 loss 0.3654 ce 0.5215 reward 0.125 lr 1.21e-06 606.0 min, 0.46 s/step
  epoch 2/2 step 37400/42360 loss -0.4339 ce 0.6119 reward 0.065 lr 1.20e-06 606.4 min, 0.46 s/step
  epoch 2/2 step 37450/42360 loss 0.0095 ce 0.6847 reward -0.091 lr 1.20e-06 606.8 min, 0.46 s/step
  epoch 2/2 step 37500/42360 loss 0.2369 ce 0.4784 reward 0.143 lr 1.19e-06 607.1 min, 0.46 s/step
  epoch 2/2 step 37550/42360 loss 0.8843 ce 0.6199 reward 0.000 lr 1.19e-06 607.5 min, 0.46 s/step
  epoch 2/2 step 37600/42360 loss 0.2563 ce 0.3758 reward 0.273 lr 1.19e-06 607.8 min, 0.46 s/step
  epoch 2/2 step 37650/42360 loss 0.5052 ce 0.6379 reward -0.060 lr 1.18e-06 608.3 min, 0.46 s/step
  epoch 2/2 step 37700/42360 loss 0.0601 ce 0.3901 reward 0.300 lr 1.18e-06 608.7 min, 0.46 s/step
  epoch 2/2 step 37750/42360 loss -0.4091 ce 0.3501 reward 0.346 lr 1.17e-06 609.0 min, 0.46 s/step
  epoch 2/2 step 37800/42360 loss 0.4190 ce 0.3977 reward 0.261 lr 1.17e-06 609.4 min, 0.46 s/step
  epoch 2/2 step 37850/42360 loss 0.6338 ce 0.9969 reward -0.474 lr 1.17e-06 609.8 min, 0.46 s/step
  epoch 2/2 step 37900/42360 loss 0.6618 ce 0.5390 reward 0.114 lr 1.16e-06 610.2 min, 0.46 s/step
  epoch 2/2 step 37950/42360 loss 0.2184 ce 0.3087 reward 0.356 lr 1.16e-06 610.6 min, 0.46 s/step
  epoch 2/2 step 38000/42360 loss 1.0380 ce 0.6485 reward -0.036 lr 1.16e-06 611.0 min, 0.46 s/step
  epoch 2/2 step 38050/42360 loss 0.2389 ce 0.5329 reward 0.073 lr 1.15e-06 611.3 min, 0.46 s/step
  epoch 2/2 step 38100/42360 loss -0.8960 ce 0.6120 reward 0.066 lr 1.15e-06 611.8 min, 0.46 s/step
  epoch 2/2 step 38150/42360 loss 0.2423 ce 0.2663 reward 0.423 lr 1.15e-06 612.2 min, 0.46 s/step
  epoch 2/2 step 38200/42360 loss -0.2437 ce 0.3659 reward 0.327 lr 1.14e-06 612.6 min, 0.46 s/step
  epoch 2/2 step 38250/42360 loss 0.4281 ce 0.4678 reward 0.167 lr 1.14e-06 613.0 min, 0.46 s/step
  epoch 2/2 step 38300/42360 loss 0.0883 ce 0.5084 reward 0.160 lr 1.14e-06 613.4 min, 0.46 s/step
  epoch 2/2 step 38350/42360 loss -1.0116 ce 0.6119 reward 0.065 lr 1.13e-06 613.8 min, 0.46 s/step
  epoch 2/2 step 38400/42360 loss 0.2300 ce 0.4181 reward 0.272 lr 1.13e-06 614.1 min, 0.46 s/step
  epoch 2/2 step 38450/42360 loss 0.5525 ce 0.4853 reward 0.140 lr 1.13e-06 614.4 min, 0.46 s/step
  epoch 2/2 step 38500/42360 loss 1.2165 ce 0.6354 reward -0.043 lr 1.12e-06 614.8 min, 0.46 s/step
  epoch 2/2 step 38550/42360 loss 0.6118 ce 0.4519 reward 0.211 lr 1.12e-06 615.2 min, 0.46 s/step
  epoch 2/2 step 38600/42360 loss 0.6965 ce 0.6245 reward 0.053 lr 1.12e-06 615.6 min, 0.46 s/step
  epoch 2/2 step 38650/42360 loss 0.0376 ce 0.4368 reward 0.237 lr 1.11e-06 616.1 min, 0.46 s/step
  epoch 2/2 step 38700/42360 loss 0.4599 ce 0.5150 reward 0.098 lr 1.11e-06 616.4 min, 0.46 s/step
  epoch 2/2 step 38750/42360 loss -0.3138 ce 0.3332 reward 0.336 lr 1.11e-06 616.8 min, 0.46 s/step
  epoch 2/2 step 38800/42360 loss 0.2799 ce 0.3848 reward 0.273 lr 1.10e-06 617.2 min, 0.46 s/step
  epoch 2/2 step 38850/42360 loss 0.2068 ce 0.3907 reward 0.261 lr 1.10e-06 617.6 min, 0.46 s/step
  epoch 2/2 step 38900/42360 loss 0.5549 ce 0.4779 reward 0.165 lr 1.10e-06 618.0 min, 0.46 s/step
  epoch 2/2 step 38950/42360 loss 0.6695 ce 0.5742 reward 0.041 lr 1.10e-06 618.3 min, 0.46 s/step
  epoch 2/2 step 39000/42360 loss 0.4475 ce 0.5360 reward 0.104 lr 1.09e-06 618.7 min, 0.46 s/step
  epoch 2/2 step 39050/42360 loss 0.1078 ce 0.6120 reward 0.066 lr 1.09e-06 619.1 min, 0.46 s/step
  epoch 2/2 step 39100/42360 loss 1.2518 ce 0.9243 reward -0.386 lr 1.09e-06 619.4 min, 0.46 s/step
  epoch 2/2 step 39150/42360 loss -0.7920 ce 0.6680 reward 0.008 lr 1.08e-06 619.9 min, 0.46 s/step
  epoch 2/2 step 39200/42360 loss 0.4002 ce 0.6089 reward 0.069 lr 1.08e-06 620.3 min, 0.46 s/step
  epoch 2/2 step 39250/42360 loss -1.1223 ce 0.3214 reward 0.380 lr 1.08e-06 620.7 min, 0.46 s/step
  epoch 2/2 step 39300/42360 loss 1.0432 ce 0.6691 reward -0.087 lr 1.08e-06 621.1 min, 0.46 s/step
  epoch 2/2 step 39350/42360 loss -0.0154 ce 0.5718 reward 0.114 lr 1.07e-06 621.5 min, 0.46 s/step
  epoch 2/2 step 39400/42360 loss 0.3812 ce 0.8263 reward -0.225 lr 1.07e-06 621.9 min, 0.46 s/step
  epoch 2/2 step 39450/42360 loss -0.0122 ce 0.3789 reward 0.278 lr 1.07e-06 622.2 min, 0.46 s/step
  epoch 2/2 step 39500/42360 loss 0.3156 ce 0.5176 reward 0.112 lr 1.07e-06 622.7 min, 0.46 s/step
  epoch 2/2 step 39550/42360 loss 0.1627 ce 0.6088 reward 0.069 lr 1.06e-06 623.1 min, 0.46 s/step
  epoch 2/2 step 39600/42360 loss 0.3771 ce 0.6946 reward -0.094 lr 1.06e-06 623.4 min, 0.46 s/step
  epoch 2/2 step 39650/42360 loss 0.5708 ce 0.6352 reward -0.020 lr 1.06e-06 623.7 min, 0.46 s/step
  epoch 2/2 step 39700/42360 loss 0.0876 ce 0.3954 reward 0.263 lr 1.06e-06 624.1 min, 0.46 s/step
  epoch 2/2 step 39750/42360 loss 0.2462 ce 0.4434 reward 0.188 lr 1.06e-06 624.6 min, 0.46 s/step
  epoch 2/2 step 39800/42360 loss 0.0500 ce 0.4585 reward 0.206 lr 1.05e-06 624.9 min, 0.46 s/step
  epoch 2/2 step 39850/42360 loss -0.0057 ce 0.6039 reward -0.022 lr 1.05e-06 625.2 min, 0.46 s/step
  epoch 2/2 step 39900/42360 loss -1.2152 ce 0.6307 reward 0.046 lr 1.05e-06 625.6 min, 0.46 s/step
  epoch 2/2 step 39950/42360 loss 0.1293 ce 0.2124 reward 0.495 lr 1.05e-06 626.1 min, 0.46 s/step
  epoch 2/2 step 40000/42360 loss 0.7651 ce 1.0936 reward -0.612 lr 1.05e-06 626.5 min, 0.46 s/step
  epoch 2/2 step 40050/42360 loss -0.2856 ce 0.6088 reward 0.069 lr 1.04e-06 626.8 min, 0.46 s/step
  epoch 2/2 step 40100/42360 loss -0.3606 ce 0.3898 reward 0.300 lr 1.04e-06 627.2 min, 0.46 s/step
  epoch 2/2 step 40150/42360 loss 0.2852 ce 0.7898 reward -0.193 lr 1.04e-06 627.7 min, 0.46 s/step
  epoch 2/2 step 40200/42360 loss 0.7628 ce 0.5315 reward 0.110 lr 1.04e-06 628.0 min, 0.46 s/step
  epoch 2/2 step 40250/42360 loss 0.5323 ce 0.6332 reward -0.053 lr 1.04e-06 628.5 min, 0.46 s/step
  epoch 2/2 step 40300/42360 loss 0.2750 ce 0.3741 reward 0.318 lr 1.03e-06 628.9 min, 0.46 s/step
  epoch 2/2 step 40350/42360 loss -0.0763 ce 0.2354 reward 0.468 lr 1.03e-06 629.3 min, 0.46 s/step
  epoch 2/2 step 40400/42360 loss 0.6264 ce 0.5344 reward 0.112 lr 1.03e-06 629.7 min, 0.46 s/step
  epoch 2/2 step 40450/42360 loss 0.3706 ce 0.5107 reward 0.091 lr 1.03e-06 630.0 min, 0.46 s/step
  epoch 2/2 step 40500/42360 loss 0.1878 ce 0.4508 reward 0.201 lr 1.03e-06 630.4 min, 0.46 s/step
  epoch 2/2 step 40550/42360 loss 0.8990 ce 0.6959 reward -0.125 lr 1.03e-06 630.7 min, 0.46 s/step
  epoch 2/2 step 40600/42360 loss -0.0755 ce 0.3219 reward 0.385 lr 1.03e-06 631.0 min, 0.46 s/step
  epoch 2/2 step 40650/42360 loss 0.3413 ce 0.3792 reward 0.309 lr 1.02e-06 631.4 min, 0.46 s/step
  epoch 2/2 step 40700/42360 loss 0.2951 ce 0.2520 reward 0.441 lr 1.02e-06 631.8 min, 0.46 s/step
  epoch 2/2 step 40750/42360 loss -0.0395 ce 0.5363 reward 0.150 lr 1.02e-06 632.1 min, 0.46 s/step
  epoch 2/2 step 40800/42360 loss 0.1407 ce 0.4049 reward 0.245 lr 1.02e-06 632.5 min, 0.46 s/step
  epoch 2/2 step 40850/42360 loss 0.8454 ce 0.8182 reward -0.261 lr 1.02e-06 632.9 min, 0.46 s/step
  epoch 2/2 step 40900/42360 loss -0.0851 ce 0.6057 reward 0.072 lr 1.02e-06 633.3 min, 0.46 s/step
  epoch 2/2 step 40950/42360 loss 0.2581 ce 0.4170 reward 0.227 lr 1.02e-06 633.8 min, 0.46 s/step
  epoch 2/2 step 41000/42360 loss 0.5189 ce 0.4390 reward 0.193 lr 1.02e-06 634.2 min, 0.46 s/step
  epoch 2/2 step 41050/42360 loss -0.7609 ce 0.5219 reward 0.166 lr 1.01e-06 634.6 min, 0.46 s/step
  epoch 2/2 step 41100/42360 loss 1.0032 ce 0.6017 reward 0.020 lr 1.01e-06 634.9 min, 0.46 s/step
  epoch 2/2 step 41150/42360 loss 0.4845 ce 0.6173 reward -0.028 lr 1.01e-06 635.3 min, 0.46 s/step
  epoch 2/2 step 41200/42360 loss 0.7926 ce 0.5131 reward 0.132 lr 1.01e-06 635.7 min, 0.46 s/step
  epoch 2/2 step 41250/42360 loss 0.5642 ce 0.6320 reward -0.044 lr 1.01e-06 636.1 min, 0.46 s/step
  epoch 2/2 step 41300/42360 loss 0.2134 ce 0.4933 reward 0.119 lr 1.01e-06 636.5 min, 0.46 s/step
  epoch 2/2 step 41350/42360 loss 0.8815 ce 0.4658 reward 0.198 lr 1.01e-06 636.8 min, 0.46 s/step
  epoch 2/2 step 41400/42360 loss 0.1434 ce 0.4470 reward 0.184 lr 1.01e-06 637.2 min, 0.46 s/step
  epoch 2/2 step 41450/42360 loss 0.2668 ce 0.6088 reward 0.069 lr 1.01e-06 637.5 min, 0.46 s/step
  epoch 2/2 step 41500/42360 loss 0.2884 ce 0.5151 reward 0.095 lr 1.01e-06 637.8 min, 0.46 s/step
  epoch 2/2 step 41550/42360 loss 0.7199 ce 0.5193 reward 0.140 lr 1.01e-06 638.2 min, 0.46 s/step
  epoch 2/2 step 41600/42360 loss 0.0329 ce 0.6182 reward 0.059 lr 1.00e-06 638.6 min, 0.46 s/step
  epoch 2/2 step 41650/42360 loss -0.2605 ce 0.2483 reward 0.450 lr 1.00e-06 639.1 min, 0.46 s/step
  epoch 2/2 step 41700/42360 loss -0.1241 ce 0.5194 reward 0.138 lr 1.00e-06 639.4 min, 0.46 s/step
  epoch 2/2 step 41750/42360 loss 0.1069 ce 0.5839 reward 0.009 lr 1.00e-06 639.8 min, 0.46 s/step
  epoch 2/2 step 41800/42360 loss 0.6509 ce 0.6680 reward 0.008 lr 1.00e-06 640.1 min, 0.46 s/step
  epoch 2/2 step 41850/42360 loss 0.2655 ce 0.4816 reward 0.140 lr 1.00e-06 640.5 min, 0.46 s/step
  epoch 2/2 step 41900/42360 loss -0.0935 ce 0.3011 reward 0.402 lr 1.00e-06 640.8 min, 0.46 s/step
  epoch 2/2 step 41950/42360 loss -0.0277 ce 0.4702 reward 0.179 lr 1.00e-06 641.3 min, 0.46 s/step
  epoch 2/2 step 42000/42360 loss 1.1038 ce 1.1237 reward -0.546 lr 1.00e-06 641.7 min, 0.46 s/step
  epoch 2/2 step 42050/42360 loss 0.2907 ce 0.4488 reward 0.227 lr 1.00e-06 642.1 min, 0.46 s/step
  epoch 2/2 step 42100/42360 loss -0.0049 ce 0.6213 reward 0.056 lr 1.00e-06 642.4 min, 0.46 s/step
  epoch 2/2 step 42150/42360 loss 0.4266 ce 0.5111 reward 0.118 lr 1.00e-06 642.8 min, 0.46 s/step
  epoch 2/2 step 42200/42360 loss 0.5008 ce 0.5146 reward 0.106 lr 1.00e-06 643.1 min, 0.46 s/step
  epoch 2/2 step 42250/42360 loss -0.2082 ce 0.3899 reward 0.300 lr 1.00e-06 643.6 min, 0.46 s/step
  epoch 2/2 step 42300/42360 loss 0.7871 ce 0.3062 reward 0.377 lr 1.00e-06 643.9 min, 0.46 s/step
  epoch 2/2 step 42350/42360 loss -1.4307 ce 0.6151 reward 0.063 lr 1.00e-06 644.3 min, 0.46 s/step
=== epoch 2 done, avg loss 0.2199, 644.4 min ===
calibrating temperatures
temperatures (choice, score, noul): [1.056, 1.086, 1.225]
saved to /work/thai/out/laya-th-run7 after 644.7 min
== [05:55] 3/5 eval: cs7 held-out (run 5 / run 6 / run 7)
student vs teacher on /work/thai/data/cs/cs7_eval.jsonl:
  choice  n=23452 argmax agreement 0.731  mean TV distance 0.274
  noul    n=17589 argmax agreement 0.957  mean TV distance 0.098
  score   n=11726 argmax agreement 0.798  mean TV distance 0.145

/work/thai/out/laya-th-run5: 5863 eval records, 79 ms/record
overall: 12350 decisions, accuracy 0.702, Brier 0.504, ECE 0.152
source:type                      n    acc  brier    mae
banking:choice                1256  0.817  0.290 
ecommerce:choice              5970  0.572  0.731 
insurance:choice              1552  0.744  0.420 
other_gen:choice               530  0.800  0.346 
telecom:choice                1170  0.797  0.334 
wisesight:choice              1872  0.912  0.143 
tickets: department 5/5  refund 5/5  frustration MAE 0.40
   โดนหักเงินซ้ำสองครั้งเมื่อวานน billing   p=0.98 frustration=1.90 refund=0.98
   เน็ตบ้านหลุดบ่อยมากตั้งแต่เมื่ technical p=0.98 frustration=1.69 refund=0.03
   สนใจเปลี่ยนเป็นแพ็กเกจ 5G ที่โ sales     p=0.97 frustration=0.20 refund=0.02
   ใบแจ้งหนี้เดือนนี้แพงกว่าปกติ  billing   p=0.99 frustration=0.94 refund=0.04
   แอปล็อกอินไม่ได้ ขึ้นว่ารหัสผิ technical p=0.54 frustration=1.93 refund=0.12
student vs teacher on /work/thai/data/cs/cs7_eval.jsonl:
  choice  n=23452 argmax agreement 0.923  mean TV distance 0.074
  noul    n=17589 argmax agreement 0.993  mean TV distance 0.020
  score   n=11726 argmax agreement 0.881  mean TV distance 0.089

/work/thai/out/laya-th-run6: 5863 eval records, 79 ms/record
overall: 12350 decisions, accuracy 0.961, Brier 0.071, ECE 0.075
source:type                      n    acc  brier    mae
banking:choice                1256  0.986  0.028 
ecommerce:choice              5970  0.998  0.012 
insurance:choice              1552  0.965  0.064 
other_gen:choice               530  0.619  0.651 
telecom:choice                1170  0.954  0.070 
wisesight:choice              1872  0.920  0.127 
tickets: department 5/5  refund 5/5  frustration MAE 0.49
   โดนหักเงินซ้ำสองครั้งเมื่อวานน billing   p=0.95 frustration=1.83 refund=0.95
   เน็ตบ้านหลุดบ่อยมากตั้งแต่เมื่ technical p=0.98 frustration=1.61 refund=0.06
   สนใจเปลี่ยนเป็นแพ็กเกจ 5G ที่โ sales     p=0.98 frustration=0.39 refund=0.06
   ใบแจ้งหนี้เดือนนี้แพงกว่าปกติ  billing   p=0.99 frustration=1.17 refund=0.23
   แอปล็อกอินไม่ได้ ขึ้นว่ารหัสผิ technical p=0.63 frustration=1.89 refund=0.23
student vs teacher on /work/thai/data/cs/cs7_eval.jsonl:
  choice  n=23452 argmax agreement 0.926  mean TV distance 0.072
  noul    n=17589 argmax agreement 0.993  mean TV distance 0.032
  score   n=11726 argmax agreement 0.878  mean TV distance 0.089

/work/thai/out/laya-th-run7: 5863 eval records, 79 ms/record
overall: 12350 decisions, accuracy 0.970, Brier 0.053, ECE 0.085
source:type                      n    acc  brier    mae
banking:choice                1256  0.984  0.034 
ecommerce:choice              5970  0.996  0.017 
insurance:choice              1552  0.947  0.087 
other_gen:choice               530  0.983  0.040 
telecom:choice                1170  0.961  0.064 
wisesight:choice              1872  0.900  0.153 
tickets: department 4/5  refund 5/5  frustration MAE 0.47
   โดนหักเงินซ้ำสองครั้งเมื่อวานน billing   p=0.94 frustration=1.86 refund=0.94
   เน็ตบ้านหลุดบ่อยมากตั้งแต่เมื่ technical p=0.99 frustration=1.67 refund=0.14
   สนใจเปลี่ยนเป็นแพ็กเกจ 5G ที่โ sales     p=0.97 frustration=0.34 refund=0.07
   ใบแจ้งหนี้เดือนนี้แพงกว่าปกติ  billing   p=1.00 frustration=1.10 refund=0.24
   แอปล็อกอินไม่ได้ ขึ้นว่ารหัสผิ billing   p=0.53 frustration=1.91 refund=0.29
== [07:48] 4/5 eval run 7 on the public set
student vs teacher on /work/thai/data/distill3_eval.jsonl:
  choice  n= 2528 argmax agreement 0.695  mean TV distance 0.309
  noul    n= 2483 argmax agreement 0.896  mean TV distance 0.127
  score   n= 1117 argmax agreement 0.676  mean TV distance 0.267

/work/thai/out/laya-th-run7: 1704 eval records, 38 ms/record
overall: 2455 decisions, accuracy 0.782, Brier 0.368, ECE 0.144
source:type                      n    acc  brier    mae
massive_th:choice              300  0.813  0.289 
prachathai:choice              163  0.877  0.236 
prachathai:noul                588  0.900  0.184 
sib200_th:choice               204  0.632  0.554 
wisesight:choice               300  0.700  0.441 
wongnai:score                  300  0.617  0.687  0.410
xnli_th:choice                 300  0.747  0.453 
xnli_th:noul                   300  0.850  0.273 
tickets: department 4/5  refund 5/5  frustration MAE 0.47
   โดนหักเงินซ้ำสองครั้งเมื่อวานน billing   p=0.94 frustration=1.86 refund=0.94
   เน็ตบ้านหลุดบ่อยมากตั้งแต่เมื่ technical p=0.99 frustration=1.67 refund=0.14
   สนใจเปลี่ยนเป็นแพ็กเกจ 5G ที่โ sales     p=0.97 frustration=0.34 refund=0.07
   ใบแจ้งหนี้เดือนนี้แพงกว่าปกติ  billing   p=1.00 frustration=1.10 refund=0.24
   แอปล็อกอินไม่ได้ ขึ้นว่ารหัสผิ billing   p=0.53 frustration=1.91 refund=0.29
== [07:52] 5/5 restore :8011 (still run 6) and permissions
== [07:52] done
