== [09:54] 1/5 label: cs7 records (e-commerce capped) + banking77/insurance-qa (teacher-gated) + Pantip hand labels; cascade stopped
reusing 87628 records from cs7 {'ecommerce': 30000, 'telecom': 11814, 'wisesight': 12000, 'insurance': 16369, 'banking': 12425, 'other_gen': 5020}
29665 records to label: {'pantip_telecom': 400, 'pantip_banking': 400, 'pantip_insurance': 132, 'b77': 19975, 'iqa': 8758}
  2000/29665 labelled, 13.8 min, 2.4 rec/s
  4000/29665 labelled, 28.0 min, 2.4 rec/s
  6000/29665 labelled, 42.2 min, 2.4 rec/s
  8000/29665 labelled, 56.5 min, 2.4 rec/s
  10000/29665 labelled, 72.2 min, 2.3 rec/s
  12000/29665 labelled, 86.8 min, 2.3 rec/s
  14000/29665 labelled, 101.0 min, 2.3 rec/s
  16000/29665 labelled, 115.2 min, 2.3 rec/s
  18000/29665 labelled, 129.5 min, 2.3 rec/s
  20000/29665 labelled, 143.7 min, 2.3 rec/s
  22000/29665 labelled, 155.9 min, 2.4 rec/s
  24000/29665 labelled, 166.6 min, 2.4 rec/s
  26000/29665 labelled, 177.4 min, 2.4 rec/s
  28000/29665 labelled, 188.1 min, 2.5 rec/s
teacher labelled 20180/29665 in 197.0 min; gated out {'b77': 6585, 'iqa': 2900}
{
  "records": 107808,
  "train_records": 102363,
  "eval_records": 5445,
  "items": 329156,
  "dropped": 0,
  "by_source": {
    "ecommerce": 30000,
    "telecom": 11814,
    "wisesight": 12000,
    "insurance": 16369,
    "banking": 12425,
    "other_gen": 5020,
    "pantip_telecom": 400,
    "pantip_banking": 400,
    "pantip_insurance": 132,
    "b77": 13390,
    "iqa": 5858
  },
  "items_by_source": {
    "banking": 35385,
    "ecommerce": 85185,
    "insurance": 46680,
    "b77": 38199,
    "wisesight": 34173,
    "telecom": 33843,
    "iqa": 16701,
    "other_gen": 14277,
    "pantip_telecom": 10845,
    "pantip_banking": 10557,
    "pantip_insurance": 3311
  },
  "by_type": {
    "choice": 193548,
    "noul": 78682,
    "score": 56926
  },
  "gated_out": {
    "b77": 6585,
    "iqa": 2900
  },
  "min_p": 0.3,
  "ecom_cap": 30000,
  "pantip_repeat": 6,
  "questions_per_record": 3,
  "smooth": 0.1,
  "intents": {
    "telecom": 31,
    "banking": 45,
    "insurance": 40,
    "ecommerce": 21
  },
  "head_max_len": 768,
  "max_len": 1024,
  "mean_len": 240.7154935653611,
  "teachers": [
    "http://172.18.72.145:8010"
  ],
  "minutes": 200.1
}
== [13:14] 2/5 train from run 3 (cs8_items + human items, 2 epochs)
  /work/thai/data/cs/cs8_items.pt: 329156 items
  /work/thai/data/train_items768.pt: 10674 items
train: 339830 items, 2 epochs, 21238 updates, micro 8 x accum 4
  epoch 1/2 step 50/42479 loss 0.4427 ce 0.4165 reward 0.235 lr 2.50e-05 0.4 min, 0.50 s/step
  epoch 1/2 step 100/42479 loss 0.5765 ce 0.7090 reward -0.270 lr 2.50e-05 0.8 min, 0.46 s/step
  epoch 1/2 step 150/42479 loss 1.0478 ce 1.0386 reward -0.586 lr 2.50e-05 1.2 min, 0.48 s/step
  epoch 1/2 step 200/42479 loss 0.5810 ce 1.7591 reward -1.381 lr 2.50e-05 1.6 min, 0.47 s/step
  epoch 1/2 step 250/42479 loss 0.5281 ce 0.6515 reward -0.067 lr 2.50e-05 2.0 min, 0.47 s/step
  epoch 1/2 step 300/42479 loss 0.7133 ce 0.7665 reward -0.231 lr 2.50e-05 2.4 min, 0.47 s/step
  epoch 1/2 step 350/42479 loss 0.2546 ce 0.4247 reward 0.184 lr 2.50e-05 2.8 min, 0.49 s/step
  epoch 1/2 step 400/42479 loss 0.7951 ce 0.8094 reward -0.258 lr 2.50e-05 3.2 min, 0.48 s/step
  epoch 1/2 step 450/42479 loss 0.4949 ce 0.6584 reward -0.171 lr 2.50e-05 3.5 min, 0.47 s/step
  epoch 1/2 step 500/42479 loss 0.3256 ce 0.4869 reward 0.080 lr 2.50e-05 3.9 min, 0.47 s/step
  epoch 1/2 step 550/42479 loss -0.4315 ce 0.5228 reward 0.046 lr 2.50e-05 4.4 min, 0.48 s/step
  epoch 1/2 step 600/42479 loss 0.2041 ce 0.3544 reward 0.296 lr 2.50e-05 4.8 min, 0.48 s/step
  epoch 1/2 step 650/42479 loss 0.7626 ce 0.9998 reward -0.629 lr 2.50e-05 5.2 min, 0.48 s/step
  epoch 1/2 step 700/42479 loss 1.4382 ce 0.9974 reward -0.479 lr 2.50e-05 5.6 min, 0.48 s/step
  epoch 1/2 step 750/42479 loss 0.7599 ce 0.4770 reward 0.167 lr 2.50e-05 6.0 min, 0.48 s/step
  epoch 1/2 step 800/42479 loss 0.4982 ce 0.8332 reward -0.316 lr 2.50e-05 6.4 min, 0.48 s/step
  epoch 1/2 step 850/42479 loss -0.1130 ce 0.4166 reward 0.175 lr 2.50e-05 6.8 min, 0.48 s/step
  epoch 1/2 step 900/42479 loss 0.8427 ce 0.9270 reward -0.458 lr 2.50e-05 7.2 min, 0.48 s/step
  epoch 1/2 step 950/42479 loss 0.1046 ce 0.7045 reward -0.149 lr 2.50e-05 7.6 min, 0.48 s/step
  epoch 1/2 step 1000/42479 loss 0.1054 ce 0.5550 reward -0.004 lr 2.50e-05 8.0 min, 0.48 s/step
  epoch 1/2 step 1050/42479 loss 1.2371 ce 1.0987 reward -0.608 lr 2.50e-05 8.4 min, 0.48 s/step
  epoch 1/2 step 1100/42479 loss 0.1654 ce 0.5499 reward 0.014 lr 2.50e-05 8.8 min, 0.48 s/step
  epoch 1/2 step 1150/42479 loss -0.5166 ce 0.7054 reward -0.293 lr 2.50e-05 9.2 min, 0.48 s/step
  epoch 1/2 step 1200/42479 loss 0.3271 ce 0.3251 reward 0.359 lr 2.50e-05 9.5 min, 0.48 s/step
  epoch 1/2 step 1250/42479 loss 0.7837 ce 0.9803 reward -0.482 lr 2.50e-05 9.9 min, 0.48 s/step
  epoch 1/2 step 1300/42479 loss -0.0942 ce 0.3927 reward 0.238 lr 2.50e-05 10.4 min, 0.48 s/step
  epoch 1/2 step 1350/42479 loss 0.1314 ce 0.4340 reward 0.170 lr 2.50e-05 10.8 min, 0.48 s/step
  epoch 1/2 step 1400/42479 loss 0.6047 ce 0.6808 reward -0.132 lr 2.50e-05 11.1 min, 0.48 s/step
  epoch 1/2 step 1450/42479 loss 0.5838 ce 0.8217 reward -0.309 lr 2.50e-05 11.5 min, 0.48 s/step
  epoch 1/2 step 1500/42479 loss -0.4636 ce 0.4843 reward 0.093 lr 2.50e-05 11.8 min, 0.47 s/step
  epoch 1/2 step 1550/42479 loss 1.0261 ce 1.3328 reward -0.907 lr 2.50e-05 12.2 min, 0.47 s/step
  epoch 1/2 step 1600/42479 loss 0.1005 ce 0.4412 reward 0.133 lr 2.50e-05 12.6 min, 0.47 s/step
  epoch 1/2 step 1650/42479 loss 0.4660 ce 0.4822 reward 0.134 lr 2.50e-05 13.0 min, 0.47 s/step
  epoch 1/2 step 1700/42479 loss 0.3874 ce 0.6240 reward -0.103 lr 2.50e-05 13.4 min, 0.47 s/step
  epoch 1/2 step 1750/42479 loss 0.5231 ce 0.6422 reward -0.084 lr 2.50e-05 13.8 min, 0.47 s/step
  epoch 1/2 step 1800/42479 loss 0.4643 ce 0.6963 reward -0.106 lr 2.50e-05 14.1 min, 0.47 s/step
  epoch 1/2 step 1850/42479 loss 0.2092 ce 0.5296 reward 0.053 lr 2.50e-05 14.7 min, 0.48 s/step
  epoch 1/2 step 1900/42479 loss 0.4045 ce 0.7303 reward -0.190 lr 2.50e-05 15.1 min, 0.48 s/step
  epoch 1/2 step 1950/42479 loss 0.4968 ce 0.4544 reward 0.159 lr 2.50e-05 15.5 min, 0.48 s/step
  epoch 1/2 step 2000/42479 loss 0.4018 ce 0.6642 reward -0.170 lr 2.50e-05 15.9 min, 0.48 s/step
  epoch 1/2 step 2050/42479 loss 0.0986 ce 0.3778 reward 0.221 lr 2.50e-05 16.3 min, 0.48 s/step
  epoch 1/2 step 2100/42479 loss -0.0102 ce 0.8689 reward -0.237 lr 2.50e-05 16.7 min, 0.48 s/step
  epoch 1/2 step 2150/42479 loss 0.4419 ce 0.5312 reward 0.128 lr 2.50e-05 17.1 min, 0.48 s/step
  epoch 1/2 step 2200/42479 loss 0.6965 ce 0.7536 reward -0.191 lr 2.50e-05 17.5 min, 0.48 s/step
  epoch 1/2 step 2250/42479 loss 0.6247 ce 0.3743 reward 0.257 lr 2.50e-05 17.8 min, 0.48 s/step
  epoch 1/2 step 2300/42479 loss 1.0417 ce 1.2562 reward -0.764 lr 2.50e-05 18.1 min, 0.47 s/step
  epoch 1/2 step 2350/42479 loss 0.4171 ce 0.7397 reward -0.082 lr 2.50e-05 18.5 min, 0.47 s/step
  epoch 1/2 step 2400/42479 loss -0.0439 ce 0.4079 reward 0.226 lr 2.50e-05 18.9 min, 0.47 s/step
  epoch 1/2 step 2450/42479 loss 0.4715 ce 0.5292 reward 0.076 lr 2.50e-05 19.3 min, 0.47 s/step
  epoch 1/2 step 2500/42479 loss 0.3138 ce 0.4570 reward 0.140 lr 2.49e-05 19.6 min, 0.47 s/step
  epoch 1/2 step 2550/42479 loss 0.0342 ce 0.4176 reward 0.162 lr 2.49e-05 20.0 min, 0.47 s/step
  epoch 1/2 step 2600/42479 loss 1.4992 ce 1.1907 reward -0.718 lr 2.49e-05 20.4 min, 0.47 s/step
  epoch 1/2 step 2650/42479 loss 0.1973 ce 0.4672 reward 0.110 lr 2.49e-05 20.9 min, 0.47 s/step
  epoch 1/2 step 2700/42479 loss 0.5640 ce 0.6666 reward -0.059 lr 2.49e-05 21.3 min, 0.47 s/step
  epoch 1/2 step 2750/42479 loss -0.2931 ce 0.3677 reward 0.240 lr 2.49e-05 21.7 min, 0.47 s/step
  epoch 1/2 step 2800/42479 loss -0.0560 ce 0.5932 reward -0.065 lr 2.49e-05 22.1 min, 0.47 s/step
  epoch 1/2 step 2850/42479 loss 2.1759 ce 2.2268 reward -1.957 lr 2.49e-05 22.7 min, 0.48 s/step
  epoch 1/2 step 2900/42479 loss 0.3189 ce 0.5342 reward -0.013 lr 2.49e-05 23.2 min, 0.48 s/step
  epoch 1/2 step 2950/42479 loss 0.3845 ce 0.6330 reward -0.028 lr 2.49e-05 23.7 min, 0.48 s/step
  epoch 1/2 step 3000/42479 loss 0.2709 ce 0.6220 reward -0.078 lr 2.49e-05 24.0 min, 0.48 s/step
  epoch 1/2 step 3050/42479 loss 0.4325 ce 0.5176 reward 0.091 lr 2.49e-05 24.5 min, 0.48 s/step
  epoch 1/2 step 3100/42479 loss -0.3337 ce 0.2826 reward 0.396 lr 2.49e-05 24.9 min, 0.48 s/step
  epoch 1/2 step 3150/42479 loss 0.6646 ce 0.7256 reward -0.152 lr 2.49e-05 25.5 min, 0.49 s/step
  epoch 1/2 step 3200/42479 loss 0.5522 ce 0.4946 reward 0.137 lr 2.49e-05 25.9 min, 0.49 s/step
  epoch 1/2 step 3250/42479 loss 0.7751 ce 0.6631 reward -0.138 lr 2.49e-05 26.4 min, 0.49 s/step
  epoch 1/2 step 3300/42479 loss 0.4148 ce 0.5225 reward 0.037 lr 2.49e-05 26.7 min, 0.49 s/step
  epoch 1/2 step 3350/42479 loss 0.1684 ce 0.5088 reward 0.124 lr 2.49e-05 27.1 min, 0.48 s/step
  epoch 1/2 step 3400/42479 loss 0.0537 ce 0.3665 reward 0.316 lr 2.49e-05 27.4 min, 0.48 s/step
  epoch 1/2 step 3450/42479 loss 0.2947 ce 0.8003 reward -0.174 lr 2.49e-05 27.9 min, 0.48 s/step
  epoch 1/2 step 3500/42479 loss 0.3299 ce 0.5551 reward 0.013 lr 2.49e-05 28.2 min, 0.48 s/step
  epoch 1/2 step 3550/42479 loss -0.0844 ce 0.3325 reward 0.356 lr 2.49e-05 28.7 min, 0.49 s/step
  epoch 1/2 step 3600/42479 loss 0.3159 ce 0.7697 reward -0.298 lr 2.49e-05 29.1 min, 0.49 s/step
  epoch 1/2 step 3650/42479 loss 0.6487 ce 0.6013 reward 0.049 lr 2.49e-05 29.5 min, 0.49 s/step
  epoch 1/2 step 3700/42479 loss 0.0095 ce 0.2542 reward 0.429 lr 2.49e-05 30.0 min, 0.49 s/step
  epoch 1/2 step 3750/42479 loss 0.0746 ce 0.7273 reward -0.252 lr 2.49e-05 30.4 min, 0.49 s/step
  epoch 1/2 step 3800/42479 loss 0.1669 ce 0.4833 reward 0.125 lr 2.49e-05 30.8 min, 0.49 s/step
  epoch 1/2 step 3850/42479 loss 0.2433 ce 0.4231 reward 0.177 lr 2.49e-05 31.2 min, 0.49 s/step
  epoch 1/2 step 3900/42479 loss 0.8733 ce 0.8710 reward -0.266 lr 2.49e-05 31.7 min, 0.49 s/step
  epoch 1/2 step 3950/42479 loss 0.8188 ce 0.8036 reward -0.287 lr 2.49e-05 32.1 min, 0.49 s/step
  epoch 1/2 step 4000/42479 loss 0.4376 ce 0.8353 reward -0.207 lr 2.49e-05 32.6 min, 0.49 s/step
  epoch 1/2 step 4050/42479 loss 0.0628 ce 0.3196 reward 0.340 lr 2.49e-05 33.0 min, 0.49 s/step
  epoch 1/2 step 4100/42479 loss 0.5866 ce 0.4258 reward 0.205 lr 2.49e-05 33.4 min, 0.49 s/step
  epoch 1/2 step 4150/42479 loss 0.0352 ce 0.4486 reward 0.126 lr 2.49e-05 33.8 min, 0.49 s/step
  epoch 1/2 step 4200/42479 loss 0.0702 ce 0.6177 reward -0.224 lr 2.49e-05 34.2 min, 0.49 s/step
  epoch 1/2 step 4250/42479 loss 0.3518 ce 0.6348 reward -0.122 lr 2.49e-05 34.6 min, 0.49 s/step
  epoch 1/2 step 4300/42479 loss -0.2204 ce 0.4187 reward 0.245 lr 2.48e-05 35.1 min, 0.49 s/step
  epoch 1/2 step 4350/42479 loss 0.3085 ce 0.4085 reward 0.191 lr 2.48e-05 35.5 min, 0.49 s/step
  epoch 1/2 step 4400/42479 loss 0.6589 ce 0.5623 reward 0.010 lr 2.48e-05 35.9 min, 0.49 s/step
  epoch 1/2 step 4450/42479 loss 0.3176 ce 0.6209 reward -0.065 lr 2.48e-05 36.3 min, 0.49 s/step
  epoch 1/2 step 4500/42479 loss 0.2580 ce 0.4133 reward 0.174 lr 2.48e-05 36.7 min, 0.49 s/step
  epoch 1/2 step 4550/42479 loss 0.3444 ce 0.8836 reward -0.421 lr 2.48e-05 37.2 min, 0.49 s/step
  epoch 1/2 step 4600/42479 loss 0.3897 ce 0.5640 reward 0.003 lr 2.48e-05 37.5 min, 0.49 s/step
  epoch 1/2 step 4650/42479 loss 0.5920 ce 0.7320 reward -0.166 lr 2.48e-05 38.0 min, 0.49 s/step
  epoch 1/2 step 4700/42479 loss 0.1689 ce 0.3740 reward 0.243 lr 2.48e-05 38.4 min, 0.49 s/step
  epoch 1/2 step 4750/42479 loss 0.3788 ce 0.5856 reward -0.014 lr 2.48e-05 38.8 min, 0.49 s/step
  epoch 1/2 step 4800/42479 loss -0.1952 ce 0.1022 reward 0.627 lr 2.48e-05 39.4 min, 0.49 s/step
  epoch 1/2 step 4850/42479 loss -0.0261 ce 0.5230 reward 0.039 lr 2.48e-05 39.7 min, 0.49 s/step
  epoch 1/2 step 4900/42479 loss -0.0738 ce 0.2166 reward 0.437 lr 2.48e-05 40.2 min, 0.49 s/step
  epoch 1/2 step 4950/42479 loss 0.1851 ce 0.4000 reward 0.273 lr 2.48e-05 40.6 min, 0.49 s/step
  epoch 1/2 step 5000/42479 loss 0.8586 ce 1.1590 reward -0.681 lr 2.48e-05 41.0 min, 0.49 s/step
  epoch 1/2 step 5050/42479 loss 0.0107 ce 0.6958 reward -0.160 lr 2.48e-05 41.3 min, 0.49 s/step
  epoch 1/2 step 5100/42479 loss 0.0312 ce 0.5061 reward 0.075 lr 2.48e-05 41.7 min, 0.49 s/step
  epoch 1/2 step 5150/42479 loss 0.4672 ce 0.9587 reward -0.558 lr 2.48e-05 42.2 min, 0.49 s/step
  epoch 1/2 step 5200/42479 loss 2.9796 ce 1.8420 reward -1.327 lr 2.48e-05 42.6 min, 0.49 s/step
  epoch 1/2 step 5250/42479 loss -0.1502 ce 0.3975 reward 0.282 lr 2.48e-05 43.1 min, 0.49 s/step
  epoch 1/2 step 5300/42479 loss 0.3649 ce 0.4162 reward 0.226 lr 2.48e-05 43.5 min, 0.49 s/step
  epoch 1/2 step 5350/42479 loss -0.2200 ce 0.6103 reward 0.047 lr 2.48e-05 44.0 min, 0.49 s/step
  epoch 1/2 step 5400/42479 loss 1.6282 ce 1.1789 reward -0.525 lr 2.48e-05 44.4 min, 0.49 s/step
  epoch 1/2 step 5450/42479 loss 0.5800 ce 0.7817 reward -0.255 lr 2.48e-05 44.9 min, 0.49 s/step
  epoch 1/2 step 5500/42479 loss -0.0518 ce 0.3262 reward 0.344 lr 2.48e-05 45.2 min, 0.49 s/step
  epoch 1/2 step 5550/42479 loss 0.6705 ce 0.4919 reward 0.103 lr 2.47e-05 45.7 min, 0.49 s/step
  epoch 1/2 step 5600/42479 loss 0.8158 ce 1.0861 reward -0.584 lr 2.47e-05 46.0 min, 0.49 s/step
  epoch 1/2 step 5650/42479 loss 0.3632 ce 0.5623 reward 0.064 lr 2.47e-05 46.5 min, 0.49 s/step
  epoch 1/2 step 5700/42479 loss 0.4174 ce 0.6261 reward -0.091 lr 2.47e-05 46.9 min, 0.49 s/step
  epoch 1/2 step 5750/42479 loss -0.2998 ce 0.6108 reward 0.059 lr 2.47e-05 47.4 min, 0.49 s/step
  epoch 1/2 step 5800/42479 loss -0.8752 ce 0.8319 reward -0.191 lr 2.47e-05 47.7 min, 0.49 s/step
  epoch 1/2 step 5850/42479 loss 0.6185 ce 0.3212 reward 0.348 lr 2.47e-05 48.1 min, 0.49 s/step
  epoch 1/2 step 5900/42479 loss 0.7917 ce 0.7403 reward -0.110 lr 2.47e-05 48.4 min, 0.49 s/step
  epoch 1/2 step 5950/42479 loss 0.2232 ce 0.3707 reward 0.262 lr 2.47e-05 48.9 min, 0.49 s/step
  epoch 1/2 step 6000/42479 loss 0.4382 ce 0.7813 reward -0.301 lr 2.47e-05 49.3 min, 0.49 s/step
  epoch 1/2 step 6050/42479 loss 0.5154 ce 0.7330 reward -0.303 lr 2.47e-05 49.7 min, 0.49 s/step
  epoch 1/2 step 6100/42479 loss 0.6893 ce 0.5510 reward 0.069 lr 2.47e-05 50.0 min, 0.49 s/step
  epoch 1/2 step 6150/42479 loss 2.8620 ce 1.2116 reward -0.641 lr 2.47e-05 50.4 min, 0.49 s/step
  epoch 1/2 step 6200/42479 loss 0.6543 ce 0.4478 reward 0.184 lr 2.47e-05 50.8 min, 0.49 s/step
  epoch 1/2 step 6250/42479 loss -0.1069 ce 0.3166 reward 0.368 lr 2.47e-05 51.2 min, 0.49 s/step
  epoch 1/2 step 6300/42479 loss 1.3292 ce 1.5500 reward -1.223 lr 2.47e-05 51.8 min, 0.49 s/step
  epoch 1/2 step 6350/42479 loss 0.2024 ce 0.4281 reward 0.230 lr 2.47e-05 52.2 min, 0.49 s/step
  epoch 1/2 step 6400/42479 loss -0.0600 ce 0.2546 reward 0.407 lr 2.47e-05 52.6 min, 0.49 s/step
  epoch 1/2 step 6450/42479 loss 0.4123 ce 0.7182 reward -0.258 lr 2.47e-05 53.0 min, 0.49 s/step
  epoch 1/2 step 6500/42479 loss 0.3298 ce 0.6035 reward -0.011 lr 2.47e-05 53.3 min, 0.49 s/step
  epoch 1/2 step 6550/42479 loss 0.2011 ce 0.5447 reward 0.025 lr 2.46e-05 53.7 min, 0.49 s/step
  epoch 1/2 step 6600/42479 loss 0.1343 ce 0.3979 reward 0.212 lr 2.46e-05 54.1 min, 0.49 s/step
  epoch 1/2 step 6650/42479 loss 0.4202 ce 0.4327 reward 0.182 lr 2.46e-05 54.5 min, 0.49 s/step
  epoch 1/2 step 6700/42479 loss -0.5488 ce 0.6069 reward 0.058 lr 2.46e-05 55.0 min, 0.49 s/step
  epoch 1/2 step 6750/42479 loss 0.0702 ce 0.3590 reward 0.327 lr 2.46e-05 55.4 min, 0.49 s/step
  epoch 1/2 step 6800/42479 loss 0.2060 ce 0.4978 reward 0.074 lr 2.46e-05 55.8 min, 0.49 s/step
  epoch 1/2 step 6850/42479 loss 0.8105 ce 0.7706 reward -0.167 lr 2.46e-05 56.3 min, 0.49 s/step
  epoch 1/2 step 6900/42479 loss 0.1615 ce 0.3193 reward 0.343 lr 2.46e-05 56.7 min, 0.49 s/step
  epoch 1/2 step 6950/42479 loss 0.4160 ce 0.7079 reward -0.146 lr 2.46e-05 57.2 min, 0.49 s/step
  epoch 1/2 step 7000/42479 loss 0.4177 ce 0.4199 reward 0.198 lr 2.46e-05 57.6 min, 0.49 s/step
  epoch 1/2 step 7050/42479 loss 0.8060 ce 1.0392 reward -0.591 lr 2.46e-05 58.0 min, 0.49 s/step
  epoch 1/2 step 7100/42479 loss 0.4176 ce 0.6512 reward -0.114 lr 2.46e-05 58.4 min, 0.49 s/step
  epoch 1/2 step 7150/42479 loss 0.2820 ce 0.4259 reward 0.221 lr 2.46e-05 58.8 min, 0.49 s/step
  epoch 1/2 step 7200/42479 loss 0.4729 ce 0.4605 reward 0.136 lr 2.46e-05 59.3 min, 0.49 s/step
  epoch 1/2 step 7250/42479 loss 0.0758 ce 0.4632 reward 0.129 lr 2.46e-05 59.7 min, 0.49 s/step
  epoch 1/2 step 7300/42479 loss 0.1092 ce 0.4214 reward 0.235 lr 2.46e-05 60.2 min, 0.49 s/step
  epoch 1/2 step 7350/42479 loss -0.3090 ce 0.3945 reward 0.286 lr 2.46e-05 60.6 min, 0.49 s/step
  epoch 1/2 step 7400/42479 loss 0.0273 ce 0.3054 reward 0.347 lr 2.46e-05 60.9 min, 0.49 s/step
  epoch 1/2 step 7450/42479 loss 0.6089 ce 0.9294 reward -0.335 lr 2.45e-05 61.4 min, 0.49 s/step
  epoch 1/2 step 7500/42479 loss 0.9774 ce 1.2521 reward -0.651 lr 2.45e-05 61.7 min, 0.49 s/step
  epoch 1/2 step 7550/42479 loss 0.3438 ce 0.5673 reward -0.032 lr 2.45e-05 62.2 min, 0.49 s/step
  epoch 1/2 step 7600/42479 loss 0.1443 ce 0.4241 reward 0.185 lr 2.45e-05 62.6 min, 0.49 s/step
  epoch 1/2 step 7650/42479 loss 0.5672 ce 0.4385 reward 0.192 lr 2.45e-05 63.2 min, 0.50 s/step
  epoch 1/2 step 7700/42479 loss 0.6785 ce 0.6449 reward -0.094 lr 2.45e-05 63.5 min, 0.50 s/step
  epoch 1/2 step 7750/42479 loss 0.0031 ce 0.3123 reward 0.355 lr 2.45e-05 63.9 min, 0.49 s/step
  epoch 1/2 step 7800/42479 loss -0.1645 ce 0.4820 reward 0.063 lr 2.45e-05 64.4 min, 0.50 s/step
  epoch 1/2 step 7850/42479 loss -0.2345 ce 0.6981 reward -0.045 lr 2.45e-05 64.8 min, 0.50 s/step
  epoch 1/2 step 7900/42479 loss 0.6524 ce 0.5736 reward -0.030 lr 2.45e-05 65.3 min, 0.50 s/step
  epoch 1/2 step 7950/42479 loss -0.0996 ce 0.2974 reward 0.388 lr 2.45e-05 65.6 min, 0.50 s/step
  epoch 1/2 step 8000/42479 loss 0.3184 ce 0.5384 reward 0.045 lr 2.45e-05 66.0 min, 0.49 s/step
  epoch 1/2 step 8050/42479 loss 0.7085 ce 0.6450 reward -0.139 lr 2.45e-05 66.3 min, 0.49 s/step
  epoch 1/2 step 8100/42479 loss 0.2477 ce 0.6808 reward -0.020 lr 2.45e-05 66.9 min, 0.50 s/step
  epoch 1/2 step 8150/42479 loss 0.1329 ce 0.2887 reward 0.388 lr 2.45e-05 67.2 min, 0.49 s/step
  epoch 1/2 step 8200/42479 loss -0.7067 ce 0.6086 reward 0.050 lr 2.45e-05 67.7 min, 0.50 s/step
  epoch 1/2 step 8250/42479 loss 0.0977 ce 0.3620 reward 0.259 lr 2.44e-05 68.1 min, 0.50 s/step
  epoch 1/2 step 8300/42479 loss 0.4001 ce 0.3328 reward 0.345 lr 2.44e-05 68.6 min, 0.50 s/step
  epoch 1/2 step 8350/42479 loss 0.6570 ce 0.7367 reward -0.146 lr 2.44e-05 69.0 min, 0.50 s/step
  epoch 1/2 step 8400/42479 loss 0.2174 ce 0.4984 reward 0.168 lr 2.44e-05 69.4 min, 0.50 s/step
  epoch 1/2 step 8450/42479 loss 0.0884 ce 0.2843 reward 0.389 lr 2.44e-05 69.7 min, 0.50 s/step
  epoch 1/2 step 8500/42479 loss 0.6536 ce 0.8091 reward -0.274 lr 2.44e-05 70.2 min, 0.50 s/step
  epoch 1/2 step 8550/42479 loss 0.6804 ce 0.4452 reward 0.178 lr 2.44e-05 70.6 min, 0.50 s/step
  epoch 1/2 step 8600/42479 loss 0.3411 ce 0.5539 reward 0.005 lr 2.44e-05 71.0 min, 0.50 s/step
  epoch 1/2 step 8650/42479 loss 0.6363 ce 0.8205 reward -0.304 lr 2.44e-05 71.3 min, 0.49 s/step
  epoch 1/2 step 8700/42479 loss 1.6193 ce 0.7727 reward -0.131 lr 2.44e-05 71.8 min, 0.49 s/step
  epoch 1/2 step 8750/42479 loss 0.6594 ce 0.4920 reward 0.118 lr 2.44e-05 72.2 min, 0.49 s/step
  epoch 1/2 step 8800/42479 loss 0.8215 ce 0.9428 reward -0.351 lr 2.44e-05 72.6 min, 0.49 s/step
  epoch 1/2 step 8850/42479 loss 0.3824 ce 0.6833 reward -0.076 lr 2.44e-05 73.0 min, 0.49 s/step
  epoch 1/2 step 8900/42479 loss 0.3400 ce 0.5783 reward -0.057 lr 2.44e-05 73.4 min, 0.50 s/step
  epoch 1/2 step 8950/42479 loss 0.4490 ce 0.5191 reward 0.067 lr 2.43e-05 73.9 min, 0.50 s/step
  epoch 1/2 step 9000/42479 loss 1.0468 ce 1.3792 reward -0.869 lr 2.43e-05 74.4 min, 0.50 s/step
  epoch 1/2 step 9050/42479 loss 0.3103 ce 0.6020 reward -0.064 lr 2.43e-05 74.8 min, 0.50 s/step
  epoch 1/2 step 9100/42479 loss 0.2492 ce 0.5637 reward 0.011 lr 2.43e-05 75.2 min, 0.50 s/step
  epoch 1/2 step 9150/42479 loss 0.5918 ce 0.5041 reward 0.104 lr 2.43e-05 75.5 min, 0.50 s/step
  epoch 1/2 step 9200/42479 loss -0.0133 ce 0.7416 reward -0.162 lr 2.43e-05 76.0 min, 0.50 s/step
  epoch 1/2 step 9250/42479 loss -0.0576 ce 0.3933 reward 0.289 lr 2.43e-05 76.4 min, 0.50 s/step
  epoch 1/2 step 9300/42479 loss 0.4097 ce 0.7253 reward -0.251 lr 2.43e-05 76.8 min, 0.50 s/step
  epoch 1/2 step 9350/42479 loss -0.0126 ce 0.3686 reward 0.276 lr 2.43e-05 77.2 min, 0.50 s/step
  epoch 1/2 step 9400/42479 loss -0.9345 ce 0.6889 reward -0.023 lr 2.43e-05 77.6 min, 0.50 s/step
  epoch 1/2 step 9450/42479 loss 0.8984 ce 0.7191 reward -0.229 lr 2.43e-05 78.0 min, 0.50 s/step
  epoch 1/2 step 9500/42479 loss 0.1150 ce 0.4941 reward 0.101 lr 2.43e-05 78.4 min, 0.50 s/step
  epoch 1/2 step 9550/42479 loss 1.3591 ce 1.7408 reward -1.264 lr 2.43e-05 78.8 min, 0.50 s/step
  epoch 1/2 step 9600/42479 loss 0.3720 ce 0.5224 reward 0.083 lr 2.43e-05 79.2 min, 0.50 s/step
  epoch 1/2 step 9650/42479 loss 0.4603 ce 0.6777 reward -0.100 lr 2.42e-05 79.6 min, 0.49 s/step
  epoch 1/2 step 9700/42479 loss 0.0656 ce 0.3586 reward 0.290 lr 2.42e-05 80.1 min, 0.50 s/step
  epoch 1/2 step 9750/42479 loss 0.9640 ce 0.7211 reward -0.048 lr 2.42e-05 80.5 min, 0.50 s/step
  epoch 1/2 step 9800/42479 loss 0.2603 ce 0.3781 reward 0.322 lr 2.42e-05 80.9 min, 0.50 s/step
  epoch 1/2 step 9850/42479 loss 0.2502 ce 0.7273 reward -0.228 lr 2.42e-05 81.2 min, 0.49 s/step
  epoch 1/2 step 9900/42479 loss 0.4968 ce 0.4404 reward 0.205 lr 2.42e-05 81.6 min, 0.49 s/step
  epoch 1/2 step 9950/42479 loss 0.0167 ce 0.2421 reward 0.452 lr 2.42e-05 82.1 min, 0.49 s/step
  epoch 1/2 step 10000/42479 loss 0.2985 ce 0.5543 reward 0.039 lr 2.42e-05 82.5 min, 0.49 s/step
  epoch 1/2 step 10050/42479 loss 1.1707 ce 1.1160 reward -0.615 lr 2.42e-05 82.9 min, 0.49 s/step
  epoch 1/2 step 10100/42479 loss 1.0691 ce 0.6694 reward -0.008 lr 2.42e-05 83.3 min, 0.49 s/step
  epoch 1/2 step 10150/42479 loss 0.4033 ce 0.4885 reward 0.099 lr 2.42e-05 83.7 min, 0.49 s/step
  epoch 1/2 step 10200/42479 loss 0.0512 ce 0.3647 reward 0.280 lr 2.42e-05 84.2 min, 0.50 s/step
  epoch 1/2 step 10250/42479 loss 0.0120 ce 0.7001 reward -0.037 lr 2.41e-05 84.6 min, 0.50 s/step
  epoch 1/2 step 10300/42479 loss 0.0701 ce 0.4121 reward 0.219 lr 2.41e-05 85.0 min, 0.50 s/step
  epoch 1/2 step 10350/42479 loss 0.5503 ce 0.3707 reward 0.311 lr 2.41e-05 85.5 min, 0.50 s/step
  epoch 1/2 step 10400/42479 loss 0.7072 ce 0.6262 reward -0.027 lr 2.41e-05 85.9 min, 0.50 s/step
  epoch 1/2 step 10450/42479 loss 1.1589 ce 0.6103 reward 0.051 lr 2.41e-05 86.3 min, 0.50 s/step
  epoch 1/2 step 10500/42479 loss 0.0584 ce 0.4783 reward 0.085 lr 2.41e-05 86.7 min, 0.50 s/step
  epoch 1/2 step 10550/42479 loss 1.5844 ce 1.1020 reward -0.593 lr 2.41e-05 87.1 min, 0.50 s/step
  epoch 1/2 step 10600/42479 loss -0.1439 ce 0.3791 reward 0.300 lr 2.41e-05 87.5 min, 0.50 s/step
  epoch 1/2 step 10650/42479 loss -0.1683 ce 0.6110 reward 0.060 lr 2.41e-05 87.9 min, 0.50 s/step
  epoch 1/2 step 10700/42479 loss 0.3035 ce 0.4275 reward 0.237 lr 2.41e-05 88.3 min, 0.50 s/step
  epoch 1/2 step 10750/42479 loss 0.7167 ce 0.5499 reward 0.092 lr 2.41e-05 88.7 min, 0.50 s/step
  epoch 1/2 step 10800/42479 loss 0.5496 ce 1.4133 reward -0.949 lr 2.41e-05 89.1 min, 0.49 s/step
  epoch 1/2 step 10850/42479 loss -0.3342 ce 0.2618 reward 0.362 lr 2.40e-05 89.5 min, 0.49 s/step
  epoch 1/2 step 10900/42479 loss -0.1470 ce 0.3032 reward 0.367 lr 2.40e-05 89.9 min, 0.49 s/step
  epoch 1/2 step 10950/42479 loss 0.3017 ce 0.6701 reward -0.059 lr 2.40e-05 90.4 min, 0.50 s/step
  epoch 1/2 step 11000/42479 loss -0.9031 ce 0.6869 reward -0.024 lr 2.40e-05 90.8 min, 0.50 s/step
  epoch 1/2 step 11050/42479 loss 1.3928 ce 1.7157 reward -1.267 lr 2.40e-05 91.2 min, 0.50 s/step
  epoch 1/2 step 11100/42479 loss 0.4999 ce 0.5633 reward 0.017 lr 2.40e-05 91.5 min, 0.49 s/step
  epoch 1/2 step 11150/42479 loss 0.3347 ce 0.7531 reward -0.271 lr 2.40e-05 91.9 min, 0.49 s/step
  epoch 1/2 step 11200/42479 loss 1.1165 ce 0.7168 reward -0.125 lr 2.40e-05 92.4 min, 0.49 s/step
  epoch 1/2 step 11250/42479 loss -0.2067 ce 0.6143 reward 0.049 lr 2.40e-05 92.9 min, 0.50 s/step
  epoch 1/2 step 11300/42479 loss 0.4824 ce 0.9575 reward -0.403 lr 2.40e-05 93.2 min, 0.49 s/step
  epoch 1/2 step 11350/42479 loss 0.1247 ce 0.5245 reward 0.075 lr 2.40e-05 93.5 min, 0.49 s/step
  epoch 1/2 step 11400/42479 loss 0.5279 ce 0.8818 reward -0.355 lr 2.39e-05 94.0 min, 0.49 s/step
  epoch 1/2 step 11450/42479 loss 0.1269 ce 0.4255 reward 0.168 lr 2.39e-05 94.5 min, 0.50 s/step
  epoch 1/2 step 11500/42479 loss 0.0634 ce 0.1816 reward 0.523 lr 2.39e-05 94.8 min, 0.49 s/step
  epoch 1/2 step 11550/42479 loss -0.0602 ce 0.6615 reward -0.007 lr 2.39e-05 95.4 min, 0.50 s/step
  epoch 1/2 step 11600/42479 loss -0.1320 ce 0.6258 reward -0.118 lr 2.39e-05 95.7 min, 0.49 s/step
  epoch 1/2 step 11650/42479 loss 0.6279 ce 0.9326 reward -0.461 lr 2.39e-05 96.1 min, 0.49 s/step
  epoch 1/2 step 11700/42479 loss 0.5011 ce 0.4969 reward 0.133 lr 2.39e-05 96.5 min, 0.49 s/step
  epoch 1/2 step 11750/42479 loss 0.4062 ce 0.4690 reward 0.141 lr 2.39e-05 96.9 min, 0.49 s/step
  epoch 1/2 step 11800/42479 loss 0.6632 ce 0.6913 reward -0.031 lr 2.39e-05 97.3 min, 0.49 s/step
  epoch 1/2 step 11850/42479 loss -0.4475 ce 0.4104 reward 0.271 lr 2.39e-05 97.6 min, 0.49 s/step
  epoch 1/2 step 11900/42479 loss 0.6408 ce 0.5387 reward 0.068 lr 2.39e-05 98.0 min, 0.49 s/step
  epoch 1/2 step 11950/42479 loss -0.0293 ce 0.2944 reward 0.348 lr 2.38e-05 98.6 min, 0.49 s/step
  epoch 1/2 step 12000/42479 loss 0.8778 ce 0.4337 reward 0.242 lr 2.38e-05 99.0 min, 0.49 s/step
  epoch 1/2 step 12050/42479 loss 0.3975 ce 0.4130 reward 0.270 lr 2.38e-05 99.4 min, 0.49 s/step
  epoch 1/2 step 12100/42479 loss 0.4720 ce 0.4807 reward 0.185 lr 2.38e-05 99.8 min, 0.49 s/step
  epoch 1/2 step 12150/42479 loss -0.0113 ce 0.5375 reward 0.089 lr 2.38e-05 100.2 min, 0.50 s/step
  epoch 1/2 step 12200/42479 loss 0.2676 ce 0.3907 reward 0.255 lr 2.38e-05 100.7 min, 0.50 s/step
  epoch 1/2 step 12250/42479 loss 0.2748 ce 0.6482 reward -0.142 lr 2.38e-05 101.1 min, 0.50 s/step
  epoch 1/2 step 12300/42479 loss 0.5712 ce 0.5414 reward 0.013 lr 2.38e-05 101.6 min, 0.50 s/step
  epoch 1/2 step 12350/42479 loss 0.9751 ce 0.8238 reward -0.290 lr 2.38e-05 102.0 min, 0.50 s/step
  epoch 1/2 step 12400/42479 loss -0.2980 ce 0.6068 reward 0.058 lr 2.38e-05 102.5 min, 0.50 s/step
  epoch 1/2 step 12450/42479 loss 0.1596 ce 0.4867 reward 0.129 lr 2.38e-05 102.9 min, 0.50 s/step
  epoch 1/2 step 12500/42479 loss 0.3139 ce 0.6017 reward -0.086 lr 2.37e-05 103.3 min, 0.50 s/step
  epoch 1/2 step 12550/42479 loss 1.1104 ce 1.0706 reward -0.590 lr 2.37e-05 103.7 min, 0.50 s/step
  epoch 1/2 step 12600/42479 loss 0.3380 ce 0.5918 reward 0.029 lr 2.37e-05 104.2 min, 0.50 s/step
  epoch 1/2 step 12650/42479 loss 0.2700 ce 0.5401 reward 0.048 lr 2.37e-05 104.6 min, 0.50 s/step
  epoch 1/2 step 12700/42479 loss 0.0614 ce 0.6846 reward -0.026 lr 2.37e-05 105.1 min, 0.50 s/step
  epoch 1/2 step 12750/42479 loss 0.2119 ce 0.4341 reward 0.200 lr 2.37e-05 105.4 min, 0.50 s/step
  epoch 1/2 step 12800/42479 loss 0.1092 ce 0.6461 reward -0.059 lr 2.37e-05 105.9 min, 0.50 s/step
  epoch 1/2 step 12850/42479 loss -0.6339 ce 0.3066 reward 0.327 lr 2.37e-05 106.4 min, 0.50 s/step
  epoch 1/2 step 12900/42479 loss 1.0171 ce 1.1637 reward -0.783 lr 2.37e-05 106.8 min, 0.50 s/step
  epoch 1/2 step 12950/42479 loss 0.4988 ce 0.3405 reward 0.333 lr 2.37e-05 107.2 min, 0.50 s/step
  epoch 1/2 step 13000/42479 loss 3.5017 ce 2.3729 reward -1.958 lr 2.36e-05 107.7 min, 0.50 s/step
  epoch 1/2 step 13050/42479 loss 0.7281 ce 0.6900 reward -0.038 lr 2.36e-05 108.1 min, 0.50 s/step
  epoch 1/2 step 13100/42479 loss -0.3103 ce 0.6084 reward 0.057 lr 2.36e-05 108.5 min, 0.50 s/step
  epoch 1/2 step 13150/42479 loss 0.1921 ce 0.3883 reward 0.238 lr 2.36e-05 108.9 min, 0.50 s/step
  epoch 1/2 step 13200/42479 loss 0.5590 ce 0.4609 reward 0.169 lr 2.36e-05 109.4 min, 0.50 s/step
  epoch 1/2 step 13250/42479 loss 1.1380 ce 1.0421 reward -0.569 lr 2.36e-05 109.7 min, 0.50 s/step
  epoch 1/2 step 13300/42479 loss 0.0617 ce 0.7931 reward -0.213 lr 2.36e-05 110.2 min, 0.50 s/step
  epoch 1/2 step 13350/42479 loss -0.1796 ce 0.5265 reward 0.051 lr 2.36e-05 110.6 min, 0.50 s/step
  epoch 1/2 step 13400/42479 loss 0.1642 ce 0.3413 reward 0.305 lr 2.36e-05 111.1 min, 0.50 s/step
  epoch 1/2 step 13450/42479 loss 0.0428 ce 0.5648 reward -0.015 lr 2.35e-05 111.6 min, 0.50 s/step
  epoch 1/2 step 13500/42479 loss 0.4937 ce 0.5428 reward 0.027 lr 2.35e-05 112.0 min, 0.50 s/step
  epoch 1/2 step 13550/42479 loss 0.0712 ce 0.3772 reward 0.304 lr 2.35e-05 112.4 min, 0.50 s/step
  epoch 1/2 step 13600/42479 loss -0.7207 ce 0.6094 reward 0.061 lr 2.35e-05 112.8 min, 0.50 s/step
  epoch 1/2 step 13650/42479 loss 1.1156 ce 1.1658 reward -0.785 lr 2.35e-05 113.2 min, 0.50 s/step
  epoch 1/2 step 13700/42479 loss -0.3333 ce 0.3257 reward 0.365 lr 2.35e-05 113.6 min, 0.50 s/step
  epoch 1/2 step 13750/42479 loss 0.8499 ce 0.6089 reward 0.017 lr 2.35e-05 114.0 min, 0.50 s/step
  epoch 1/2 step 13800/42479 loss 1.4285 ce 1.0542 reward -0.593 lr 2.35e-05 114.5 min, 0.50 s/step
  epoch 1/2 step 13850/42479 loss 0.1501 ce 0.4736 reward 0.155 lr 2.35e-05 114.9 min, 0.50 s/step
  epoch 1/2 step 13900/42479 loss 0.5568 ce 0.6441 reward -0.082 lr 2.34e-05 115.3 min, 0.50 s/step
  epoch 1/2 step 13950/42479 loss 1.0653 ce 0.6838 reward -0.052 lr 2.34e-05 115.7 min, 0.50 s/step
  epoch 1/2 step 14000/42479 loss 0.6018 ce 0.7087 reward -0.196 lr 2.34e-05 116.0 min, 0.50 s/step
  epoch 1/2 step 14050/42479 loss -0.1132 ce 0.4055 reward 0.240 lr 2.34e-05 116.5 min, 0.50 s/step
  epoch 1/2 step 14100/42479 loss 0.1689 ce 0.3136 reward 0.353 lr 2.34e-05 117.0 min, 0.50 s/step
  epoch 1/2 step 14150/42479 loss -0.0045 ce 0.4000 reward 0.226 lr 2.34e-05 117.4 min, 0.50 s/step
  epoch 1/2 step 14200/42479 loss -0.1035 ce 0.7800 reward -0.161 lr 2.34e-05 117.9 min, 0.50 s/step
  epoch 1/2 step 14250/42479 loss 1.3878 ce 1.1121 reward -0.542 lr 2.34e-05 118.3 min, 0.50 s/step
  epoch 1/2 step 14300/42479 loss 0.1777 ce 0.5055 reward 0.122 lr 2.34e-05 118.7 min, 0.50 s/step
  epoch 1/2 step 14350/42479 loss 0.5941 ce 0.7534 reward -0.143 lr 2.34e-05 119.2 min, 0.50 s/step
  epoch 1/2 step 14400/42479 loss 0.6552 ce 0.4858 reward 0.116 lr 2.33e-05 119.5 min, 0.50 s/step
  epoch 1/2 step 14450/42479 loss 0.3724 ce 0.5941 reward 0.058 lr 2.33e-05 120.0 min, 0.50 s/step
  epoch 1/2 step 14500/42479 loss 0.3269 ce 0.6003 reward -0.078 lr 2.33e-05 120.4 min, 0.50 s/step
  epoch 1/2 step 14550/42479 loss -0.1018 ce 0.4425 reward 0.149 lr 2.33e-05 120.8 min, 0.50 s/step
  epoch 1/2 step 14600/42479 loss 0.4736 ce 0.4814 reward 0.170 lr 2.33e-05 121.3 min, 0.50 s/step
  epoch 1/2 step 14650/42479 loss 0.1442 ce 0.4204 reward 0.182 lr 2.33e-05 121.7 min, 0.50 s/step
  epoch 1/2 step 14700/42479 loss 0.8074 ce 0.7645 reward -0.192 lr 2.33e-05 122.0 min, 0.50 s/step
  epoch 1/2 step 14750/42479 loss 0.2491 ce 0.4835 reward 0.122 lr 2.33e-05 122.5 min, 0.50 s/step
  epoch 1/2 step 14800/42479 loss -0.2318 ce 0.6096 reward 0.054 lr 2.32e-05 123.0 min, 0.50 s/step
  epoch 1/2 step 14850/42479 loss 0.6379 ce 0.7925 reward -0.197 lr 2.32e-05 123.4 min, 0.50 s/step
  epoch 1/2 step 14900/42479 loss 0.5636 ce 0.6251 reward -0.064 lr 2.32e-05 123.7 min, 0.50 s/step
  epoch 1/2 step 14950/42479 loss 0.2978 ce 0.6842 reward -0.023 lr 2.32e-05 124.1 min, 0.50 s/step
  epoch 1/2 step 15000/42479 loss 0.7078 ce 0.6886 reward -0.024 lr 2.32e-05 124.5 min, 0.50 s/step
  epoch 1/2 step 15050/42479 loss 0.0340 ce 0.4235 reward 0.196 lr 2.32e-05 124.8 min, 0.50 s/step
  epoch 1/2 step 15100/42479 loss -0.2680 ce 0.3932 reward 0.287 lr 2.32e-05 125.3 min, 0.50 s/step
  epoch 1/2 step 15150/42479 loss 0.0001 ce 0.4308 reward 0.200 lr 2.32e-05 125.6 min, 0.50 s/step
  epoch 1/2 step 15200/42479 loss 0.2012 ce 0.6674 reward -0.060 lr 2.32e-05 126.1 min, 0.50 s/step
  epoch 1/2 step 15250/42479 loss 0.4524 ce 0.5857 reward -0.011 lr 2.31e-05 126.6 min, 0.50 s/step
  epoch 1/2 step 15300/42479 loss -0.1961 ce 0.4020 reward 0.272 lr 2.31e-05 127.0 min, 0.50 s/step
  epoch 1/2 step 15350/42479 loss 0.5854 ce 0.5785 reward 0.026 lr 2.31e-05 127.4 min, 0.50 s/step
  epoch 1/2 step 15400/42479 loss 0.1293 ce 0.3440 reward 0.295 lr 2.31e-05 127.8 min, 0.50 s/step
  epoch 1/2 step 15450/42479 loss 0.1380 ce 0.5274 reward 0.100 lr 2.31e-05 128.3 min, 0.50 s/step
  epoch 1/2 step 15500/42479 loss -0.2291 ce 0.6432 reward -0.062 lr 2.31e-05 128.7 min, 0.50 s/step
  epoch 1/2 step 15550/42479 loss 0.5547 ce 0.4869 reward 0.112 lr 2.31e-05 129.1 min, 0.50 s/step
  epoch 1/2 step 15600/42479 loss 0.5079 ce 0.6645 reward -0.075 lr 2.31e-05 129.5 min, 0.50 s/step
  epoch 1/2 step 15650/42479 loss 0.3284 ce 0.3740 reward 0.254 lr 2.30e-05 129.9 min, 0.50 s/step
  epoch 1/2 step 15700/42479 loss 0.3309 ce 0.4505 reward 0.168 lr 2.30e-05 130.3 min, 0.50 s/step
  epoch 1/2 step 15750/42479 loss 0.3735 ce 0.5493 reward 0.018 lr 2.30e-05 130.8 min, 0.50 s/step
  epoch 1/2 step 15800/42479 loss 0.2149 ce 0.7548 reward -0.261 lr 2.30e-05 131.1 min, 0.50 s/step
  epoch 1/2 step 15850/42479 loss -0.2789 ce 0.3320 reward 0.316 lr 2.30e-05 131.5 min, 0.50 s/step
  epoch 1/2 step 15900/42479 loss 0.2901 ce 0.4523 reward 0.179 lr 2.30e-05 132.1 min, 0.50 s/step
  epoch 1/2 step 15950/42479 loss 0.5780 ce 0.7217 reward -0.051 lr 2.30e-05 132.6 min, 0.50 s/step
  epoch 1/2 step 16000/42479 loss 0.3836 ce 0.6183 reward 0.049 lr 2.30e-05 133.1 min, 0.50 s/step
  epoch 1/2 step 16050/42479 loss 0.9921 ce 0.8605 reward -0.309 lr 2.29e-05 133.6 min, 0.50 s/step
  epoch 1/2 step 16100/42479 loss 0.1799 ce 0.4838 reward 0.145 lr 2.29e-05 134.0 min, 0.50 s/step
  epoch 1/2 step 16150/42479 loss 0.6135 ce 0.6558 reward -0.037 lr 2.29e-05 134.5 min, 0.50 s/step
  epoch 1/2 step 16200/42479 loss 0.7168 ce 0.7679 reward -0.213 lr 2.29e-05 134.9 min, 0.50 s/step
  epoch 1/2 step 16250/42479 loss 0.7154 ce 0.6596 reward -0.139 lr 2.29e-05 135.3 min, 0.50 s/step
  epoch 1/2 step 16300/42479 loss 0.3199 ce 0.4514 reward 0.217 lr 2.29e-05 135.7 min, 0.50 s/step
  epoch 1/2 step 16350/42479 loss 0.6184 ce 0.5077 reward 0.124 lr 2.29e-05 136.1 min, 0.50 s/step
  epoch 1/2 step 16400/42479 loss 0.5206 ce 0.5184 reward 0.106 lr 2.29e-05 136.5 min, 0.50 s/step
  epoch 1/2 step 16450/42479 loss 0.6263 ce 0.6188 reward -0.019 lr 2.28e-05 136.9 min, 0.50 s/step
  epoch 1/2 step 16500/42479 loss 0.2884 ce 0.5358 reward -0.004 lr 2.28e-05 137.3 min, 0.50 s/step
  epoch 1/2 step 16550/42479 loss 0.6811 ce 0.5803 reward 0.060 lr 2.28e-05 137.6 min, 0.50 s/step
  epoch 1/2 step 16600/42479 loss -0.5196 ce 0.6633 reward -0.007 lr 2.28e-05 138.0 min, 0.50 s/step
  epoch 1/2 step 16650/42479 loss 0.2870 ce 0.6293 reward 0.029 lr 2.28e-05 138.5 min, 0.50 s/step
  epoch 1/2 step 16700/42479 loss 0.3210 ce 0.3539 reward 0.300 lr 2.28e-05 138.9 min, 0.50 s/step
  epoch 1/2 step 16750/42479 loss -1.1286 ce 0.6175 reward 0.048 lr 2.28e-05 139.3 min, 0.50 s/step
  epoch 1/2 step 16800/42479 loss 0.1803 ce 0.6069 reward -0.083 lr 2.28e-05 139.7 min, 0.50 s/step
  epoch 1/2 step 16850/42479 loss 0.8146 ce 0.8202 reward -0.297 lr 2.27e-05 140.0 min, 0.50 s/step
  epoch 1/2 step 16900/42479 loss 0.2945 ce 0.5938 reward -0.037 lr 2.27e-05 140.4 min, 0.50 s/step
  epoch 1/2 step 16950/42479 loss 0.1912 ce 0.4222 reward 0.243 lr 2.27e-05 140.7 min, 0.50 s/step
  epoch 1/2 step 17000/42479 loss -0.1904 ce 0.3948 reward 0.287 lr 2.27e-05 141.2 min, 0.50 s/step
  epoch 1/2 step 17050/42479 loss 0.7306 ce 0.5861 reward 0.057 lr 2.27e-05 141.6 min, 0.50 s/step
  epoch 1/2 step 17100/42479 loss 0.1861 ce 0.5174 reward 0.101 lr 2.27e-05 141.9 min, 0.50 s/step
  epoch 1/2 step 17150/42479 loss -0.7093 ce 0.6063 reward 0.054 lr 2.27e-05 142.4 min, 0.50 s/step
  epoch 1/2 step 17200/42479 loss 0.8160 ce 0.6716 reward -0.068 lr 2.27e-05 142.9 min, 0.50 s/step
  epoch 1/2 step 17250/42479 loss -0.4831 ce 0.6066 reward 0.059 lr 2.26e-05 143.3 min, 0.50 s/step
  epoch 1/2 step 17300/42479 loss -0.0751 ce 0.3991 reward 0.284 lr 2.26e-05 143.8 min, 0.50 s/step
  epoch 1/2 step 17350/42479 loss -0.2169 ce 0.3548 reward 0.332 lr 2.26e-05 144.3 min, 0.50 s/step
  epoch 1/2 step 17400/42479 loss 0.7191 ce 0.7038 reward -0.118 lr 2.26e-05 144.6 min, 0.50 s/step
  epoch 1/2 step 17450/42479 loss 0.7842 ce 1.2372 reward -0.657 lr 2.26e-05 145.2 min, 0.50 s/step
  epoch 1/2 step 17500/42479 loss 0.0077 ce 0.3327 reward 0.307 lr 2.26e-05 145.6 min, 0.50 s/step
  epoch 1/2 step 17550/42479 loss 0.6852 ce 0.4889 reward 0.105 lr 2.26e-05 146.0 min, 0.50 s/step
  epoch 1/2 step 17600/42479 loss -0.0734 ce 0.4552 reward 0.184 lr 2.25e-05 146.4 min, 0.50 s/step
  epoch 1/2 step 17650/42479 loss -1.4290 ce 0.6806 reward -0.013 lr 2.25e-05 146.7 min, 0.50 s/step
  epoch 1/2 step 17700/42479 loss 1.0500 ce 1.1039 reward -0.582 lr 2.25e-05 147.1 min, 0.50 s/step
  epoch 1/2 step 17750/42479 loss -0.5611 ce 0.6631 reward -0.006 lr 2.25e-05 147.6 min, 0.50 s/step
  epoch 1/2 step 17800/42479 loss 0.1134 ce 0.4195 reward 0.176 lr 2.25e-05 147.9 min, 0.50 s/step
  epoch 1/2 step 17850/42479 loss 0.2924 ce 0.3207 reward 0.340 lr 2.25e-05 148.2 min, 0.50 s/step
  epoch 1/2 step 17900/42479 loss 0.4168 ce 0.4243 reward 0.208 lr 2.25e-05 148.7 min, 0.50 s/step
  epoch 1/2 step 17950/42479 loss 0.4211 ce 0.5841 reward 0.011 lr 2.25e-05 149.1 min, 0.50 s/step
  epoch 1/2 step 18000/42479 loss 1.1684 ce 1.2704 reward -0.792 lr 2.24e-05 149.6 min, 0.50 s/step
  epoch 1/2 step 18050/42479 loss 0.6015 ce 0.9434 reward -0.544 lr 2.24e-05 150.0 min, 0.50 s/step
  epoch 1/2 step 18100/42479 loss 1.6995 ce 1.3326 reward -0.850 lr 2.24e-05 150.5 min, 0.50 s/step
  epoch 1/2 step 18150/42479 loss 1.0875 ce 1.1472 reward -0.579 lr 2.24e-05 151.0 min, 0.50 s/step
  epoch 1/2 step 18200/42479 loss 0.6233 ce 0.5322 reward 0.069 lr 2.24e-05 151.3 min, 0.50 s/step
  epoch 1/2 step 18250/42479 loss 0.2216 ce 0.8103 reward -0.275 lr 2.24e-05 151.7 min, 0.50 s/step
  epoch 1/2 step 18300/42479 loss 0.3426 ce 0.4482 reward 0.193 lr 2.24e-05 152.1 min, 0.50 s/step
  epoch 1/2 step 18350/42479 loss 1.2731 ce 1.3168 reward -0.761 lr 2.23e-05 152.6 min, 0.50 s/step
  epoch 1/2 step 18400/42479 loss -0.0188 ce 0.5434 reward 0.129 lr 2.23e-05 153.1 min, 0.50 s/step
  epoch 1/2 step 18450/42479 loss 0.2077 ce 0.5506 reward 0.020 lr 2.23e-05 153.5 min, 0.50 s/step
  epoch 1/2 step 18500/42479 loss 0.2244 ce 0.6890 reward -0.024 lr 2.23e-05 154.0 min, 0.50 s/step
  epoch 1/2 step 18550/42479 loss -1.0229 ce 0.6901 reward -0.027 lr 2.23e-05 154.5 min, 0.50 s/step
  epoch 1/2 step 18600/42479 loss 0.0008 ce 0.0305 reward 0.716 lr 2.23e-05 155.0 min, 0.50 s/step
  epoch 1/2 step 18650/42479 loss 0.3863 ce 0.4918 reward 0.086 lr 2.23e-05 155.4 min, 0.50 s/step
  epoch 1/2 step 18700/42479 loss -0.3457 ce 0.5163 reward 0.029 lr 2.22e-05 155.8 min, 0.50 s/step
  epoch 1/2 step 18750/42479 loss 0.4361 ce 0.6297 reward -0.047 lr 2.22e-05 156.1 min, 0.50 s/step
  epoch 1/2 step 18800/42479 loss 0.3368 ce 0.6365 reward -0.063 lr 2.22e-05 156.6 min, 0.50 s/step
  epoch 1/2 step 18850/42479 loss 0.2359 ce 0.4798 reward 0.114 lr 2.22e-05 157.0 min, 0.50 s/step
  epoch 1/2 step 18900/42479 loss 0.3203 ce 0.3728 reward 0.303 lr 2.22e-05 157.4 min, 0.50 s/step
  epoch 1/2 step 18950/42479 loss -0.1754 ce 0.5222 reward 0.026 lr 2.22e-05 157.8 min, 0.50 s/step
  epoch 1/2 step 19000/42479 loss 0.1855 ce 0.6399 reward -0.092 lr 2.22e-05 158.2 min, 0.50 s/step
  epoch 1/2 step 19050/42479 loss 0.3901 ce 0.4309 reward 0.212 lr 2.21e-05 158.6 min, 0.50 s/step
  epoch 1/2 step 19100/42479 loss 0.0474 ce 0.6897 reward -0.027 lr 2.21e-05 159.0 min, 0.50 s/step
  epoch 1/2 step 19150/42479 loss 0.4780 ce 0.4645 reward 0.190 lr 2.21e-05 159.4 min, 0.50 s/step
  epoch 1/2 step 19200/42479 loss 0.4961 ce 0.5052 reward 0.083 lr 2.21e-05 159.8 min, 0.50 s/step
  epoch 1/2 step 19250/42479 loss 1.1615 ce 0.7862 reward -0.126 lr 2.21e-05 160.2 min, 0.50 s/step
  epoch 1/2 step 19300/42479 loss 0.3272 ce 0.3581 reward 0.280 lr 2.21e-05 160.6 min, 0.50 s/step
  epoch 1/2 step 19350/42479 loss 0.3270 ce 0.4827 reward 0.121 lr 2.21e-05 161.1 min, 0.50 s/step
  epoch 1/2 step 19400/42479 loss 0.6580 ce 0.6210 reward -0.044 lr 2.20e-05 161.5 min, 0.50 s/step
  epoch 1/2 step 19450/42479 loss 0.6480 ce 0.8953 reward -0.406 lr 2.20e-05 161.9 min, 0.50 s/step
  epoch 1/2 step 19500/42479 loss 0.2582 ce 0.4664 reward 0.213 lr 2.20e-05 162.3 min, 0.50 s/step
  epoch 1/2 step 19550/42479 loss 0.0336 ce 0.3796 reward 0.301 lr 2.20e-05 162.7 min, 0.50 s/step
  epoch 1/2 step 19600/42479 loss 0.7841 ce 0.7610 reward -0.089 lr 2.20e-05 163.1 min, 0.50 s/step
  epoch 1/2 step 19650/42479 loss 0.2265 ce 0.4197 reward 0.189 lr 2.20e-05 163.5 min, 0.50 s/step
  epoch 1/2 step 19700/42479 loss -0.8047 ce 0.6845 reward -0.017 lr 2.20e-05 163.9 min, 0.50 s/step
  epoch 1/2 step 19750/42479 loss 0.1390 ce 0.3046 reward 0.349 lr 2.19e-05 164.4 min, 0.50 s/step
  epoch 1/2 step 19800/42479 loss 0.3401 ce 0.6821 reward -0.103 lr 2.19e-05 164.7 min, 0.50 s/step
  epoch 1/2 step 19850/42479 loss 0.3959 ce 0.4932 reward 0.119 lr 2.19e-05 165.1 min, 0.50 s/step
  epoch 1/2 step 19900/42479 loss 0.0988 ce 0.3597 reward 0.319 lr 2.19e-05 165.6 min, 0.50 s/step
  epoch 1/2 step 19950/42479 loss 0.7086 ce 0.6124 reward 0.055 lr 2.19e-05 166.1 min, 0.50 s/step
  epoch 1/2 step 20000/42479 loss -0.2317 ce 0.3915 reward 0.287 lr 2.19e-05 166.5 min, 0.50 s/step
  epoch 1/2 step 20050/42479 loss 0.6022 ce 0.4940 reward 0.116 lr 2.19e-05 166.9 min, 0.50 s/step
  epoch 1/2 step 20100/42479 loss 0.5514 ce 0.4833 reward 0.140 lr 2.18e-05 167.4 min, 0.50 s/step
  epoch 1/2 step 20150/42479 loss 0.2534 ce 0.4954 reward 0.080 lr 2.18e-05 167.9 min, 0.50 s/step
  epoch 1/2 step 20200/42479 loss 1.1431 ce 0.8094 reward -0.287 lr 2.18e-05 168.3 min, 0.50 s/step
  epoch 1/2 step 20250/42479 loss 0.2844 ce 0.6755 reward -0.153 lr 2.18e-05 168.8 min, 0.50 s/step
  epoch 1/2 step 20300/42479 loss 0.2115 ce 0.6815 reward -0.096 lr 2.18e-05 169.2 min, 0.50 s/step
  epoch 1/2 step 20350/42479 loss -0.1820 ce 0.5690 reward 0.030 lr 2.18e-05 169.6 min, 0.50 s/step
  epoch 1/2 step 20400/42479 loss 0.2102 ce 0.3926 reward 0.287 lr 2.17e-05 170.1 min, 0.50 s/step
  epoch 1/2 step 20450/42479 loss 1.2696 ce 1.0961 reward -0.520 lr 2.17e-05 170.5 min, 0.50 s/step
  epoch 1/2 step 20500/42479 loss 0.2903 ce 0.7099 reward -0.147 lr 2.17e-05 171.0 min, 0.50 s/step
  epoch 1/2 step 20550/42479 loss 0.1536 ce 0.5193 reward 0.101 lr 2.17e-05 171.4 min, 0.50 s/step
  epoch 1/2 step 20600/42479 loss 0.0948 ce 0.4326 reward 0.196 lr 2.17e-05 171.8 min, 0.50 s/step
  epoch 1/2 step 20650/42479 loss 0.8660 ce 0.3871 reward 0.295 lr 2.17e-05 172.1 min, 0.50 s/step
  epoch 1/2 step 20700/42479 loss 0.4245 ce 0.8271 reward -0.314 lr 2.17e-05 172.6 min, 0.50 s/step
  epoch 1/2 step 20750/42479 loss 0.2709 ce 0.4051 reward 0.232 lr 2.16e-05 173.1 min, 0.50 s/step
  epoch 1/2 step 20800/42479 loss 0.9760 ce 0.6388 reward -0.077 lr 2.16e-05 173.6 min, 0.50 s/step
  epoch 1/2 step 20850/42479 loss 0.9947 ce 0.7741 reward -0.125 lr 2.16e-05 174.0 min, 0.50 s/step
  epoch 1/2 step 20900/42479 loss -0.4369 ce 0.3820 reward 0.307 lr 2.16e-05 174.5 min, 0.50 s/step
  epoch 1/2 step 20950/42479 loss 0.1913 ce 0.7448 reward -0.304 lr 2.16e-05 174.9 min, 0.50 s/step
  epoch 1/2 step 21000/42479 loss 0.1401 ce 0.6357 reward -0.032 lr 2.16e-05 175.3 min, 0.50 s/step
  epoch 1/2 step 21050/42479 loss 0.6150 ce 0.7527 reward -0.138 lr 2.15e-05 175.8 min, 0.50 s/step
  epoch 1/2 step 21100/42479 loss 1.4074 ce 1.1672 reward -0.831 lr 2.15e-05 176.2 min, 0.50 s/step
  epoch 1/2 step 21150/42479 loss -0.2549 ce 0.3702 reward 0.278 lr 2.15e-05 176.5 min, 0.50 s/step
  epoch 1/2 step 21200/42479 loss 1.1109 ce 0.8720 reward -0.317 lr 2.15e-05 177.0 min, 0.50 s/step
  epoch 1/2 step 21250/42479 loss 0.7097 ce 0.5906 reward -0.019 lr 2.15e-05 177.4 min, 0.50 s/step
  epoch 1/2 step 21300/42479 loss 0.3637 ce 0.4426 reward 0.251 lr 2.15e-05 177.8 min, 0.50 s/step
  epoch 1/2 step 21350/42479 loss 0.9656 ce 0.6939 reward -0.041 lr 2.15e-05 178.3 min, 0.50 s/step
  epoch 1/2 step 21400/42479 loss 0.7738 ce 0.8391 reward -0.294 lr 2.14e-05 178.7 min, 0.50 s/step
  epoch 1/2 step 21450/42479 loss -0.1076 ce 0.3108 reward 0.328 lr 2.14e-05 179.2 min, 0.50 s/step
  epoch 1/2 step 21500/42479 loss 0.1520 ce 0.4667 reward 0.118 lr 2.14e-05 179.5 min, 0.50 s/step
  epoch 1/2 step 21550/42479 loss 0.4927 ce 0.5701 reward -0.027 lr 2.14e-05 179.9 min, 0.50 s/step
  epoch 1/2 step 21600/42479 loss 0.4708 ce 0.5469 reward 0.103 lr 2.14e-05 180.3 min, 0.50 s/step
  epoch 1/2 step 21650/42479 loss 1.6584 ce 0.7996 reward -0.186 lr 2.14e-05 180.7 min, 0.50 s/step
  epoch 1/2 step 21700/42479 loss 0.5634 ce 0.5670 reward 0.037 lr 2.13e-05 181.1 min, 0.50 s/step
  epoch 1/2 step 21750/42479 loss 0.2856 ce 0.6903 reward -0.170 lr 2.13e-05 181.5 min, 0.50 s/step
  epoch 1/2 step 21800/42479 loss 0.0096 ce 0.3589 reward 0.287 lr 2.13e-05 181.9 min, 0.50 s/step
  epoch 1/2 step 21850/42479 loss 0.2779 ce 0.4140 reward 0.248 lr 2.13e-05 182.3 min, 0.50 s/step
  epoch 1/2 step 21900/42479 loss 1.3387 ce 1.1548 reward -0.624 lr 2.13e-05 182.8 min, 0.50 s/step
  epoch 1/2 step 21950/42479 loss 0.0316 ce 0.4568 reward 0.181 lr 2.13e-05 183.2 min, 0.50 s/step
  epoch 1/2 step 22000/42479 loss 0.3687 ce 0.7905 reward -0.318 lr 2.12e-05 183.7 min, 0.50 s/step
  epoch 1/2 step 22050/42479 loss 0.2501 ce 0.6659 reward -0.095 lr 2.12e-05 184.1 min, 0.50 s/step
  epoch 1/2 step 22100/42479 loss 0.5955 ce 0.6293 reward -0.075 lr 2.12e-05 184.5 min, 0.50 s/step
  epoch 1/2 step 22150/42479 loss 0.7706 ce 0.4863 reward 0.138 lr 2.12e-05 184.9 min, 0.50 s/step
  epoch 1/2 step 22200/42479 loss 0.1665 ce 0.4573 reward 0.112 lr 2.12e-05 185.3 min, 0.50 s/step
  epoch 1/2 step 22250/42479 loss 0.1794 ce 0.3994 reward 0.248 lr 2.12e-05 185.7 min, 0.50 s/step
  epoch 1/2 step 22300/42479 loss 0.8993 ce 1.0277 reward -0.542 lr 2.11e-05 186.2 min, 0.50 s/step
  epoch 1/2 step 22350/42479 loss 1.0750 ce 0.6298 reward -0.025 lr 2.11e-05 186.6 min, 0.50 s/step
  epoch 1/2 step 22400/42479 loss -0.4219 ce 0.3283 reward 0.362 lr 2.11e-05 187.0 min, 0.50 s/step
  epoch 1/2 step 22450/42479 loss 0.6050 ce 0.6769 reward -0.103 lr 2.11e-05 187.4 min, 0.50 s/step
  epoch 1/2 step 22500/42479 loss 0.1616 ce 0.4352 reward 0.172 lr 2.11e-05 187.7 min, 0.50 s/step
  epoch 1/2 step 22550/42479 loss 0.5384 ce 0.8216 reward -0.256 lr 2.11e-05 188.2 min, 0.50 s/step
  epoch 1/2 step 22600/42479 loss 0.1832 ce 0.4108 reward 0.182 lr 2.10e-05 188.7 min, 0.50 s/step
  epoch 1/2 step 22650/42479 loss 0.3191 ce 0.5337 reward 0.008 lr 2.10e-05 189.1 min, 0.50 s/step
  epoch 1/2 step 22700/42479 loss 0.7398 ce 0.9365 reward -0.481 lr 2.10e-05 189.6 min, 0.50 s/step
  epoch 1/2 step 22750/42479 loss 1.0316 ce 1.2392 reward -0.850 lr 2.10e-05 190.0 min, 0.50 s/step
  epoch 1/2 step 22800/42479 loss 1.0672 ce 0.8459 reward -0.356 lr 2.10e-05 190.4 min, 0.50 s/step
  epoch 1/2 step 22850/42479 loss 0.2022 ce 0.4697 reward 0.145 lr 2.10e-05 190.9 min, 0.50 s/step
  epoch 1/2 step 22900/42479 loss 0.7281 ce 0.8530 reward -0.299 lr 2.09e-05 191.3 min, 0.50 s/step
  epoch 1/2 step 22950/42479 loss -0.3117 ce 0.6282 reward -0.090 lr 2.09e-05 191.7 min, 0.50 s/step
  epoch 1/2 step 23000/42479 loss 0.7065 ce 0.6727 reward -0.119 lr 2.09e-05 192.1 min, 0.50 s/step
  epoch 1/2 step 23050/42479 loss -0.1838 ce 0.2741 reward 0.382 lr 2.09e-05 192.6 min, 0.50 s/step
  epoch 1/2 step 23100/42479 loss 0.4026 ce 0.6933 reward -0.159 lr 2.09e-05 193.0 min, 0.50 s/step
  epoch 1/2 step 23150/42479 loss 0.3699 ce 0.4504 reward 0.155 lr 2.09e-05 193.4 min, 0.50 s/step
  epoch 1/2 step 23200/42479 loss 0.6438 ce 0.8301 reward -0.348 lr 2.08e-05 193.8 min, 0.50 s/step
  epoch 1/2 step 23250/42479 loss 0.3602 ce 0.3554 reward 0.338 lr 2.08e-05 194.2 min, 0.50 s/step
  epoch 1/2 step 23300/42479 loss 0.7532 ce 0.6028 reward -0.057 lr 2.08e-05 194.6 min, 0.50 s/step
  epoch 1/2 step 23350/42479 loss 0.2576 ce 0.7510 reward -0.300 lr 2.08e-05 195.0 min, 0.50 s/step
  epoch 1/2 step 23400/42479 loss -0.5076 ce 0.6742 reward -0.022 lr 2.08e-05 195.5 min, 0.50 s/step
  epoch 1/2 step 23450/42479 loss 1.3362 ce 1.3080 reward -0.802 lr 2.08e-05 195.9 min, 0.50 s/step
  epoch 1/2 step 23500/42479 loss 0.2455 ce 0.4260 reward 0.208 lr 2.07e-05 196.3 min, 0.50 s/step
  epoch 1/2 step 23550/42479 loss 0.1068 ce 0.4708 reward 0.171 lr 2.07e-05 196.7 min, 0.50 s/step
  epoch 1/2 step 23600/42479 loss 0.4344 ce 0.4137 reward 0.236 lr 2.07e-05 197.1 min, 0.50 s/step
  epoch 1/2 step 23650/42479 loss 0.8432 ce 0.6129 reward -0.056 lr 2.07e-05 197.6 min, 0.50 s/step
  epoch 1/2 step 23700/42479 loss -0.2361 ce 0.6065 reward 0.055 lr 2.07e-05 198.0 min, 0.50 s/step
  epoch 1/2 step 23750/42479 loss 0.7383 ce 0.8100 reward -0.264 lr 2.07e-05 198.3 min, 0.50 s/step
  epoch 1/2 step 23800/42479 loss 1.3276 ce 1.3489 reward -0.871 lr 2.06e-05 198.7 min, 0.50 s/step
  epoch 1/2 step 23850/42479 loss 0.1480 ce 0.6688 reward -0.135 lr 2.06e-05 199.1 min, 0.50 s/step
  epoch 1/2 step 23900/42479 loss 1.1632 ce 0.7384 reward -0.180 lr 2.06e-05 199.5 min, 0.50 s/step
  epoch 1/2 step 23950/42479 loss 0.3118 ce 0.6086 reward 0.055 lr 2.06e-05 200.0 min, 0.50 s/step
  epoch 1/2 step 24000/42479 loss 0.1910 ce 0.5363 reward 0.139 lr 2.06e-05 200.4 min, 0.50 s/step
  epoch 1/2 step 24050/42479 loss 0.3525 ce 0.4156 reward 0.216 lr 2.06e-05 200.8 min, 0.50 s/step
  epoch 1/2 step 24100/42479 loss 0.0985 ce 0.2622 reward 0.410 lr 2.05e-05 201.2 min, 0.50 s/step
  epoch 1/2 step 24150/42479 loss 0.2856 ce 0.3548 reward 0.327 lr 2.05e-05 201.6 min, 0.50 s/step
  epoch 1/2 step 24200/42479 loss 0.1407 ce 0.3969 reward 0.272 lr 2.05e-05 201.9 min, 0.50 s/step
  epoch 1/2 step 24250/42479 loss 0.8430 ce 0.9260 reward -0.450 lr 2.05e-05 202.2 min, 0.50 s/step
  epoch 1/2 step 24300/42479 loss -0.0007 ce 0.6023 reward -0.105 lr 2.05e-05 202.7 min, 0.50 s/step
  epoch 1/2 step 24350/42479 loss -0.0683 ce 0.4945 reward 0.065 lr 2.05e-05 203.1 min, 0.50 s/step
  epoch 1/2 step 24400/42479 loss 1.5879 ce 0.7460 reward -0.104 lr 2.04e-05 203.5 min, 0.50 s/step
  epoch 1/2 step 24450/42479 loss -0.1376 ce 0.3154 reward 0.341 lr 2.04e-05 204.0 min, 0.50 s/step
  epoch 1/2 step 24500/42479 loss -0.1040 ce 0.4717 reward 0.116 lr 2.04e-05 204.3 min, 0.50 s/step
  epoch 1/2 step 24550/42479 loss 0.1364 ce 0.5213 reward 0.051 lr 2.04e-05 204.7 min, 0.50 s/step
  epoch 1/2 step 24600/42479 loss 0.1855 ce 0.6675 reward -0.130 lr 2.04e-05 205.1 min, 0.50 s/step
  epoch 1/2 step 24650/42479 loss 0.3827 ce 0.6845 reward -0.109 lr 2.04e-05 205.5 min, 0.50 s/step
  epoch 1/2 step 24700/42479 loss 0.5209 ce 0.6178 reward -0.004 lr 2.03e-05 205.9 min, 0.50 s/step
  epoch 1/2 step 24750/42479 loss -0.1460 ce 0.5640 reward 0.105 lr 2.03e-05 206.4 min, 0.50 s/step
  epoch 1/2 step 24800/42479 loss -0.3138 ce 0.3297 reward 0.354 lr 2.03e-05 206.8 min, 0.50 s/step
  epoch 1/2 step 24850/42479 loss -0.1002 ce 0.6073 reward 0.058 lr 2.03e-05 207.3 min, 0.50 s/step
  epoch 1/2 step 24900/42479 loss 1.1719 ce 0.7811 reward -0.210 lr 2.03e-05 207.7 min, 0.50 s/step
  epoch 1/2 step 24950/42479 loss -0.1434 ce 0.3901 reward 0.292 lr 2.02e-05 208.1 min, 0.50 s/step
  epoch 1/2 step 25000/42479 loss 0.7027 ce 0.8226 reward -0.347 lr 2.02e-05 208.5 min, 0.50 s/step
  epoch 1/2 step 25050/42479 loss -0.9780 ce 0.6068 reward 0.055 lr 2.02e-05 208.9 min, 0.50 s/step
  epoch 1/2 step 25100/42479 loss 0.2547 ce 0.5671 reward 0.074 lr 2.02e-05 209.2 min, 0.50 s/step
  epoch 1/2 step 25150/42479 loss 1.5093 ce 2.1428 reward -1.595 lr 2.02e-05 209.7 min, 0.50 s/step
  epoch 1/2 step 25200/42479 loss -0.3567 ce 1.1682 reward -0.570 lr 2.02e-05 210.1 min, 0.50 s/step
  epoch 1/2 step 25250/42479 loss -0.3180 ce 0.4790 reward 0.095 lr 2.01e-05 210.5 min, 0.50 s/step
  epoch 1/2 step 25300/42479 loss 0.4203 ce 0.5494 reward 0.091 lr 2.01e-05 211.0 min, 0.50 s/step
  epoch 1/2 step 25350/42479 loss 0.7409 ce 0.8308 reward -0.261 lr 2.01e-05 211.4 min, 0.50 s/step
  epoch 1/2 step 25400/42479 loss 0.0995 ce 0.2925 reward 0.374 lr 2.01e-05 211.9 min, 0.50 s/step
  epoch 1/2 step 25450/42479 loss 0.0258 ce 0.4702 reward 0.208 lr 2.01e-05 212.3 min, 0.50 s/step
  epoch 1/2 step 25500/42479 loss 0.3180 ce 1.1751 reward -0.608 lr 2.00e-05 212.7 min, 0.50 s/step
  epoch 1/2 step 25550/42479 loss 0.0568 ce 0.5093 reward 0.067 lr 2.00e-05 213.1 min, 0.50 s/step
  epoch 1/2 step 25600/42479 loss 0.5509 ce 0.4682 reward 0.189 lr 2.00e-05 213.4 min, 0.50 s/step
  epoch 1/2 step 25650/42479 loss 0.5005 ce 0.7380 reward -0.195 lr 2.00e-05 213.8 min, 0.50 s/step
  epoch 1/2 step 25700/42479 loss 0.4233 ce 0.7009 reward -0.123 lr 2.00e-05 214.3 min, 0.50 s/step
  epoch 1/2 step 25750/42479 loss 0.2277 ce 0.5925 reward -0.036 lr 2.00e-05 214.7 min, 0.50 s/step
  epoch 1/2 step 25800/42479 loss 0.1829 ce 0.5444 reward 0.025 lr 1.99e-05 215.0 min, 0.50 s/step
  epoch 1/2 step 25850/42479 loss 0.0819 ce 0.4416 reward 0.208 lr 1.99e-05 215.5 min, 0.50 s/step
  epoch 1/2 step 25900/42479 loss 0.6962 ce 0.8755 reward -0.438 lr 1.99e-05 215.9 min, 0.50 s/step
  epoch 1/2 step 25950/42479 loss 0.2709 ce 1.1097 reward -0.523 lr 1.99e-05 216.4 min, 0.50 s/step
  epoch 1/2 step 26000/42479 loss 0.2158 ce 0.4293 reward 0.211 lr 1.99e-05 216.8 min, 0.50 s/step
  epoch 1/2 step 26050/42479 loss -0.1054 ce 1.2618 reward -0.821 lr 1.99e-05 217.2 min, 0.50 s/step
  epoch 1/2 step 26100/42479 loss 0.3769 ce 0.5587 reward 0.018 lr 1.98e-05 217.6 min, 0.50 s/step
  epoch 1/2 step 26150/42479 loss -0.1184 ce 0.6063 reward 0.056 lr 1.98e-05 218.1 min, 0.50 s/step
  epoch 1/2 step 26200/42479 loss 0.4587 ce 0.7270 reward -0.173 lr 1.98e-05 218.4 min, 0.50 s/step
  epoch 1/2 step 26250/42479 loss -0.5706 ce 0.4450 reward 0.220 lr 1.98e-05 218.8 min, 0.50 s/step
  epoch 1/2 step 26300/42479 loss -0.3534 ce 0.3334 reward 0.318 lr 1.98e-05 219.2 min, 0.50 s/step
  epoch 1/2 step 26350/42479 loss 0.0285 ce 0.4712 reward 0.145 lr 1.97e-05 219.7 min, 0.50 s/step
  epoch 1/2 step 26400/42479 loss 0.5950 ce 0.5771 reward 0.055 lr 1.97e-05 220.2 min, 0.50 s/step
  epoch 1/2 step 26450/42479 loss 0.3834 ce 0.3797 reward 0.262 lr 1.97e-05 220.5 min, 0.50 s/step
  epoch 1/2 step 26500/42479 loss 0.2610 ce 0.5208 reward 0.057 lr 1.97e-05 220.9 min, 0.50 s/step
  epoch 1/2 step 26550/42479 loss -0.2424 ce 0.3844 reward 0.217 lr 1.97e-05 221.2 min, 0.50 s/step
  epoch 1/2 step 26600/42479 loss 0.7952 ce 0.8784 reward -0.356 lr 1.96e-05 221.7 min, 0.50 s/step
  epoch 1/2 step 26650/42479 loss 0.9498 ce 0.7205 reward -0.133 lr 1.96e-05 222.1 min, 0.50 s/step
  epoch 1/2 step 26700/42479 loss 1.0508 ce 1.0166 reward -0.606 lr 1.96e-05 222.6 min, 0.50 s/step
  epoch 1/2 step 26750/42479 loss 0.4219 ce 0.4926 reward 0.067 lr 1.96e-05 222.9 min, 0.50 s/step
  epoch 1/2 step 26800/42479 loss 0.6302 ce 0.7582 reward -0.210 lr 1.96e-05 223.4 min, 0.50 s/step
  epoch 1/2 step 26850/42479 loss 0.4935 ce 0.4947 reward 0.113 lr 1.96e-05 223.7 min, 0.50 s/step
  epoch 1/2 step 26900/42479 loss 2.1446 ce 1.2691 reward -0.663 lr 1.95e-05 224.3 min, 0.50 s/step
  epoch 1/2 step 26950/42479 loss 1.0025 ce 1.1404 reward -0.715 lr 1.95e-05 224.7 min, 0.50 s/step
  epoch 1/2 step 27000/42479 loss 1.4829 ce 1.4263 reward -0.876 lr 1.95e-05 225.2 min, 0.50 s/step
  epoch 1/2 step 27050/42479 loss 0.3855 ce 0.5444 reward 0.042 lr 1.95e-05 225.6 min, 0.50 s/step
  epoch 1/2 step 27100/42479 loss 0.6457 ce 0.7576 reward -0.098 lr 1.95e-05 226.1 min, 0.50 s/step
  epoch 1/2 step 27150/42479 loss 0.0111 ce 0.4154 reward 0.210 lr 1.94e-05 226.5 min, 0.50 s/step
  epoch 1/2 step 27200/42479 loss 0.2846 ce 0.6247 reward -0.088 lr 1.94e-05 226.9 min, 0.50 s/step
  epoch 1/2 step 27250/42479 loss -0.3796 ce 0.7654 reward -0.269 lr 1.94e-05 227.4 min, 0.50 s/step
  epoch 1/2 step 27300/42479 loss 0.4633 ce 0.4122 reward 0.264 lr 1.94e-05 227.7 min, 0.50 s/step
  epoch 1/2 step 27350/42479 loss 0.7342 ce 0.8487 reward -0.344 lr 1.94e-05 228.2 min, 0.50 s/step
  epoch 1/2 step 27400/42479 loss 1.1664 ce 1.0413 reward -0.526 lr 1.93e-05 228.5 min, 0.50 s/step
  epoch 1/2 step 27450/42479 loss 0.2495 ce 0.2661 reward 0.426 lr 1.93e-05 229.0 min, 0.50 s/step
  epoch 1/2 step 27500/42479 loss 0.2748 ce 0.5782 reward -0.001 lr 1.93e-05 229.4 min, 0.50 s/step
  epoch 1/2 step 27550/42479 loss 1.1199 ce 0.9563 reward -0.490 lr 1.93e-05 229.8 min, 0.50 s/step
  epoch 1/2 step 27600/42479 loss 0.7132 ce 0.6983 reward -0.131 lr 1.93e-05 230.3 min, 0.50 s/step
  epoch 1/2 step 27650/42479 loss 0.4675 ce 0.6785 reward -0.161 lr 1.93e-05 230.7 min, 0.50 s/step
  epoch 1/2 step 27700/42479 loss 0.4756 ce 0.4337 reward 0.187 lr 1.92e-05 231.1 min, 0.50 s/step
  epoch 1/2 step 27750/42479 loss 0.1739 ce 0.6995 reward -0.034 lr 1.92e-05 231.5 min, 0.50 s/step
  epoch 1/2 step 27800/42479 loss 0.3793 ce 0.7285 reward -0.158 lr 1.92e-05 231.8 min, 0.50 s/step
  epoch 1/2 step 27850/42479 loss -0.0578 ce 0.3050 reward 0.347 lr 1.92e-05 232.3 min, 0.50 s/step
  epoch 1/2 step 27900/42479 loss 0.7014 ce 0.4731 reward 0.157 lr 1.92e-05 232.7 min, 0.50 s/step
  epoch 1/2 step 27950/42479 loss -0.7056 ce 0.6822 reward -0.020 lr 1.91e-05 233.2 min, 0.50 s/step
  epoch 1/2 step 28000/42479 loss -0.1478 ce 0.3497 reward 0.333 lr 1.91e-05 233.6 min, 0.50 s/step
  epoch 1/2 step 28050/42479 loss 0.1263 ce 0.6087 reward 0.055 lr 1.91e-05 234.1 min, 0.50 s/step
  epoch 1/2 step 28100/42479 loss 1.9627 ce 1.3456 reward -0.780 lr 1.91e-05 234.5 min, 0.50 s/step
  epoch 1/2 step 28150/42479 loss 0.2973 ce 0.4581 reward 0.119 lr 1.91e-05 234.9 min, 0.50 s/step
  epoch 1/2 step 28200/42479 loss 0.9486 ce 0.8147 reward -0.193 lr 1.90e-05 235.3 min, 0.50 s/step
  epoch 1/2 step 28250/42479 loss 0.3573 ce 0.4438 reward 0.184 lr 1.90e-05 235.8 min, 0.50 s/step
  epoch 1/2 step 28300/42479 loss 0.0269 ce 0.6874 reward -0.024 lr 1.90e-05 236.2 min, 0.50 s/step
  epoch 1/2 step 28350/42479 loss 0.2527 ce 0.4089 reward 0.220 lr 1.90e-05 236.6 min, 0.50 s/step
  epoch 1/2 step 28400/42479 loss -1.7725 ce 0.6924 reward -0.030 lr 1.90e-05 237.0 min, 0.50 s/step
  epoch 1/2 step 28450/42479 loss 0.3074 ce 0.4811 reward 0.121 lr 1.89e-05 237.4 min, 0.50 s/step
  epoch 1/2 step 28500/42479 loss -0.3336 ce 0.4079 reward 0.196 lr 1.89e-05 237.9 min, 0.50 s/step
  epoch 1/2 step 28550/42479 loss -1.0224 ce 0.6901 reward -0.032 lr 1.89e-05 238.3 min, 0.50 s/step
  epoch 1/2 step 28600/42479 loss -0.3173 ce 0.3432 reward 0.263 lr 1.89e-05 238.8 min, 0.50 s/step
  epoch 1/2 step 28650/42479 loss 0.2150 ce 0.4613 reward 0.107 lr 1.89e-05 239.1 min, 0.50 s/step
  epoch 1/2 step 28700/42479 loss 0.3831 ce 0.6682 reward -0.142 lr 1.89e-05 239.4 min, 0.50 s/step
  epoch 1/2 step 28750/42479 loss -0.4915 ce 0.3680 reward 0.263 lr 1.88e-05 239.8 min, 0.50 s/step
  epoch 1/2 step 28800/42479 loss 0.2226 ce 0.6134 reward -0.006 lr 1.88e-05 240.2 min, 0.50 s/step
  epoch 1/2 step 28850/42479 loss -0.0721 ce 0.4226 reward 0.189 lr 1.88e-05 240.6 min, 0.50 s/step
  epoch 1/2 step 28900/42479 loss -0.1823 ce 0.3497 reward 0.318 lr 1.88e-05 241.1 min, 0.50 s/step
  epoch 1/2 step 28950/42479 loss 0.7696 ce 0.7041 reward -0.117 lr 1.88e-05 241.6 min, 0.50 s/step
  epoch 1/2 step 29000/42479 loss 0.6667 ce 0.4028 reward 0.260 lr 1.87e-05 242.1 min, 0.50 s/step
  epoch 1/2 step 29050/42479 loss 2.4550 ce 1.8130 reward -1.261 lr 1.87e-05 242.6 min, 0.50 s/step
  epoch 1/2 step 29100/42479 loss -0.0569 ce 0.3664 reward 0.307 lr 1.87e-05 242.9 min, 0.50 s/step
  epoch 1/2 step 29150/42479 loss -0.4087 ce 0.3832 reward 0.295 lr 1.87e-05 243.4 min, 0.50 s/step
  epoch 1/2 step 29200/42479 loss 0.2846 ce 0.5217 reward 0.062 lr 1.87e-05 243.8 min, 0.50 s/step
  epoch 1/2 step 29250/42479 loss 0.1372 ce 0.5087 reward 0.080 lr 1.86e-05 244.3 min, 0.50 s/step
  epoch 1/2 step 29300/42479 loss 0.7060 ce 1.2085 reward -0.663 lr 1.86e-05 244.8 min, 0.50 s/step
  epoch 1/2 step 29350/42479 loss -1.4209 ce 0.6863 reward -0.030 lr 1.86e-05 245.3 min, 0.50 s/step
  epoch 1/2 step 29400/42479 loss 0.7254 ce 0.7135 reward -0.139 lr 1.86e-05 245.6 min, 0.50 s/step
  epoch 1/2 step 29450/42479 loss 0.2852 ce 0.5969 reward 0.023 lr 1.86e-05 246.0 min, 0.50 s/step
  epoch 1/2 step 29500/42479 loss -0.1224 ce 0.3752 reward 0.307 lr 1.85e-05 246.4 min, 0.50 s/step
  epoch 1/2 step 29550/42479 loss -0.1260 ce 0.3960 reward 0.282 lr 1.85e-05 246.9 min, 0.50 s/step
  epoch 1/2 step 29600/42479 loss 1.6544 ce 0.8842 reward -0.229 lr 1.85e-05 247.3 min, 0.50 s/step
  epoch 1/2 step 29650/42479 loss 0.7591 ce 0.7375 reward -0.092 lr 1.85e-05 247.7 min, 0.50 s/step
  epoch 1/2 step 29700/42479 loss -0.1456 ce 0.3539 reward 0.307 lr 1.85e-05 248.1 min, 0.50 s/step
  epoch 1/2 step 29750/42479 loss 0.2535 ce 0.4132 reward 0.228 lr 1.84e-05 248.5 min, 0.50 s/step
  epoch 1/2 step 29800/42479 loss 0.4853 ce 0.6871 reward -0.117 lr 1.84e-05 249.0 min, 0.50 s/step
  epoch 1/2 step 29850/42479 loss 0.4736 ce 0.5229 reward 0.116 lr 1.84e-05 249.4 min, 0.50 s/step
  epoch 1/2 step 29900/42479 loss 0.8981 ce 0.7527 reward -0.150 lr 1.84e-05 249.8 min, 0.50 s/step
  epoch 1/2 step 29950/42479 loss 0.4446 ce 0.5609 reward 0.016 lr 1.84e-05 250.2 min, 0.50 s/step
  epoch 1/2 step 30000/42479 loss 0.3170 ce 0.3361 reward 0.329 lr 1.83e-05 250.6 min, 0.50 s/step
  epoch 1/2 step 30050/42479 loss 0.1530 ce 0.6914 reward -0.198 lr 1.83e-05 251.0 min, 0.50 s/step
  epoch 1/2 step 30100/42479 loss 0.4407 ce 0.4718 reward 0.142 lr 1.83e-05 251.4 min, 0.50 s/step
  epoch 1/2 step 30150/42479 loss 0.1188 ce 0.3731 reward 0.255 lr 1.83e-05 251.9 min, 0.50 s/step
  epoch 1/2 step 30200/42479 loss 0.1908 ce 0.4124 reward 0.208 lr 1.83e-05 252.4 min, 0.50 s/step
  epoch 1/2 step 30250/42479 loss 0.6275 ce 1.5939 reward -1.128 lr 1.82e-05 252.8 min, 0.50 s/step
  epoch 1/2 step 30300/42479 loss -0.1332 ce 0.4015 reward 0.245 lr 1.82e-05 253.2 min, 0.50 s/step
  epoch 1/2 step 30350/42479 loss 0.3465 ce 0.4653 reward 0.153 lr 1.82e-05 253.7 min, 0.50 s/step
  epoch 1/2 step 30400/42479 loss 0.6046 ce 0.8724 reward -0.344 lr 1.82e-05 254.1 min, 0.50 s/step
  epoch 1/2 step 30450/42479 loss 0.5679 ce 0.5489 reward 0.067 lr 1.82e-05 254.5 min, 0.50 s/step
  epoch 1/2 step 30500/42479 loss -0.1641 ce 0.2729 reward 0.367 lr 1.81e-05 254.8 min, 0.50 s/step
  epoch 1/2 step 30550/42479 loss 0.1961 ce 0.5639 reward 0.038 lr 1.81e-05 255.2 min, 0.50 s/step
  epoch 1/2 step 30600/42479 loss 1.0057 ce 0.5503 reward 0.027 lr 1.81e-05 255.6 min, 0.50 s/step
  epoch 1/2 step 30650/42479 loss 0.0561 ce 0.2121 reward 0.488 lr 1.81e-05 256.0 min, 0.50 s/step
  epoch 1/2 step 30700/42479 loss 0.8762 ce 0.3411 reward 0.324 lr 1.81e-05 256.4 min, 0.50 s/step
  epoch 1/2 step 30750/42479 loss 0.2408 ce 0.6854 reward -0.026 lr 1.80e-05 256.8 min, 0.50 s/step
  epoch 1/2 step 30800/42479 loss 0.6886 ce 0.6703 reward -0.111 lr 1.80e-05 257.3 min, 0.50 s/step
  epoch 1/2 step 30850/42479 loss -0.6877 ce 0.3607 reward 0.323 lr 1.80e-05 257.5 min, 0.50 s/step
  epoch 1/2 step 30900/42479 loss 0.8305 ce 0.7021 reward -0.150 lr 1.80e-05 257.9 min, 0.50 s/step
  epoch 1/2 step 30950/42479 loss 0.2984 ce 0.7507 reward -0.336 lr 1.80e-05 258.3 min, 0.50 s/step
  epoch 1/2 step 31000/42479 loss 0.2974 ce 0.5287 reward 0.032 lr 1.79e-05 258.7 min, 0.50 s/step
  epoch 1/2 step 31050/42479 loss -0.0051 ce 0.2780 reward 0.415 lr 1.79e-05 259.1 min, 0.50 s/step
  epoch 1/2 step 31100/42479 loss 0.5446 ce 0.5526 reward 0.068 lr 1.79e-05 259.5 min, 0.50 s/step
  epoch 1/2 step 31150/42479 loss -0.1283 ce 0.3877 reward 0.292 lr 1.79e-05 259.9 min, 0.50 s/step
  epoch 1/2 step 31200/42479 loss 0.3927 ce 0.7816 reward -0.217 lr 1.79e-05 260.4 min, 0.50 s/step
  epoch 1/2 step 31250/42479 loss 0.6489 ce 0.4927 reward 0.214 lr 1.78e-05 260.8 min, 0.50 s/step
  epoch 1/2 step 31300/42479 loss -0.1726 ce 0.3723 reward 0.308 lr 1.78e-05 261.2 min, 0.50 s/step
  epoch 1/2 step 31350/42479 loss 0.4581 ce 0.5800 reward -0.010 lr 1.78e-05 261.6 min, 0.50 s/step
  epoch 1/2 step 31400/42479 loss -0.2155 ce 0.3699 reward 0.303 lr 1.78e-05 262.0 min, 0.50 s/step
  epoch 1/2 step 31450/42479 loss -0.6255 ce 0.6848 reward -0.027 lr 1.78e-05 262.4 min, 0.50 s/step
  epoch 1/2 step 31500/42479 loss 0.2154 ce 0.6950 reward -0.174 lr 1.77e-05 262.8 min, 0.50 s/step
  epoch 1/2 step 31550/42479 loss 0.6725 ce 0.6157 reward 0.033 lr 1.77e-05 263.3 min, 0.50 s/step
  epoch 1/2 step 31600/42479 loss 0.2914 ce 0.2186 reward 0.485 lr 1.77e-05 263.6 min, 0.50 s/step
  epoch 1/2 step 31650/42479 loss -0.0104 ce 0.3516 reward 0.272 lr 1.77e-05 264.0 min, 0.50 s/step
  epoch 1/2 step 31700/42479 loss 1.3371 ce 0.7361 reward -0.145 lr 1.77e-05 264.4 min, 0.50 s/step
  epoch 1/2 step 31750/42479 loss -1.5309 ce 0.6870 reward -0.021 lr 1.76e-05 264.9 min, 0.50 s/step
  epoch 1/2 step 31800/42479 loss 0.4116 ce 0.6930 reward -0.038 lr 1.76e-05 265.4 min, 0.50 s/step
  epoch 1/2 step 31850/42479 loss 0.0450 ce 0.5792 reward -0.035 lr 1.76e-05 265.8 min, 0.50 s/step
  epoch 1/2 step 31900/42479 loss 0.2706 ce 0.4903 reward 0.155 lr 1.76e-05 266.2 min, 0.50 s/step
  epoch 1/2 step 31950/42479 loss 0.2442 ce 0.4457 reward 0.158 lr 1.76e-05 266.6 min, 0.50 s/step
  epoch 1/2 step 32000/42479 loss -0.1887 ce 0.2230 reward 0.480 lr 1.75e-05 267.0 min, 0.50 s/step
  epoch 1/2 step 32050/42479 loss 0.7745 ce 0.8391 reward -0.289 lr 1.75e-05 267.3 min, 0.50 s/step
  epoch 1/2 step 32100/42479 loss 0.1688 ce 0.4994 reward 0.082 lr 1.75e-05 267.7 min, 0.50 s/step
  epoch 1/2 step 32150/42479 loss 0.0875 ce 0.6070 reward 0.058 lr 1.75e-05 268.2 min, 0.50 s/step
  epoch 1/2 step 32200/42479 loss 0.5168 ce 0.6014 reward 0.015 lr 1.75e-05 268.6 min, 0.50 s/step
  epoch 1/2 step 32250/42479 loss 0.8938 ce 0.8463 reward -0.360 lr 1.74e-05 269.1 min, 0.50 s/step
  epoch 1/2 step 32300/42479 loss -0.6395 ce 0.6349 reward 0.026 lr 1.74e-05 269.5 min, 0.50 s/step
  epoch 1/2 step 32350/42479 loss 0.0989 ce 0.4835 reward 0.123 lr 1.74e-05 269.9 min, 0.50 s/step
  epoch 1/2 step 32400/42479 loss 0.0158 ce 0.2971 reward 0.376 lr 1.74e-05 270.3 min, 0.50 s/step
  epoch 1/2 step 32450/42479 loss 0.3042 ce 0.4267 reward 0.190 lr 1.73e-05 270.8 min, 0.50 s/step
  epoch 1/2 step 32500/42479 loss 0.2877 ce 0.5262 reward 0.123 lr 1.73e-05 271.3 min, 0.50 s/step
  epoch 1/2 step 32550/42479 loss -1.1007 ce 0.6518 reward 0.012 lr 1.73e-05 271.8 min, 0.50 s/step
  epoch 1/2 step 32600/42479 loss -0.0482 ce 0.4730 reward 0.192 lr 1.73e-05 272.2 min, 0.50 s/step
  epoch 1/2 step 32650/42479 loss -0.7138 ce 0.3791 reward 0.298 lr 1.73e-05 272.7 min, 0.50 s/step
  epoch 1/2 step 32700/42479 loss -0.1269 ce 0.6528 reward -0.050 lr 1.72e-05 273.1 min, 0.50 s/step
  epoch 1/2 step 32750/42479 loss 0.1761 ce 0.3590 reward 0.334 lr 1.72e-05 273.5 min, 0.50 s/step
  epoch 1/2 step 32800/42479 loss -0.1549 ce 0.4198 reward 0.171 lr 1.72e-05 273.8 min, 0.50 s/step
  epoch 1/2 step 32850/42479 loss -0.1463 ce 0.5100 reward 0.100 lr 1.72e-05 274.1 min, 0.50 s/step
  epoch 1/2 step 32900/42479 loss 0.4133 ce 0.4485 reward 0.153 lr 1.72e-05 274.5 min, 0.50 s/step
  epoch 1/2 step 32950/42479 loss -0.2928 ce 0.5318 reward 0.046 lr 1.71e-05 275.0 min, 0.50 s/step
  epoch 1/2 step 33000/42479 loss 0.6197 ce 0.5053 reward 0.101 lr 1.71e-05 275.5 min, 0.50 s/step
  epoch 1/2 step 33050/42479 loss 0.1899 ce 0.4159 reward 0.241 lr 1.71e-05 275.8 min, 0.50 s/step
  epoch 1/2 step 33100/42479 loss -1.1562 ce 0.6067 reward 0.059 lr 1.71e-05 276.2 min, 0.50 s/step
  epoch 1/2 step 33150/42479 loss -0.0197 ce 0.5338 reward 0.061 lr 1.71e-05 276.6 min, 0.50 s/step
  epoch 1/2 step 33200/42479 loss 0.5649 ce 0.9326 reward -0.407 lr 1.70e-05 277.0 min, 0.50 s/step
  epoch 1/2 step 33250/42479 loss -0.0017 ce 0.4008 reward 0.221 lr 1.70e-05 277.3 min, 0.50 s/step
  epoch 1/2 step 33300/42479 loss 0.4307 ce 0.8974 reward -0.352 lr 1.70e-05 277.8 min, 0.50 s/step
  epoch 1/2 step 33350/42479 loss 0.3986 ce 0.7614 reward -0.230 lr 1.70e-05 278.1 min, 0.50 s/step
  epoch 1/2 step 33400/42479 loss 0.1129 ce 0.3705 reward 0.298 lr 1.70e-05 278.5 min, 0.50 s/step
  epoch 1/2 step 33450/42479 loss 0.0411 ce 0.5599 reward -0.020 lr 1.69e-05 278.9 min, 0.50 s/step
  epoch 1/2 step 33500/42479 loss 1.0114 ce 1.0496 reward -0.782 lr 1.69e-05 279.4 min, 0.50 s/step
  epoch 1/2 step 33550/42479 loss 0.1492 ce 0.3264 reward 0.344 lr 1.69e-05 279.8 min, 0.50 s/step
  epoch 1/2 step 33600/42479 loss -0.2410 ce 0.6929 reward -0.030 lr 1.69e-05 280.2 min, 0.50 s/step
  epoch 1/2 step 33650/42479 loss -0.5944 ce 0.4267 reward 0.208 lr 1.68e-05 280.7 min, 0.50 s/step
  epoch 1/2 step 33700/42479 loss 1.0454 ce 0.8723 reward -0.239 lr 1.68e-05 281.2 min, 0.50 s/step
  epoch 1/2 step 33750/42479 loss -0.4639 ce 0.3927 reward 0.286 lr 1.68e-05 281.6 min, 0.50 s/step
  epoch 1/2 step 33800/42479 loss -1.4642 ce 0.6912 reward -0.027 lr 1.68e-05 282.0 min, 0.50 s/step
  epoch 1/2 step 33850/42479 loss -0.2173 ce 0.5234 reward 0.061 lr 1.68e-05 282.4 min, 0.50 s/step
  epoch 1/2 step 33900/42479 loss -0.1295 ce 0.4604 reward 0.184 lr 1.67e-05 282.9 min, 0.50 s/step
  epoch 1/2 step 33950/42479 loss 0.1092 ce 0.5980 reward 0.007 lr 1.67e-05 283.4 min, 0.50 s/step
  epoch 1/2 step 34000/42479 loss 0.6640 ce 0.7678 reward -0.207 lr 1.67e-05 283.8 min, 0.50 s/step
  epoch 1/2 step 34050/42479 loss -0.4200 ce 0.3384 reward 0.350 lr 1.67e-05 284.2 min, 0.50 s/step
  epoch 1/2 step 34100/42479 loss -0.2861 ce 0.3681 reward 0.293 lr 1.67e-05 284.6 min, 0.50 s/step
  epoch 1/2 step 34150/42479 loss 0.3970 ce 0.3365 reward 0.323 lr 1.66e-05 285.0 min, 0.50 s/step
  epoch 1/2 step 34200/42479 loss 0.1933 ce 0.6860 reward -0.024 lr 1.66e-05 285.4 min, 0.50 s/step
  epoch 1/2 step 34250/42479 loss -0.4439 ce 0.4505 reward 0.132 lr 1.66e-05 285.8 min, 0.50 s/step
  epoch 1/2 step 34300/42479 loss 2.6281 ce 2.2475 reward -1.893 lr 1.66e-05 286.3 min, 0.50 s/step
  epoch 1/2 step 34350/42479 loss -0.1545 ce 0.6507 reward -0.043 lr 1.66e-05 286.6 min, 0.50 s/step
  epoch 1/2 step 34400/42479 loss -0.4676 ce 0.4137 reward 0.240 lr 1.65e-05 287.1 min, 0.50 s/step
  epoch 1/2 step 34450/42479 loss 0.5274 ce 0.4235 reward 0.216 lr 1.65e-05 287.5 min, 0.50 s/step
  epoch 1/2 step 34500/42479 loss -0.3315 ce 0.6062 reward 0.059 lr 1.65e-05 287.9 min, 0.50 s/step
  epoch 1/2 step 34550/42479 loss 0.1183 ce 0.3510 reward 0.330 lr 1.65e-05 288.3 min, 0.50 s/step
  epoch 1/2 step 34600/42479 loss -0.4788 ce 0.4392 reward 0.222 lr 1.64e-05 288.7 min, 0.50 s/step
  epoch 1/2 step 34650/42479 loss -0.3566 ce 0.3912 reward 0.291 lr 1.64e-05 289.0 min, 0.50 s/step
  epoch 1/2 step 34700/42479 loss 0.3809 ce 0.5131 reward 0.091 lr 1.64e-05 289.4 min, 0.50 s/step
  epoch 1/2 step 34750/42479 loss 0.1795 ce 0.2830 reward 0.369 lr 1.64e-05 289.8 min, 0.50 s/step
  epoch 1/2 step 34800/42479 loss 0.4860 ce 0.3866 reward 0.286 lr 1.64e-05 290.2 min, 0.50 s/step
  epoch 1/2 step 34850/42479 loss 0.0336 ce 0.3486 reward 0.292 lr 1.63e-05 290.6 min, 0.50 s/step
  epoch 1/2 step 34900/42479 loss 0.4721 ce 0.6607 reward -0.081 lr 1.63e-05 291.1 min, 0.50 s/step
  epoch 1/2 step 34950/42479 loss 0.9422 ce 0.8352 reward -0.342 lr 1.63e-05 291.6 min, 0.50 s/step
  epoch 1/2 step 35000/42479 loss 0.5614 ce 0.5441 reward 0.055 lr 1.63e-05 292.1 min, 0.50 s/step
  epoch 1/2 step 35050/42479 loss -0.0143 ce 0.3699 reward 0.252 lr 1.63e-05 292.6 min, 0.50 s/step
  epoch 1/2 step 35100/42479 loss 0.1001 ce 0.3564 reward 0.302 lr 1.62e-05 292.9 min, 0.50 s/step
  epoch 1/2 step 35150/42479 loss 0.7543 ce 0.6662 reward -0.114 lr 1.62e-05 293.4 min, 0.50 s/step
  epoch 1/2 step 35200/42479 loss -0.4843 ce 0.3851 reward 0.273 lr 1.62e-05 293.9 min, 0.50 s/step
  epoch 1/2 step 35250/42479 loss 0.6183 ce 0.5301 reward 0.065 lr 1.62e-05 294.3 min, 0.50 s/step
  epoch 1/2 step 35300/42479 loss 0.5851 ce 0.5499 reward 0.012 lr 1.61e-05 294.6 min, 0.50 s/step
  epoch 1/2 step 35350/42479 loss 0.7381 ce 0.4531 reward 0.232 lr 1.61e-05 295.0 min, 0.50 s/step
  epoch 1/2 step 35400/42479 loss 0.8094 ce 0.7440 reward -0.152 lr 1.61e-05 295.5 min, 0.50 s/step
  epoch 1/2 step 35450/42479 loss 0.3534 ce 1.0299 reward -0.513 lr 1.61e-05 295.9 min, 0.50 s/step
  epoch 1/2 step 35500/42479 loss 0.2402 ce 0.3389 reward 0.313 lr 1.61e-05 296.3 min, 0.50 s/step
  epoch 1/2 step 35550/42479 loss 1.1931 ce 0.9418 reward -0.342 lr 1.60e-05 296.7 min, 0.50 s/step
  epoch 1/2 step 35600/42479 loss 0.4138 ce 0.6781 reward -0.188 lr 1.60e-05 297.0 min, 0.50 s/step
  epoch 1/2 step 35650/42479 loss 0.3339 ce 0.6750 reward -0.161 lr 1.60e-05 297.5 min, 0.50 s/step
  epoch 1/2 step 35700/42479 loss -0.0634 ce 0.5753 reward -0.004 lr 1.60e-05 297.9 min, 0.50 s/step
  epoch 1/2 step 35750/42479 loss 0.2478 ce 0.7055 reward -0.209 lr 1.60e-05 298.2 min, 0.50 s/step
  epoch 1/2 step 35800/42479 loss 0.1237 ce 0.3866 reward 0.263 lr 1.59e-05 298.7 min, 0.50 s/step
  epoch 1/2 step 35850/42479 loss 0.7069 ce 0.6834 reward -0.020 lr 1.59e-05 299.2 min, 0.50 s/step
  epoch 1/2 step 35900/42479 loss 0.1922 ce 0.6132 reward 0.005 lr 1.59e-05 299.6 min, 0.50 s/step
  epoch 1/2 step 35950/42479 loss 0.1722 ce 0.3865 reward 0.267 lr 1.59e-05 300.1 min, 0.50 s/step
  epoch 1/2 step 36000/42479 loss 0.1958 ce 0.4152 reward 0.211 lr 1.58e-05 300.5 min, 0.50 s/step
  epoch 1/2 step 36050/42479 loss 0.5855 ce 0.4954 reward 0.146 lr 1.58e-05 300.9 min, 0.50 s/step
  epoch 1/2 step 36100/42479 loss 0.5931 ce 0.8594 reward -0.272 lr 1.58e-05 301.4 min, 0.50 s/step
  epoch 1/2 step 36150/42479 loss 0.1827 ce 0.3399 reward 0.331 lr 1.58e-05 301.8 min, 0.50 s/step
  epoch 1/2 step 36200/42479 loss 0.2246 ce 0.5563 reward 0.029 lr 1.58e-05 302.3 min, 0.50 s/step
  epoch 1/2 step 36250/42479 loss -0.3685 ce 0.2737 reward 0.423 lr 1.57e-05 302.7 min, 0.50 s/step
  epoch 1/2 step 36300/42479 loss -0.3763 ce 0.3676 reward 0.312 lr 1.57e-05 303.1 min, 0.50 s/step
  epoch 1/2 step 36350/42479 loss 0.2566 ce 0.4253 reward 0.180 lr 1.57e-05 303.4 min, 0.50 s/step
  epoch 1/2 step 36400/42479 loss 0.3294 ce 0.4798 reward 0.179 lr 1.57e-05 303.8 min, 0.50 s/step
  epoch 1/2 step 36450/42479 loss -0.2810 ce 0.3888 reward 0.293 lr 1.57e-05 304.1 min, 0.50 s/step
  epoch 1/2 step 36500/42479 loss 0.0528 ce 0.3668 reward 0.307 lr 1.56e-05 304.6 min, 0.50 s/step
  epoch 1/2 step 36550/42479 loss -0.2416 ce 0.3980 reward 0.267 lr 1.56e-05 305.0 min, 0.50 s/step
  epoch 1/2 step 36600/42479 loss 0.0101 ce 0.4119 reward 0.223 lr 1.56e-05 305.5 min, 0.50 s/step
  epoch 1/2 step 36650/42479 loss 0.2534 ce 0.5438 reward 0.027 lr 1.56e-05 305.9 min, 0.50 s/step
  epoch 1/2 step 36700/42479 loss -0.1239 ce 0.4716 reward 0.178 lr 1.55e-05 306.4 min, 0.50 s/step
  epoch 1/2 step 36750/42479 loss 0.0276 ce 0.4954 reward 0.115 lr 1.55e-05 306.8 min, 0.50 s/step
  epoch 1/2 step 36800/42479 loss 0.5451 ce 0.7158 reward -0.139 lr 1.55e-05 307.2 min, 0.50 s/step
  epoch 1/2 step 36850/42479 loss 0.9282 ce 0.8960 reward -0.251 lr 1.55e-05 307.6 min, 0.50 s/step
  epoch 1/2 step 36900/42479 loss 1.0220 ce 0.6907 reward -0.159 lr 1.55e-05 308.0 min, 0.50 s/step
  epoch 1/2 step 36950/42479 loss -0.0851 ce 0.6827 reward -0.022 lr 1.54e-05 308.4 min, 0.50 s/step
  epoch 1/2 step 37000/42479 loss 0.6724 ce 0.9167 reward -0.478 lr 1.54e-05 308.9 min, 0.50 s/step
  epoch 1/2 step 37050/42479 loss 1.0744 ce 0.6856 reward -0.023 lr 1.54e-05 309.2 min, 0.50 s/step
  epoch 1/2 step 37100/42479 loss 0.0101 ce 0.6161 reward -0.068 lr 1.54e-05 309.6 min, 0.50 s/step
  epoch 1/2 step 37150/42479 loss 0.5128 ce 0.6822 reward -0.020 lr 1.53e-05 310.0 min, 0.50 s/step
  epoch 1/2 step 37200/42479 loss -0.2254 ce 0.3992 reward 0.228 lr 1.53e-05 310.5 min, 0.50 s/step
  epoch 1/2 step 37250/42479 loss 0.7469 ce 0.9981 reward -0.564 lr 1.53e-05 310.9 min, 0.50 s/step
  epoch 1/2 step 37300/42479 loss 0.1222 ce 0.4390 reward 0.142 lr 1.53e-05 311.3 min, 0.50 s/step
  epoch 1/2 step 37350/42479 loss 0.3441 ce 0.4856 reward 0.149 lr 1.53e-05 311.7 min, 0.50 s/step
  epoch 1/2 step 37400/42479 loss 0.9096 ce 1.8053 reward -1.278 lr 1.52e-05 312.2 min, 0.50 s/step
  epoch 1/2 step 37450/42479 loss 0.2128 ce 0.6434 reward 0.019 lr 1.52e-05 312.6 min, 0.50 s/step
  epoch 1/2 step 37500/42479 loss 0.2489 ce 0.6064 reward 0.059 lr 1.52e-05 313.0 min, 0.50 s/step
  epoch 1/2 step 37550/42479 loss 0.1028 ce 0.3888 reward 0.261 lr 1.52e-05 313.5 min, 0.50 s/step
  epoch 1/2 step 37600/42479 loss 0.0960 ce 0.3279 reward 0.313 lr 1.52e-05 313.9 min, 0.50 s/step
  epoch 1/2 step 37650/42479 loss 1.8238 ce 1.0778 reward -0.513 lr 1.51e-05 314.4 min, 0.50 s/step
  epoch 1/2 step 37700/42479 loss 0.1443 ce 0.5188 reward 0.115 lr 1.51e-05 314.7 min, 0.50 s/step
  epoch 1/2 step 37750/42479 loss 0.1841 ce 0.5873 reward -0.008 lr 1.51e-05 315.1 min, 0.50 s/step
  epoch 1/2 step 37800/42479 loss 0.3834 ce 0.3410 reward 0.344 lr 1.51e-05 315.6 min, 0.50 s/step
  epoch 1/2 step 37850/42479 loss 1.2424 ce 1.3737 reward -0.769 lr 1.50e-05 315.9 min, 0.50 s/step
  epoch 1/2 step 37900/42479 loss 0.4779 ce 0.2184 reward 0.475 lr 1.50e-05 316.3 min, 0.50 s/step
  epoch 1/2 step 37950/42479 loss 0.1848 ce 0.4426 reward 0.236 lr 1.50e-05 316.7 min, 0.50 s/step
  epoch 1/2 step 38000/42479 loss -0.2543 ce 0.6065 reward 0.056 lr 1.50e-05 317.1 min, 0.50 s/step
  epoch 1/2 step 38050/42479 loss 0.6870 ce 0.7921 reward -0.241 lr 1.50e-05 317.5 min, 0.50 s/step
  epoch 1/2 step 38100/42479 loss 0.1054 ce 0.5258 reward 0.036 lr 1.49e-05 317.9 min, 0.50 s/step
  epoch 1/2 step 38150/42479 loss -0.2177 ce 0.5086 reward 0.061 lr 1.49e-05 318.4 min, 0.50 s/step
  epoch 1/2 step 38200/42479 loss 0.2661 ce 0.4646 reward 0.226 lr 1.49e-05 318.9 min, 0.50 s/step
  epoch 1/2 step 38250/42479 loss 0.0230 ce 0.7875 reward -0.357 lr 1.49e-05 319.3 min, 0.50 s/step
  epoch 1/2 step 38300/42479 loss 0.8316 ce 0.6877 reward -0.132 lr 1.48e-05 319.7 min, 0.50 s/step
  epoch 1/2 step 38350/42479 loss 0.2396 ce 0.4175 reward 0.175 lr 1.48e-05 320.3 min, 0.50 s/step
  epoch 1/2 step 38400/42479 loss 0.2955 ce 0.2714 reward 0.411 lr 1.48e-05 320.7 min, 0.50 s/step
  epoch 1/2 step 38450/42479 loss 0.2174 ce 0.7490 reward -0.249 lr 1.48e-05 321.1 min, 0.50 s/step
  epoch 1/2 step 38500/42479 loss 0.0646 ce 0.4624 reward 0.158 lr 1.48e-05 321.5 min, 0.50 s/step
  epoch 1/2 step 38550/42479 loss 0.9297 ce 0.6833 reward -0.111 lr 1.47e-05 321.8 min, 0.50 s/step
  epoch 1/2 step 38600/42479 loss -0.0290 ce 0.4369 reward 0.184 lr 1.47e-05 322.3 min, 0.50 s/step
  epoch 1/2 step 38650/42479 loss 0.5470 ce 0.5439 reward 0.034 lr 1.47e-05 322.7 min, 0.50 s/step
  epoch 1/2 step 38700/42479 loss 0.3771 ce 0.4426 reward 0.185 lr 1.47e-05 323.1 min, 0.50 s/step
  epoch 1/2 step 38750/42479 loss 0.1240 ce 0.4595 reward 0.145 lr 1.46e-05 323.5 min, 0.50 s/step
  epoch 1/2 step 38800/42479 loss 0.4807 ce 0.5897 reward -0.037 lr 1.46e-05 323.8 min, 0.50 s/step
  epoch 1/2 step 38850/42479 loss 0.8097 ce 0.5857 reward 0.016 lr 1.46e-05 324.3 min, 0.50 s/step
  epoch 1/2 step 38900/42479 loss 0.7818 ce 0.7876 reward -0.267 lr 1.46e-05 324.6 min, 0.50 s/step
  epoch 1/2 step 38950/42479 loss 0.1198 ce 0.3293 reward 0.349 lr 1.46e-05 325.0 min, 0.50 s/step
  epoch 1/2 step 39000/42479 loss 0.3434 ce 0.4925 reward 0.072 lr 1.45e-05 325.4 min, 0.50 s/step
  epoch 1/2 step 39050/42479 loss -0.3851 ce 0.6191 reward 0.034 lr 1.45e-05 325.8 min, 0.50 s/step
  epoch 1/2 step 39100/42479 loss -0.3551 ce 0.6939 reward -0.028 lr 1.45e-05 326.2 min, 0.50 s/step
  epoch 1/2 step 39150/42479 loss 0.7487 ce 0.6693 reward -0.129 lr 1.45e-05 326.5 min, 0.50 s/step
  epoch 1/2 step 39200/42479 loss -0.2411 ce 0.2946 reward 0.343 lr 1.45e-05 326.9 min, 0.50 s/step
  epoch 1/2 step 39250/42479 loss 0.1833 ce 0.4422 reward 0.176 lr 1.44e-05 327.4 min, 0.50 s/step
  epoch 1/2 step 39300/42479 loss -0.2077 ce 0.3545 reward 0.332 lr 1.44e-05 327.8 min, 0.50 s/step
  epoch 1/2 step 39350/42479 loss 0.3051 ce 0.7282 reward -0.221 lr 1.44e-05 328.1 min, 0.50 s/step
  epoch 1/2 step 39400/42479 loss 0.8047 ce 0.7299 reward -0.120 lr 1.44e-05 328.5 min, 0.50 s/step
  epoch 1/2 step 39450/42479 loss -0.0711 ce 0.6067 reward 0.061 lr 1.43e-05 328.9 min, 0.50 s/step
  epoch 1/2 step 39500/42479 loss 0.2526 ce 0.4932 reward 0.059 lr 1.43e-05 329.2 min, 0.50 s/step
  epoch 1/2 step 39550/42479 loss 0.4800 ce 0.5643 reward 0.050 lr 1.43e-05 329.7 min, 0.50 s/step
  epoch 1/2 step 39600/42479 loss 0.5382 ce 0.6842 reward -0.144 lr 1.43e-05 330.1 min, 0.50 s/step
  epoch 1/2 step 39650/42479 loss 0.4248 ce 0.5828 reward 0.038 lr 1.43e-05 330.4 min, 0.50 s/step
  epoch 1/2 step 39700/42479 loss 0.8056 ce 0.9071 reward -0.326 lr 1.42e-05 330.9 min, 0.50 s/step
  epoch 1/2 step 39750/42479 loss -0.2547 ce 0.3965 reward 0.282 lr 1.42e-05 331.2 min, 0.50 s/step
  epoch 1/2 step 39800/42479 loss 0.9340 ce 0.6868 reward -0.021 lr 1.42e-05 331.7 min, 0.50 s/step
  epoch 1/2 step 39850/42479 loss 0.5351 ce 0.7674 reward -0.275 lr 1.42e-05 332.1 min, 0.50 s/step
  epoch 1/2 step 39900/42479 loss 0.6366 ce 0.4620 reward 0.120 lr 1.41e-05 332.5 min, 0.50 s/step
  epoch 1/2 step 39950/42479 loss 0.3419 ce 0.6916 reward -0.025 lr 1.41e-05 333.0 min, 0.50 s/step
  epoch 1/2 step 40000/42479 loss 0.6906 ce 1.2453 reward -0.684 lr 1.41e-05 333.4 min, 0.50 s/step
  epoch 1/2 step 40050/42479 loss 0.4380 ce 0.5292 reward 0.044 lr 1.41e-05 333.9 min, 0.50 s/step
  epoch 1/2 step 40100/42479 loss -0.0431 ce 0.6532 reward 0.009 lr 1.41e-05 334.3 min, 0.50 s/step
  epoch 1/2 step 40150/42479 loss -0.2028 ce 0.4565 reward 0.130 lr 1.40e-05 334.7 min, 0.50 s/step
  epoch 1/2 step 40200/42479 loss -0.8922 ce 0.6131 reward 0.054 lr 1.40e-05 335.2 min, 0.50 s/step
  epoch 1/2 step 40250/42479 loss 0.4415 ce 0.5662 reward 0.044 lr 1.40e-05 335.6 min, 0.50 s/step
  epoch 1/2 step 40300/42479 loss -0.0571 ce 0.5641 reward -0.015 lr 1.40e-05 336.0 min, 0.50 s/step
  epoch 1/2 step 40350/42479 loss -0.8357 ce 0.3699 reward 0.310 lr 1.39e-05 336.5 min, 0.50 s/step
  epoch 1/2 step 40400/42479 loss 0.2146 ce 0.5443 reward 0.040 lr 1.39e-05 336.9 min, 0.50 s/step
  epoch 1/2 step 40450/42479 loss 0.0456 ce 0.4876 reward 0.124 lr 1.39e-05 337.3 min, 0.50 s/step
  epoch 1/2 step 40500/42479 loss -0.5774 ce 0.6075 reward 0.057 lr 1.39e-05 337.8 min, 0.50 s/step
  epoch 1/2 step 40550/42479 loss 0.2889 ce 0.4605 reward 0.153 lr 1.39e-05 338.2 min, 0.50 s/step
  epoch 1/2 step 40600/42479 loss 0.0636 ce 0.3692 reward 0.292 lr 1.38e-05 338.6 min, 0.50 s/step
  epoch 1/2 step 40650/42479 loss 0.2923 ce 0.4721 reward 0.135 lr 1.38e-05 339.0 min, 0.50 s/step
  epoch 1/2 step 40700/42479 loss 0.3273 ce 0.2989 reward 0.375 lr 1.38e-05 339.5 min, 0.50 s/step
  epoch 1/2 step 40750/42479 loss -0.2664 ce 0.5168 reward 0.080 lr 1.38e-05 339.9 min, 0.50 s/step
  epoch 1/2 step 40800/42479 loss -0.1975 ce 0.2932 reward 0.387 lr 1.37e-05 340.3 min, 0.50 s/step
  epoch 1/2 step 40850/42479 loss 2.3327 ce 1.5717 reward -1.062 lr 1.37e-05 340.8 min, 0.50 s/step
  epoch 1/2 step 40900/42479 loss -0.1371 ce 0.3541 reward 0.232 lr 1.37e-05 341.2 min, 0.50 s/step
  epoch 1/2 step 40950/42479 loss 0.7871 ce 0.5108 reward 0.130 lr 1.37e-05 341.6 min, 0.50 s/step
  epoch 1/2 step 41000/42479 loss 0.3785 ce 0.5653 reward 0.035 lr 1.37e-05 342.1 min, 0.50 s/step
  epoch 1/2 step 41050/42479 loss 0.3441 ce 0.3791 reward 0.252 lr 1.36e-05 342.4 min, 0.50 s/step
  epoch 1/2 step 41100/42479 loss 0.3510 ce 0.4568 reward 0.186 lr 1.36e-05 342.9 min, 0.50 s/step
  epoch 1/2 step 41150/42479 loss 0.6177 ce 0.5705 reward 0.080 lr 1.36e-05 343.3 min, 0.50 s/step
  epoch 1/2 step 41200/42479 loss -0.7587 ce 0.6771 reward -0.014 lr 1.36e-05 343.7 min, 0.50 s/step
  epoch 1/2 step 41250/42479 loss 0.8546 ce 0.4811 reward 0.158 lr 1.35e-05 344.1 min, 0.50 s/step
  epoch 1/2 step 41300/42479 loss 0.3127 ce 0.6292 reward -0.083 lr 1.35e-05 344.5 min, 0.50 s/step
  epoch 1/2 step 41350/42479 loss 0.1610 ce 0.5596 reward 0.008 lr 1.35e-05 344.9 min, 0.50 s/step
  epoch 1/2 step 41400/42479 loss -2.4519 ce 0.6805 reward -0.018 lr 1.35e-05 345.4 min, 0.50 s/step
  epoch 1/2 step 41450/42479 loss -0.0492 ce 0.3910 reward 0.287 lr 1.35e-05 345.9 min, 0.50 s/step
  epoch 1/2 step 41500/42479 loss 0.4132 ce 0.6121 reward 0.007 lr 1.34e-05 346.3 min, 0.50 s/step
  epoch 1/2 step 41550/42479 loss 0.5532 ce 0.4298 reward 0.231 lr 1.34e-05 346.8 min, 0.50 s/step
  epoch 1/2 step 41600/42479 loss 0.2779 ce 0.5588 reward -0.022 lr 1.34e-05 347.2 min, 0.50 s/step
  epoch 1/2 step 41650/42479 loss -0.5175 ce 0.6821 reward -0.021 lr 1.34e-05 347.7 min, 0.50 s/step
  epoch 1/2 step 41700/42479 loss 0.2145 ce 0.3367 reward 0.316 lr 1.33e-05 348.1 min, 0.50 s/step
  epoch 1/2 step 41750/42479 loss 0.6475 ce 0.6776 reward -0.120 lr 1.33e-05 348.5 min, 0.50 s/step
  epoch 1/2 step 41800/42479 loss 0.8830 ce 0.2889 reward 0.406 lr 1.33e-05 349.0 min, 0.50 s/step
  epoch 1/2 step 41850/42479 loss 0.2509 ce 0.5796 reward -0.023 lr 1.33e-05 349.3 min, 0.50 s/step
  epoch 1/2 step 41900/42479 loss 0.3414 ce 0.4895 reward 0.150 lr 1.33e-05 349.7 min, 0.50 s/step
  epoch 1/2 step 41950/42479 loss 1.4591 ce 1.0848 reward -0.506 lr 1.32e-05 350.1 min, 0.50 s/step
  epoch 1/2 step 42000/42479 loss 0.0290 ce 0.1216 reward 0.609 lr 1.32e-05 350.5 min, 0.50 s/step
  epoch 1/2 step 42050/42479 loss 0.4568 ce 0.6126 reward 0.002 lr 1.32e-05 350.9 min, 0.50 s/step
  epoch 1/2 step 42100/42479 loss 2.2854 ce 1.8441 reward -1.288 lr 1.32e-05 351.3 min, 0.50 s/step
  epoch 1/2 step 42150/42479 loss 0.0678 ce 0.5346 reward 0.023 lr 1.31e-05 351.6 min, 0.50 s/step
  epoch 1/2 step 42200/42479 loss 0.5959 ce 0.6945 reward -0.093 lr 1.31e-05 352.1 min, 0.50 s/step
  epoch 1/2 step 42250/42479 loss -0.1236 ce 0.4170 reward 0.213 lr 1.31e-05 352.5 min, 0.50 s/step
  epoch 1/2 step 42300/42479 loss 0.0699 ce 0.3488 reward 0.301 lr 1.31e-05 352.9 min, 0.50 s/step
  epoch 1/2 step 42350/42479 loss 0.4615 ce 0.5347 reward 0.084 lr 1.31e-05 353.3 min, 0.50 s/step
  epoch 1/2 step 42400/42479 loss 0.2557 ce 0.3750 reward 0.261 lr 1.30e-05 353.7 min, 0.50 s/step
  epoch 1/2 step 42450/42479 loss -0.0924 ce 0.3718 reward 0.305 lr 1.30e-05 354.0 min, 0.50 s/step
=== epoch 1 done, avg loss 0.3248, 354.2 min ===
  epoch 2/2 step 50/42479 loss 0.6214 ce 0.7145 reward -0.175 lr 1.30e-05 354.6 min, 0.50 s/step
  epoch 2/2 step 100/42479 loss 0.1919 ce 0.2571 reward 0.440 lr 1.30e-05 355.1 min, 0.50 s/step
  epoch 2/2 step 150/42479 loss 1.3414 ce 0.6597 reward -0.036 lr 1.29e-05 355.4 min, 0.50 s/step
  epoch 2/2 step 200/42479 loss 0.3748 ce 0.6761 reward 0.000 lr 1.29e-05 355.9 min, 0.50 s/step
  epoch 2/2 step 250/42479 loss 2.2964 ce 1.3243 reward -0.720 lr 1.29e-05 356.3 min, 0.50 s/step
  epoch 2/2 step 300/42479 loss 0.6375 ce 0.5237 reward 0.133 lr 1.29e-05 356.6 min, 0.50 s/step
  epoch 2/2 step 350/42479 loss -0.2653 ce 0.6060 reward 0.072 lr 1.28e-05 357.1 min, 0.50 s/step
  epoch 2/2 step 400/42479 loss 0.1820 ce 0.3792 reward 0.306 lr 1.28e-05 357.6 min, 0.50 s/step
  epoch 2/2 step 450/42479 loss 0.5223 ce 0.4221 reward 0.224 lr 1.28e-05 358.0 min, 0.50 s/step
  epoch 2/2 step 500/42479 loss 0.1885 ce 0.3476 reward 0.334 lr 1.28e-05 358.4 min, 0.50 s/step
  epoch 2/2 step 550/42479 loss 0.2550 ce 0.6904 reward -0.146 lr 1.28e-05 358.8 min, 0.50 s/step
  epoch 2/2 step 600/42479 loss 0.3274 ce 0.3929 reward 0.259 lr 1.27e-05 359.3 min, 0.50 s/step
  epoch 2/2 step 650/42479 loss 0.4108 ce 0.4699 reward 0.159 lr 1.27e-05 359.7 min, 0.50 s/step
  epoch 2/2 step 700/42479 loss 0.5975 ce 0.4439 reward 0.211 lr 1.27e-05 360.1 min, 0.50 s/step
  epoch 2/2 step 750/42479 loss 0.8896 ce 0.5665 reward 0.045 lr 1.27e-05 360.6 min, 0.50 s/step
  epoch 2/2 step 800/42479 loss 0.1730 ce 0.4161 reward 0.228 lr 1.26e-05 361.0 min, 0.50 s/step
  epoch 2/2 step 850/42479 loss 0.3011 ce 0.4674 reward 0.154 lr 1.26e-05 361.4 min, 0.50 s/step
  epoch 2/2 step 900/42479 loss 1.0551 ce 0.4678 reward 0.159 lr 1.26e-05 361.8 min, 0.50 s/step
  epoch 2/2 step 950/42479 loss -0.0142 ce 0.3431 reward 0.324 lr 1.26e-05 362.2 min, 0.50 s/step
  epoch 2/2 step 1000/42479 loss 0.0661 ce 0.4043 reward 0.282 lr 1.26e-05 362.7 min, 0.50 s/step
  epoch 2/2 step 1050/42479 loss 0.6302 ce 0.7870 reward -0.211 lr 1.25e-05 363.0 min, 0.50 s/step
  epoch 2/2 step 1100/42479 loss 0.5745 ce 0.3368 reward 0.337 lr 1.25e-05 363.4 min, 0.50 s/step
  epoch 2/2 step 1150/42479 loss 0.4203 ce 0.5080 reward 0.157 lr 1.25e-05 363.8 min, 0.50 s/step
  epoch 2/2 step 1200/42479 loss 0.5139 ce 0.5704 reward 0.023 lr 1.25e-05 364.2 min, 0.50 s/step
  epoch 2/2 step 1250/42479 loss -1.0034 ce 0.6060 reward 0.072 lr 1.24e-05 364.5 min, 0.50 s/step
  epoch 2/2 step 1300/42479 loss 0.2725 ce 0.5276 reward 0.124 lr 1.24e-05 365.0 min, 0.50 s/step
  epoch 2/2 step 1350/42479 loss 0.9591 ce 0.8154 reward -0.215 lr 1.24e-05 365.3 min, 0.50 s/step
  epoch 2/2 step 1400/42479 loss 0.3327 ce 0.3096 reward 0.365 lr 1.24e-05 365.6 min, 0.50 s/step
  epoch 2/2 step 1450/42479 loss 0.1665 ce 0.3362 reward 0.352 lr 1.24e-05 366.0 min, 0.50 s/step
  epoch 2/2 step 1500/42479 loss 0.0709 ce 0.5000 reward 0.142 lr 1.23e-05 366.4 min, 0.50 s/step
  epoch 2/2 step 1550/42479 loss -0.2880 ce 0.3398 reward 0.358 lr 1.23e-05 366.9 min, 0.50 s/step
  epoch 2/2 step 1600/42479 loss -0.0347 ce 0.6830 reward -0.007 lr 1.23e-05 367.3 min, 0.50 s/step
  epoch 2/2 step 1650/42479 loss -1.3631 ce 0.6850 reward -0.009 lr 1.23e-05 367.7 min, 0.50 s/step
  epoch 2/2 step 1700/42479 loss 0.5777 ce 0.3437 reward 0.318 lr 1.22e-05 368.1 min, 0.50 s/step
  epoch 2/2 step 1750/42479 loss 0.9453 ce 0.7290 reward -0.186 lr 1.22e-05 368.5 min, 0.50 s/step
  epoch 2/2 step 1800/42479 loss -0.0220 ce 0.3827 reward 0.261 lr 1.22e-05 369.0 min, 0.50 s/step
  epoch 2/2 step 1850/42479 loss 0.4159 ce 0.6630 reward -0.090 lr 1.22e-05 369.4 min, 0.50 s/step
  epoch 2/2 step 1900/42479 loss 0.5086 ce 0.4392 reward 0.200 lr 1.22e-05 369.8 min, 0.50 s/step
  epoch 2/2 step 1950/42479 loss 0.3137 ce 0.4070 reward 0.247 lr 1.21e-05 370.2 min, 0.50 s/step
  epoch 2/2 step 2000/42479 loss -0.0001 ce 0.4864 reward 0.180 lr 1.21e-05 370.6 min, 0.50 s/step
  epoch 2/2 step 2050/42479 loss -0.4580 ce 0.6059 reward 0.072 lr 1.21e-05 371.1 min, 0.50 s/step
  epoch 2/2 step 2100/42479 loss 0.3646 ce 0.4537 reward 0.163 lr 1.21e-05 371.4 min, 0.50 s/step
  epoch 2/2 step 2150/42479 loss 0.6334 ce 0.5489 reward 0.091 lr 1.20e-05 371.8 min, 0.50 s/step
  epoch 2/2 step 2200/42479 loss 0.2245 ce 0.3966 reward 0.274 lr 1.20e-05 372.1 min, 0.50 s/step
  epoch 2/2 step 2250/42479 loss 0.4489 ce 0.5334 reward 0.076 lr 1.20e-05 372.6 min, 0.50 s/step
  epoch 2/2 step 2300/42479 loss 0.7266 ce 1.0505 reward -0.426 lr 1.20e-05 373.0 min, 0.50 s/step
  epoch 2/2 step 2350/42479 loss 0.3072 ce 0.5770 reward 0.007 lr 1.20e-05 373.4 min, 0.50 s/step
  epoch 2/2 step 2400/42479 loss 0.1796 ce 0.5248 reward 0.101 lr 1.19e-05 373.9 min, 0.50 s/step
  epoch 2/2 step 2450/42479 loss -0.1255 ce 0.6046 reward 0.011 lr 1.19e-05 374.3 min, 0.50 s/step
  epoch 2/2 step 2500/42479 loss 1.2321 ce 0.6878 reward -0.012 lr 1.19e-05 374.6 min, 0.50 s/step
  epoch 2/2 step 2550/42479 loss -0.1095 ce 0.3900 reward 0.300 lr 1.19e-05 375.1 min, 0.50 s/step
  epoch 2/2 step 2600/42479 loss 0.3146 ce 0.6575 reward -0.099 lr 1.18e-05 375.6 min, 0.50 s/step
  epoch 2/2 step 2650/42479 loss 0.2311 ce 0.4942 reward 0.118 lr 1.18e-05 376.1 min, 0.50 s/step
  epoch 2/2 step 2700/42479 loss 0.2921 ce 0.3263 reward 0.349 lr 1.18e-05 376.5 min, 0.50 s/step
  epoch 2/2 step 2750/42479 loss 0.5596 ce 0.6841 reward -0.125 lr 1.18e-05 376.9 min, 0.50 s/step
  epoch 2/2 step 2800/42479 loss 0.6477 ce 0.5800 reward 0.054 lr 1.18e-05 377.3 min, 0.50 s/step
  epoch 2/2 step 2850/42479 loss -0.7589 ce 0.6474 reward 0.029 lr 1.17e-05 377.7 min, 0.50 s/step
  epoch 2/2 step 2900/42479 loss 0.8669 ce 0.8293 reward -0.304 lr 1.17e-05 378.2 min, 0.50 s/step
  epoch 2/2 step 2950/42479 loss 0.8391 ce 0.6303 reward -0.020 lr 1.17e-05 378.6 min, 0.50 s/step
  epoch 2/2 step 3000/42479 loss -0.0222 ce 0.4384 reward 0.230 lr 1.17e-05 379.0 min, 0.50 s/step
  epoch 2/2 step 3050/42479 loss 0.7138 ce 0.6743 reward 0.001 lr 1.16e-05 379.3 min, 0.50 s/step
  epoch 2/2 step 3100/42479 loss -1.6631 ce 0.6832 reward -0.007 lr 1.16e-05 379.7 min, 0.50 s/step
  epoch 2/2 step 3150/42479 loss 1.1753 ce 1.2077 reward -0.630 lr 1.16e-05 380.1 min, 0.50 s/step
  epoch 2/2 step 3200/42479 loss 0.0914 ce 0.4698 reward 0.202 lr 1.16e-05 380.5 min, 0.50 s/step
  epoch 2/2 step 3250/42479 loss -0.2472 ce 0.6848 reward -0.009 lr 1.16e-05 381.0 min, 0.50 s/step
  epoch 2/2 step 3300/42479 loss 1.6668 ce 1.1990 reward -0.602 lr 1.15e-05 381.4 min, 0.50 s/step
  epoch 2/2 step 3350/42479 loss 0.4254 ce 0.2454 reward 0.451 lr 1.15e-05 381.8 min, 0.50 s/step
  epoch 2/2 step 3400/42479 loss 0.4256 ce 0.6454 reward -0.066 lr 1.15e-05 382.1 min, 0.50 s/step
  epoch 2/2 step 3450/42479 loss 0.3921 ce 0.4223 reward 0.220 lr 1.15e-05 382.5 min, 0.50 s/step
  epoch 2/2 step 3500/42479 loss 0.5125 ce 0.4584 reward 0.174 lr 1.14e-05 383.0 min, 0.50 s/step
  epoch 2/2 step 3550/42479 loss 0.4113 ce 0.2105 reward 0.501 lr 1.14e-05 383.3 min, 0.50 s/step
  epoch 2/2 step 3600/42479 loss 2.5659 ce 1.5457 reward -1.009 lr 1.14e-05 383.7 min, 0.50 s/step
  epoch 2/2 step 3650/42479 loss 0.0420 ce 0.6441 reward -0.032 lr 1.14e-05 384.1 min, 0.50 s/step
  epoch 2/2 step 3700/42479 loss 0.2727 ce 0.4266 reward 0.254 lr 1.14e-05 384.5 min, 0.50 s/step
  epoch 2/2 step 3750/42479 loss 0.3294 ce 0.4159 reward 0.259 lr 1.13e-05 385.0 min, 0.50 s/step
  epoch 2/2 step 3800/42479 loss -0.4845 ce 0.6828 reward -0.007 lr 1.13e-05 385.4 min, 0.50 s/step
  epoch 2/2 step 3850/42479 loss -1.2728 ce 0.6116 reward 0.066 lr 1.13e-05 385.9 min, 0.50 s/step
  epoch 2/2 step 3900/42479 loss 0.4988 ce 0.5911 reward 0.033 lr 1.13e-05 386.2 min, 0.50 s/step
  epoch 2/2 step 3950/42479 loss 1.0108 ce 1.2147 reward -0.680 lr 1.13e-05 386.6 min, 0.50 s/step
  epoch 2/2 step 4000/42479 loss 0.5026 ce 0.4926 reward 0.137 lr 1.12e-05 387.1 min, 0.50 s/step
  epoch 2/2 step 4050/42479 loss 0.3464 ce 0.6233 reward -0.033 lr 1.12e-05 387.5 min, 0.50 s/step
  epoch 2/2 step 4100/42479 loss 0.4919 ce 0.7226 reward -0.110 lr 1.12e-05 388.0 min, 0.50 s/step
  epoch 2/2 step 4150/42479 loss 0.3261 ce 0.6474 reward -0.065 lr 1.12e-05 388.4 min, 0.50 s/step
  epoch 2/2 step 4200/42479 loss 0.6376 ce 0.5930 reward 0.044 lr 1.11e-05 388.7 min, 0.50 s/step
  epoch 2/2 step 4250/42479 loss -0.0713 ce 0.5352 reward 0.068 lr 1.11e-05 389.1 min, 0.50 s/step
  epoch 2/2 step 4300/42479 loss 1.0054 ce 0.8152 reward -0.275 lr 1.11e-05 389.6 min, 0.50 s/step
  epoch 2/2 step 4350/42479 loss 0.3839 ce 0.6867 reward -0.083 lr 1.11e-05 390.0 min, 0.50 s/step
  epoch 2/2 step 4400/42479 loss 0.4956 ce 0.4542 reward 0.195 lr 1.11e-05 390.5 min, 0.50 s/step
  epoch 2/2 step 4450/42479 loss 0.8291 ce 1.3044 reward -0.702 lr 1.10e-05 390.9 min, 0.50 s/step
  epoch 2/2 step 4500/42479 loss 0.7233 ce 0.4983 reward 0.122 lr 1.10e-05 391.3 min, 0.50 s/step
  epoch 2/2 step 4550/42479 loss 0.5465 ce 0.6059 reward 0.072 lr 1.10e-05 391.7 min, 0.50 s/step
  epoch 2/2 step 4600/42479 loss 0.1375 ce 0.3980 reward 0.289 lr 1.10e-05 392.1 min, 0.50 s/step
  epoch 2/2 step 4650/42479 loss -0.0787 ce 0.2355 reward 0.467 lr 1.09e-05 392.6 min, 0.50 s/step
  epoch 2/2 step 4700/42479 loss 0.8354 ce 0.8193 reward -0.261 lr 1.09e-05 393.0 min, 0.50 s/step
  epoch 2/2 step 4750/42479 loss 0.7023 ce 0.3438 reward 0.354 lr 1.09e-05 393.4 min, 0.50 s/step
  epoch 2/2 step 4800/42479 loss 1.1673 ce 0.6596 reward 0.017 lr 1.09e-05 393.9 min, 0.50 s/step
  epoch 2/2 step 4850/42479 loss -0.2760 ce 0.6813 reward -0.005 lr 1.09e-05 394.3 min, 0.50 s/step
  epoch 2/2 step 4900/42479 loss 0.5051 ce 0.4587 reward 0.174 lr 1.08e-05 394.8 min, 0.50 s/step
  epoch 2/2 step 4950/42479 loss 0.1191 ce 0.3649 reward 0.299 lr 1.08e-05 395.2 min, 0.50 s/step
  epoch 2/2 step 5000/42479 loss 0.7281 ce 0.6071 reward 0.071 lr 1.08e-05 395.7 min, 0.50 s/step
  epoch 2/2 step 5050/42479 loss 0.7064 ce 0.5758 reward 0.021 lr 1.08e-05 396.1 min, 0.50 s/step
  epoch 2/2 step 5100/42479 loss 0.2784 ce 0.4569 reward 0.181 lr 1.07e-05 396.5 min, 0.50 s/step
  epoch 2/2 step 5150/42479 loss 0.1530 ce 0.3973 reward 0.254 lr 1.07e-05 397.0 min, 0.50 s/step
  epoch 2/2 step 5200/42479 loss 0.8594 ce 0.3406 reward 0.335 lr 1.07e-05 397.4 min, 0.50 s/step
  epoch 2/2 step 5250/42479 loss 0.7408 ce 0.6812 reward -0.005 lr 1.07e-05 397.9 min, 0.50 s/step
  epoch 2/2 step 5300/42479 loss 0.2001 ce 0.4105 reward 0.260 lr 1.07e-05 398.3 min, 0.50 s/step
  epoch 2/2 step 5350/42479 loss 1.1858 ce 0.5365 reward 0.122 lr 1.06e-05 398.6 min, 0.50 s/step
  epoch 2/2 step 5400/42479 loss 0.7638 ce 0.4706 reward 0.196 lr 1.06e-05 399.1 min, 0.50 s/step
  epoch 2/2 step 5450/42479 loss 0.8106 ce 0.6831 reward -0.121 lr 1.06e-05 399.5 min, 0.50 s/step
  epoch 2/2 step 5500/42479 loss -0.1636 ce 0.6793 reward -0.003 lr 1.06e-05 399.9 min, 0.50 s/step
  epoch 2/2 step 5550/42479 loss 0.5297 ce 0.5519 reward 0.061 lr 1.06e-05 400.3 min, 0.50 s/step
  epoch 2/2 step 5600/42479 loss 0.6726 ce 0.6053 reward 0.031 lr 1.05e-05 400.7 min, 0.50 s/step
  epoch 2/2 step 5650/42479 loss 0.8706 ce 0.5522 reward 0.083 lr 1.05e-05 401.1 min, 0.50 s/step
  epoch 2/2 step 5700/42479 loss 0.4019 ce 0.6708 reward -0.108 lr 1.05e-05 401.5 min, 0.50 s/step
  epoch 2/2 step 5750/42479 loss 0.6316 ce 0.5911 reward 0.027 lr 1.05e-05 401.9 min, 0.50 s/step
  epoch 2/2 step 5800/42479 loss -0.0378 ce 0.3534 reward 0.333 lr 1.04e-05 402.3 min, 0.50 s/step
  epoch 2/2 step 5850/42479 loss 0.5793 ce 0.4624 reward 0.207 lr 1.04e-05 402.7 min, 0.50 s/step
  epoch 2/2 step 5900/42479 loss -0.4910 ce 0.2351 reward 0.470 lr 1.04e-05 403.1 min, 0.50 s/step
  epoch 2/2 step 5950/42479 loss 0.0428 ce 0.5313 reward 0.076 lr 1.04e-05 403.5 min, 0.50 s/step
  epoch 2/2 step 6000/42479 loss 0.3341 ce 0.5418 reward 0.089 lr 1.04e-05 403.9 min, 0.50 s/step
  epoch 2/2 step 6050/42479 loss -1.2178 ce 0.6417 reward 0.035 lr 1.03e-05 404.2 min, 0.50 s/step
  epoch 2/2 step 6100/42479 loss -0.4159 ce 0.5560 reward 0.125 lr 1.03e-05 404.6 min, 0.50 s/step
  epoch 2/2 step 6150/42479 loss 0.5406 ce 0.5674 reward 0.071 lr 1.03e-05 405.0 min, 0.50 s/step
  epoch 2/2 step 6200/42479 loss 0.1919 ce 0.6103 reward -0.049 lr 1.03e-05 405.4 min, 0.50 s/step
  epoch 2/2 step 6250/42479 loss 0.5682 ce 0.7671 reward -0.186 lr 1.03e-05 405.9 min, 0.50 s/step
  epoch 2/2 step 6300/42479 loss 0.3773 ce 0.8264 reward -0.282 lr 1.02e-05 406.3 min, 0.50 s/step
  epoch 2/2 step 6350/42479 loss -1.2455 ce 0.6668 reward 0.009 lr 1.02e-05 406.7 min, 0.50 s/step
  epoch 2/2 step 6400/42479 loss 0.1270 ce 0.4718 reward 0.121 lr 1.02e-05 407.2 min, 0.50 s/step
  epoch 2/2 step 6450/42479 loss 0.7290 ce 0.3303 reward 0.346 lr 1.02e-05 407.7 min, 0.50 s/step
  epoch 2/2 step 6500/42479 loss 0.7541 ce 0.8228 reward -0.229 lr 1.01e-05 408.1 min, 0.50 s/step
  epoch 2/2 step 6550/42479 loss 1.0705 ce 1.0346 reward -0.526 lr 1.01e-05 408.4 min, 0.50 s/step
  epoch 2/2 step 6600/42479 loss 0.6450 ce 0.4973 reward 0.131 lr 1.01e-05 408.9 min, 0.50 s/step
  epoch 2/2 step 6650/42479 loss -0.2706 ce 0.3981 reward 0.276 lr 1.01e-05 409.4 min, 0.50 s/step
  epoch 2/2 step 6700/42479 loss -0.0220 ce 0.3950 reward 0.278 lr 1.01e-05 409.7 min, 0.50 s/step
  epoch 2/2 step 6750/42479 loss 0.1571 ce 0.3082 reward 0.366 lr 1.00e-05 410.1 min, 0.50 s/step
  epoch 2/2 step 6800/42479 loss 1.1896 ce 1.0875 reward -0.544 lr 1.00e-05 410.6 min, 0.50 s/step
  epoch 2/2 step 6850/42479 loss 0.5951 ce 0.4769 reward 0.154 lr 9.99e-06 411.0 min, 0.50 s/step
  epoch 2/2 step 6900/42479 loss 1.0899 ce 1.0572 reward -0.527 lr 9.97e-06 411.3 min, 0.50 s/step
  epoch 2/2 step 6950/42479 loss 0.2627 ce 0.2910 reward 0.392 lr 9.95e-06 411.8 min, 0.50 s/step
  epoch 2/2 step 7000/42479 loss 0.5248 ce 0.4349 reward 0.209 lr 9.93e-06 412.2 min, 0.50 s/step
  epoch 2/2 step 7050/42479 loss 0.5796 ce 0.4166 reward 0.227 lr 9.91e-06 412.7 min, 0.50 s/step
  epoch 2/2 step 7100/42479 loss 0.0609 ce 0.3853 reward 0.293 lr 9.88e-06 413.1 min, 0.50 s/step
  epoch 2/2 step 7150/42479 loss -0.1328 ce 0.5073 reward 0.114 lr 9.86e-06 413.5 min, 0.50 s/step
  epoch 2/2 step 7200/42479 loss 0.5306 ce 0.6167 reward -0.025 lr 9.84e-06 414.0 min, 0.50 s/step
  epoch 2/2 step 7250/42479 loss -0.3149 ce 0.6837 reward -0.008 lr 9.82e-06 414.4 min, 0.50 s/step
  epoch 2/2 step 7300/42479 loss -0.0483 ce 0.6797 reward -0.004 lr 9.80e-06 414.9 min, 0.50 s/step
  epoch 2/2 step 7350/42479 loss 0.5569 ce 0.7293 reward -0.172 lr 9.78e-06 415.3 min, 0.50 s/step
  epoch 2/2 step 7400/42479 loss 0.1549 ce 0.4221 reward 0.224 lr 9.76e-06 415.8 min, 0.50 s/step
  epoch 2/2 step 7450/42479 loss 0.5125 ce 0.4345 reward 0.251 lr 9.73e-06 416.2 min, 0.50 s/step
  epoch 2/2 step 7500/42479 loss 0.6788 ce 0.5585 reward 0.072 lr 9.71e-06 416.7 min, 0.50 s/step
  epoch 2/2 step 7550/42479 loss 0.3235 ce 0.4617 reward 0.170 lr 9.69e-06 417.1 min, 0.50 s/step
  epoch 2/2 step 7600/42479 loss 0.6560 ce 0.5567 reward 0.047 lr 9.67e-06 417.5 min, 0.50 s/step
  epoch 2/2 step 7650/42479 loss -0.2616 ce 0.2454 reward 0.447 lr 9.65e-06 417.9 min, 0.50 s/step
  epoch 2/2 step 7700/42479 loss -0.1328 ce 0.5803 reward 0.105 lr 9.63e-06 418.3 min, 0.50 s/step
  epoch 2/2 step 7750/42479 loss -1.1279 ce 0.6834 reward -0.007 lr 9.61e-06 418.7 min, 0.50 s/step
  epoch 2/2 step 7800/42479 loss 0.4588 ce 0.3602 reward 0.309 lr 9.58e-06 419.1 min, 0.50 s/step
  epoch 2/2 step 7850/42479 loss 0.3188 ce 0.6370 reward -0.062 lr 9.56e-06 419.6 min, 0.50 s/step
  epoch 2/2 step 7900/42479 loss 0.0415 ce 0.3429 reward 0.335 lr 9.54e-06 420.0 min, 0.50 s/step
  epoch 2/2 step 7950/42479 loss 0.1390 ce 0.2492 reward 0.444 lr 9.52e-06 420.4 min, 0.50 s/step
  epoch 2/2 step 8000/42479 loss 0.2463 ce 0.6844 reward -0.008 lr 9.50e-06 420.8 min, 0.50 s/step
  epoch 2/2 step 8050/42479 loss -0.2548 ce 0.6831 reward -0.007 lr 9.48e-06 421.3 min, 0.50 s/step
  epoch 2/2 step 8100/42479 loss -0.0961 ce 0.4542 reward 0.212 lr 9.46e-06 421.7 min, 0.50 s/step
  epoch 2/2 step 8150/42479 loss 1.3689 ce 1.0673 reward -0.479 lr 9.44e-06 422.1 min, 0.50 s/step
  epoch 2/2 step 8200/42479 loss 0.2540 ce 0.3271 reward 0.348 lr 9.41e-06 422.6 min, 0.50 s/step
  epoch 2/2 step 8250/42479 loss 0.5337 ce 0.2885 reward 0.402 lr 9.39e-06 422.9 min, 0.50 s/step
  epoch 2/2 step 8300/42479 loss -1.5646 ce 0.6844 reward -0.008 lr 9.37e-06 423.3 min, 0.50 s/step
  epoch 2/2 step 8350/42479 loss 0.7177 ce 0.6446 reward -0.063 lr 9.35e-06 423.7 min, 0.50 s/step
  epoch 2/2 step 8400/42479 loss 0.1521 ce 0.4832 reward 0.176 lr 9.33e-06 424.0 min, 0.50 s/step
  epoch 2/2 step 8450/42479 loss 0.5345 ce 0.4452 reward 0.236 lr 9.31e-06 424.5 min, 0.50 s/step
  epoch 2/2 step 8500/42479 loss 0.6696 ce 0.3967 reward 0.249 lr 9.29e-06 424.8 min, 0.50 s/step
  epoch 2/2 step 8550/42479 loss 0.0597 ce 0.6829 reward -0.007 lr 9.27e-06 425.2 min, 0.50 s/step
  epoch 2/2 step 8600/42479 loss 0.3030 ce 0.4530 reward 0.180 lr 9.25e-06 425.5 min, 0.50 s/step
  epoch 2/2 step 8650/42479 loss -0.0787 ce 0.6285 reward 0.049 lr 9.23e-06 426.0 min, 0.50 s/step
  epoch 2/2 step 8700/42479 loss 0.1819 ce 0.5518 reward 0.093 lr 9.20e-06 426.5 min, 0.50 s/step
  epoch 2/2 step 8750/42479 loss 0.2656 ce 0.3760 reward 0.295 lr 9.18e-06 426.9 min, 0.50 s/step
  epoch 2/2 step 8800/42479 loss 1.8733 ce 1.0818 reward -0.452 lr 9.16e-06 427.3 min, 0.50 s/step
  epoch 2/2 step 8850/42479 loss -0.6975 ce 0.6563 reward 0.020 lr 9.14e-06 427.7 min, 0.50 s/step
  epoch 2/2 step 8900/42479 loss -0.1580 ce 0.3001 reward 0.382 lr 9.12e-06 428.2 min, 0.50 s/step
  epoch 2/2 step 8950/42479 loss 0.2725 ce 0.3433 reward 0.339 lr 9.10e-06 428.6 min, 0.50 s/step
  epoch 2/2 step 9000/42479 loss -0.3302 ce 0.5827 reward 0.049 lr 9.08e-06 429.0 min, 0.50 s/step
  epoch 2/2 step 9050/42479 loss 0.5475 ce 0.3461 reward 0.340 lr 9.06e-06 429.4 min, 0.50 s/step
  epoch 2/2 step 9100/42479 loss 0.5251 ce 0.3350 reward 0.335 lr 9.04e-06 429.9 min, 0.50 s/step
  epoch 2/2 step 9150/42479 loss 0.4123 ce 0.6759 reward 0.000 lr 9.02e-06 430.3 min, 0.50 s/step
  epoch 2/2 step 9200/42479 loss 0.5119 ce 0.4251 reward 0.257 lr 8.99e-06 430.7 min, 0.50 s/step
  epoch 2/2 step 9250/42479 loss 0.2509 ce 0.3611 reward 0.301 lr 8.97e-06 431.1 min, 0.50 s/step
  epoch 2/2 step 9300/42479 loss 0.7282 ce 0.4542 reward 0.219 lr 8.95e-06 431.5 min, 0.50 s/step
  epoch 2/2 step 9350/42479 loss 0.9488 ce 0.6099 reward -0.033 lr 8.93e-06 431.9 min, 0.50 s/step
  epoch 2/2 step 9400/42479 loss 0.3528 ce 0.3494 reward 0.308 lr 8.91e-06 432.4 min, 0.50 s/step
  epoch 2/2 step 9450/42479 loss 0.8003 ce 0.5767 reward 0.018 lr 8.89e-06 432.8 min, 0.50 s/step
  epoch 2/2 step 9500/42479 loss 0.6319 ce 0.5111 reward 0.107 lr 8.87e-06 433.2 min, 0.50 s/step
  epoch 2/2 step 9550/42479 loss -0.2750 ce 0.4138 reward 0.233 lr 8.85e-06 433.6 min, 0.50 s/step
  epoch 2/2 step 9600/42479 loss -0.0554 ce 0.4122 reward 0.232 lr 8.83e-06 433.9 min, 0.50 s/step
  epoch 2/2 step 9650/42479 loss 0.6800 ce 0.5296 reward 0.122 lr 8.81e-06 434.3 min, 0.50 s/step
  epoch 2/2 step 9700/42479 loss 0.3287 ce 0.3504 reward 0.334 lr 8.79e-06 434.7 min, 0.50 s/step
  epoch 2/2 step 9750/42479 loss 0.2478 ce 0.3583 reward 0.321 lr 8.77e-06 435.0 min, 0.50 s/step
  epoch 2/2 step 9800/42479 loss 0.2669 ce 0.3473 reward 0.321 lr 8.74e-06 435.4 min, 0.50 s/step
  epoch 2/2 step 9850/42479 loss -0.4823 ce 0.3654 reward 0.327 lr 8.72e-06 435.9 min, 0.50 s/step
  epoch 2/2 step 9900/42479 loss 0.4064 ce 0.5237 reward 0.125 lr 8.70e-06 436.2 min, 0.50 s/step
  epoch 2/2 step 9950/42479 loss 0.1914 ce 0.4194 reward 0.260 lr 8.68e-06 436.7 min, 0.50 s/step
  epoch 2/2 step 10000/42479 loss -0.9370 ce 0.4599 reward 0.236 lr 8.66e-06 437.2 min, 0.50 s/step
  epoch 2/2 step 10050/42479 loss -0.0096 ce 0.4675 reward 0.154 lr 8.64e-06 437.7 min, 0.50 s/step
  epoch 2/2 step 10100/42479 loss 0.1405 ce 0.4706 reward 0.152 lr 8.62e-06 438.1 min, 0.50 s/step
  epoch 2/2 step 10150/42479 loss 0.1188 ce 0.3127 reward 0.372 lr 8.60e-06 438.5 min, 0.50 s/step
  epoch 2/2 step 10200/42479 loss 0.3642 ce 0.5863 reward 0.020 lr 8.58e-06 438.9 min, 0.50 s/step
  epoch 2/2 step 10250/42479 loss 0.5646 ce 0.5533 reward 0.090 lr 8.56e-06 439.2 min, 0.50 s/step
  epoch 2/2 step 10300/42479 loss 0.8986 ce 0.9026 reward -0.322 lr 8.54e-06 439.6 min, 0.50 s/step
  epoch 2/2 step 10350/42479 loss -0.0538 ce 0.3407 reward 0.327 lr 8.52e-06 440.1 min, 0.50 s/step
  epoch 2/2 step 10400/42479 loss 0.2342 ce 0.6237 reward -0.000 lr 8.50e-06 440.5 min, 0.50 s/step
  epoch 2/2 step 10450/42479 loss 0.4993 ce 0.4284 reward 0.213 lr 8.48e-06 441.0 min, 0.50 s/step
  epoch 2/2 step 10500/42479 loss 0.8301 ce 0.6774 reward -0.113 lr 8.45e-06 441.4 min, 0.50 s/step
  epoch 2/2 step 10550/42479 loss 0.3517 ce 0.4467 reward 0.191 lr 8.44e-06 441.8 min, 0.50 s/step
  epoch 2/2 step 10600/42479 loss -0.6504 ce 0.6795 reward -0.004 lr 8.41e-06 442.2 min, 0.50 s/step
  epoch 2/2 step 10650/42479 loss 0.5933 ce 0.4164 reward 0.227 lr 8.39e-06 442.6 min, 0.50 s/step
  epoch 2/2 step 10700/42479 loss 2.0035 ce 1.3367 reward -0.739 lr 8.37e-06 443.0 min, 0.50 s/step
  epoch 2/2 step 10750/42479 loss 0.3064 ce 0.4060 reward 0.241 lr 8.35e-06 443.4 min, 0.50 s/step
  epoch 2/2 step 10800/42479 loss 0.0652 ce 0.3302 reward 0.369 lr 8.33e-06 443.8 min, 0.50 s/step
  epoch 2/2 step 10850/42479 loss 0.5785 ce 0.4234 reward 0.224 lr 8.31e-06 444.2 min, 0.50 s/step
  epoch 2/2 step 10900/42479 loss -0.1814 ce 0.3403 reward 0.373 lr 8.29e-06 444.6 min, 0.50 s/step
  epoch 2/2 step 10950/42479 loss 0.1796 ce 0.2944 reward 0.379 lr 8.27e-06 445.0 min, 0.50 s/step
  epoch 2/2 step 11000/42479 loss -0.0052 ce 0.4640 reward 0.157 lr 8.25e-06 445.4 min, 0.50 s/step
  epoch 2/2 step 11050/42479 loss 0.2809 ce 0.3870 reward 0.261 lr 8.23e-06 445.8 min, 0.50 s/step
  epoch 2/2 step 11100/42479 loss 0.6028 ce 0.4898 reward 0.174 lr 8.21e-06 446.2 min, 0.50 s/step
  epoch 2/2 step 11150/42479 loss 0.7649 ce 0.5114 reward 0.129 lr 8.19e-06 446.6 min, 0.50 s/step
  epoch 2/2 step 11200/42479 loss 0.2492 ce 0.5249 reward 0.137 lr 8.17e-06 447.0 min, 0.50 s/step
  epoch 2/2 step 11250/42479 loss 0.3012 ce 0.2999 reward 0.396 lr 8.15e-06 447.4 min, 0.50 s/step
  epoch 2/2 step 11300/42479 loss 0.4518 ce 0.6510 reward 0.025 lr 8.13e-06 447.9 min, 0.50 s/step
  epoch 2/2 step 11350/42479 loss 0.3658 ce 1.2998 reward -0.713 lr 8.11e-06 448.3 min, 0.50 s/step
  epoch 2/2 step 11400/42479 loss 0.0813 ce 0.6059 reward 0.072 lr 8.09e-06 448.7 min, 0.50 s/step
  epoch 2/2 step 11450/42479 loss 1.3096 ce 0.9339 reward -0.378 lr 8.07e-06 449.1 min, 0.50 s/step
  epoch 2/2 step 11500/42479 loss 0.0653 ce 0.4402 reward 0.188 lr 8.05e-06 449.6 min, 0.50 s/step
  epoch 2/2 step 11550/42479 loss -0.3508 ce 0.3898 reward 0.300 lr 8.03e-06 449.9 min, 0.50 s/step
  epoch 2/2 step 11600/42479 loss 0.3229 ce 0.3935 reward 0.288 lr 8.01e-06 450.4 min, 0.50 s/step
  epoch 2/2 step 11650/42479 loss 0.1878 ce 0.4350 reward 0.211 lr 7.99e-06 450.7 min, 0.50 s/step
  epoch 2/2 step 11700/42479 loss 0.0287 ce 0.3895 reward 0.290 lr 7.97e-06 451.2 min, 0.50 s/step
  epoch 2/2 step 11750/42479 loss 0.1584 ce 0.5734 reward 0.066 lr 7.95e-06 451.6 min, 0.50 s/step
  epoch 2/2 step 11800/42479 loss 1.1821 ce 0.8742 reward -0.314 lr 7.93e-06 452.1 min, 0.50 s/step
  epoch 2/2 step 11850/42479 loss 0.7070 ce 0.5259 reward 0.081 lr 7.91e-06 452.5 min, 0.50 s/step
  epoch 2/2 step 11900/42479 loss 0.9239 ce 1.2797 reward -0.804 lr 7.89e-06 452.9 min, 0.50 s/step
  epoch 2/2 step 11950/42479 loss 0.7695 ce 0.5772 reward 0.012 lr 7.87e-06 453.2 min, 0.50 s/step
  epoch 2/2 step 12000/42479 loss 0.2553 ce 0.4489 reward 0.211 lr 7.85e-06 453.7 min, 0.50 s/step
  epoch 2/2 step 12050/42479 loss 0.9320 ce 0.8341 reward -0.192 lr 7.83e-06 454.1 min, 0.50 s/step
  epoch 2/2 step 12100/42479 loss 0.3312 ce 0.3749 reward 0.317 lr 7.81e-06 454.4 min, 0.50 s/step
  epoch 2/2 step 12150/42479 loss -0.0725 ce 0.7217 reward -0.052 lr 7.79e-06 454.9 min, 0.50 s/step
  epoch 2/2 step 12200/42479 loss 1.2873 ce 0.6775 reward -0.001 lr 7.77e-06 455.3 min, 0.50 s/step
  epoch 2/2 step 12250/42479 loss 0.4101 ce 0.5697 reward 0.037 lr 7.75e-06 455.6 min, 0.50 s/step
  epoch 2/2 step 12300/42479 loss -0.1820 ce 0.5301 reward 0.157 lr 7.73e-06 456.1 min, 0.50 s/step
  epoch 2/2 step 12350/42479 loss -0.8742 ce 0.3601 reward 0.334 lr 7.71e-06 456.5 min, 0.50 s/step
  epoch 2/2 step 12400/42479 loss 0.4410 ce 0.9002 reward -0.333 lr 7.69e-06 456.9 min, 0.50 s/step
  epoch 2/2 step 12450/42479 loss 0.7144 ce 0.6896 reward -0.132 lr 7.67e-06 457.3 min, 0.50 s/step
  epoch 2/2 step 12500/42479 loss 0.3038 ce 0.3442 reward 0.323 lr 7.65e-06 457.7 min, 0.50 s/step
  epoch 2/2 step 12550/42479 loss -0.1992 ce 0.6811 reward -0.005 lr 7.63e-06 458.1 min, 0.50 s/step
  epoch 2/2 step 12600/42479 loss 0.2492 ce 0.4059 reward 0.247 lr 7.61e-06 458.5 min, 0.50 s/step
  epoch 2/2 step 12650/42479 loss -0.0545 ce 0.6828 reward -0.007 lr 7.59e-06 458.9 min, 0.50 s/step
  epoch 2/2 step 12700/42479 loss 0.5315 ce 0.6669 reward -0.055 lr 7.57e-06 459.4 min, 0.50 s/step
  epoch 2/2 step 12750/42479 loss 0.5903 ce 0.4104 reward 0.236 lr 7.55e-06 459.9 min, 0.50 s/step
  epoch 2/2 step 12800/42479 loss 0.0738 ce 0.4979 reward 0.157 lr 7.53e-06 460.4 min, 0.50 s/step
  epoch 2/2 step 12850/42479 loss 0.6039 ce 0.5559 reward 0.059 lr 7.51e-06 460.8 min, 0.50 s/step
  epoch 2/2 step 12900/42479 loss 0.4379 ce 0.4648 reward 0.165 lr 7.49e-06 461.3 min, 0.50 s/step
  epoch 2/2 step 12950/42479 loss 0.5310 ce 0.4546 reward 0.188 lr 7.47e-06 461.8 min, 0.50 s/step
  epoch 2/2 step 13000/42479 loss 1.8702 ce 1.9335 reward -1.386 lr 7.45e-06 462.2 min, 0.50 s/step
  epoch 2/2 step 13050/42479 loss -0.1042 ce 0.3391 reward 0.331 lr 7.43e-06 462.6 min, 0.50 s/step
  epoch 2/2 step 13100/42479 loss 0.6394 ce 0.5447 reward 0.050 lr 7.41e-06 463.0 min, 0.50 s/step
  epoch 2/2 step 13150/42479 loss -0.2678 ce 0.6096 reward -0.023 lr 7.39e-06 463.4 min, 0.50 s/step
  epoch 2/2 step 13200/42479 loss 1.3537 ce 0.5948 reward 0.090 lr 7.37e-06 463.8 min, 0.50 s/step
  epoch 2/2 step 13250/42479 loss 0.5659 ce 0.3855 reward 0.270 lr 7.35e-06 464.2 min, 0.50 s/step
  epoch 2/2 step 13300/42479 loss 0.9124 ce 0.8597 reward -0.272 lr 7.33e-06 464.6 min, 0.50 s/step
  epoch 2/2 step 13350/42479 loss -0.4064 ce 0.6058 reward 0.072 lr 7.31e-06 465.0 min, 0.50 s/step
  epoch 2/2 step 13400/42479 loss 0.2549 ce 0.6211 reward -0.039 lr 7.29e-06 465.4 min, 0.50 s/step
  epoch 2/2 step 13450/42479 loss 0.6375 ce 0.3765 reward 0.282 lr 7.27e-06 465.9 min, 0.50 s/step
  epoch 2/2 step 13500/42479 loss 0.5966 ce 0.4303 reward 0.214 lr 7.25e-06 466.3 min, 0.50 s/step
  epoch 2/2 step 13550/42479 loss -0.2880 ce 0.6808 reward -0.005 lr 7.23e-06 466.8 min, 0.50 s/step
  epoch 2/2 step 13600/42479 loss 0.8211 ce 0.7071 reward -0.090 lr 7.21e-06 467.2 min, 0.50 s/step
  epoch 2/2 step 13650/42479 loss 0.9722 ce 0.8216 reward -0.279 lr 7.20e-06 467.7 min, 0.50 s/step
  epoch 2/2 step 13700/42479 loss 0.6976 ce 0.4933 reward 0.140 lr 7.18e-06 468.1 min, 0.50 s/step
  epoch 2/2 step 13750/42479 loss 0.3604 ce 0.7721 reward -0.233 lr 7.16e-06 468.6 min, 0.50 s/step
  epoch 2/2 step 13800/42479 loss 0.4436 ce 0.5181 reward 0.095 lr 7.14e-06 469.0 min, 0.50 s/step
  epoch 2/2 step 13850/42479 loss 0.1636 ce 0.3824 reward 0.296 lr 7.12e-06 469.5 min, 0.50 s/step
  epoch 2/2 step 13900/42479 loss 0.4820 ce 0.6333 reward -0.019 lr 7.10e-06 469.9 min, 0.50 s/step
  epoch 2/2 step 13950/42479 loss 0.0966 ce 0.3407 reward 0.357 lr 7.08e-06 470.3 min, 0.50 s/step
  epoch 2/2 step 14000/42479 loss 0.4975 ce 0.4034 reward 0.240 lr 7.06e-06 470.8 min, 0.50 s/step
  epoch 2/2 step 14050/42479 loss 0.5736 ce 0.7708 reward -0.158 lr 7.04e-06 471.2 min, 0.50 s/step
  epoch 2/2 step 14100/42479 loss -0.3390 ce 0.3898 reward 0.300 lr 7.02e-06 471.7 min, 0.50 s/step
  epoch 2/2 step 14150/42479 loss 0.5718 ce 0.4953 reward 0.169 lr 7.00e-06 472.1 min, 0.50 s/step
  epoch 2/2 step 14200/42479 loss -0.0333 ce 0.6128 reward -0.030 lr 6.98e-06 472.5 min, 0.50 s/step
  epoch 2/2 step 14250/42479 loss 0.4042 ce 0.3819 reward 0.303 lr 6.96e-06 472.9 min, 0.50 s/step
  epoch 2/2 step 14300/42479 loss 0.2409 ce 0.5330 reward 0.085 lr 6.94e-06 473.3 min, 0.50 s/step
  epoch 2/2 step 14350/42479 loss 0.2397 ce 0.4456 reward 0.194 lr 6.93e-06 473.8 min, 0.50 s/step
  epoch 2/2 step 14400/42479 loss 0.0139 ce 0.3653 reward 0.331 lr 6.91e-06 474.2 min, 0.50 s/step
  epoch 2/2 step 14450/42479 loss 0.1798 ce 0.3837 reward 0.273 lr 6.89e-06 474.6 min, 0.50 s/step
  epoch 2/2 step 14500/42479 loss -1.6464 ce 0.6814 reward -0.005 lr 6.87e-06 475.1 min, 0.50 s/step
  epoch 2/2 step 14550/42479 loss 0.4601 ce 0.5641 reward 0.037 lr 6.85e-06 475.5 min, 0.50 s/step
  epoch 2/2 step 14600/42479 loss 0.4738 ce 0.3980 reward 0.253 lr 6.83e-06 475.9 min, 0.50 s/step
  epoch 2/2 step 14650/42479 loss 0.7675 ce 0.6899 reward -0.142 lr 6.81e-06 476.4 min, 0.50 s/step
  epoch 2/2 step 14700/42479 loss 0.0667 ce 0.4269 reward 0.277 lr 6.79e-06 476.8 min, 0.50 s/step
  epoch 2/2 step 14750/42479 loss 0.2007 ce 0.3768 reward 0.262 lr 6.77e-06 477.3 min, 0.50 s/step
  epoch 2/2 step 14800/42479 loss 0.2081 ce 0.3707 reward 0.320 lr 6.75e-06 477.6 min, 0.50 s/step
  epoch 2/2 step 14850/42479 loss 0.8203 ce 1.0193 reward -0.429 lr 6.74e-06 478.0 min, 0.50 s/step
  epoch 2/2 step 14900/42479 loss -0.0570 ce 0.3073 reward 0.397 lr 6.72e-06 478.5 min, 0.50 s/step
  epoch 2/2 step 14950/42479 loss 0.7924 ce 0.6779 reward -0.002 lr 6.70e-06 478.9 min, 0.50 s/step
  epoch 2/2 step 15000/42479 loss 0.1052 ce 0.3919 reward 0.291 lr 6.68e-06 479.3 min, 0.50 s/step
  epoch 2/2 step 15050/42479 loss 0.3245 ce 0.4020 reward 0.245 lr 6.66e-06 479.7 min, 0.50 s/step
  epoch 2/2 step 15100/42479 loss 0.2997 ce 0.9089 reward -0.301 lr 6.64e-06 480.2 min, 0.50 s/step
  epoch 2/2 step 15150/42479 loss 0.3758 ce 0.3643 reward 0.323 lr 6.62e-06 480.6 min, 0.50 s/step
  epoch 2/2 step 15200/42479 loss 0.2279 ce 0.4008 reward 0.285 lr 6.60e-06 480.9 min, 0.50 s/step
  epoch 2/2 step 15250/42479 loss -1.0408 ce 0.6114 reward 0.066 lr 6.58e-06 481.4 min, 0.50 s/step
  epoch 2/2 step 15300/42479 loss -0.6204 ce 0.6807 reward -0.005 lr 6.57e-06 481.9 min, 0.50 s/step
  epoch 2/2 step 15350/42479 loss -1.3441 ce 0.6742 reward 0.002 lr 6.55e-06 482.3 min, 0.50 s/step
  epoch 2/2 step 15400/42479 loss 0.3373 ce 0.4583 reward 0.201 lr 6.53e-06 482.6 min, 0.50 s/step
  epoch 2/2 step 15450/42479 loss -0.3760 ce 0.3682 reward 0.298 lr 6.51e-06 483.1 min, 0.50 s/step
  epoch 2/2 step 15500/42479 loss -0.1354 ce 0.4231 reward 0.215 lr 6.49e-06 483.5 min, 0.50 s/step
  epoch 2/2 step 15550/42479 loss 0.3546 ce 0.5970 reward -0.011 lr 6.47e-06 483.8 min, 0.50 s/step
  epoch 2/2 step 15600/42479 loss 0.5414 ce 0.4282 reward 0.212 lr 6.45e-06 484.1 min, 0.50 s/step
  epoch 2/2 step 15650/42479 loss 0.1751 ce 0.3929 reward 0.297 lr 6.44e-06 484.5 min, 0.50 s/step
  epoch 2/2 step 15700/42479 loss 0.6936 ce 0.3671 reward 0.330 lr 6.42e-06 484.9 min, 0.50 s/step
  epoch 2/2 step 15750/42479 loss -1.8376 ce 0.6057 reward 0.072 lr 6.40e-06 485.3 min, 0.50 s/step
  epoch 2/2 step 15800/42479 loss 0.6040 ce 0.7114 reward -0.128 lr 6.38e-06 485.8 min, 0.50 s/step
  epoch 2/2 step 15850/42479 loss -0.0842 ce 0.3777 reward 0.313 lr 6.36e-06 486.2 min, 0.50 s/step
  epoch 2/2 step 15900/42479 loss 0.7092 ce 0.4651 reward 0.207 lr 6.34e-06 486.6 min, 0.50 s/step
  epoch 2/2 step 15950/42479 loss -0.8232 ce 0.6851 reward -0.009 lr 6.32e-06 487.1 min, 0.50 s/step
  epoch 2/2 step 16000/42479 loss 0.6598 ce 0.8471 reward -0.314 lr 6.31e-06 487.5 min, 0.50 s/step
  epoch 2/2 step 16050/42479 loss 0.1728 ce 0.2859 reward 0.401 lr 6.29e-06 487.8 min, 0.50 s/step
  epoch 2/2 step 16100/42479 loss 0.3274 ce 0.3670 reward 0.307 lr 6.27e-06 488.2 min, 0.50 s/step
  epoch 2/2 step 16150/42479 loss 0.6676 ce 0.6582 reward -0.081 lr 6.25e-06 488.6 min, 0.50 s/step
  epoch 2/2 step 16200/42479 loss 0.4522 ce 1.3267 reward -0.746 lr 6.23e-06 489.0 min, 0.50 s/step
  epoch 2/2 step 16250/42479 loss 0.7825 ce 0.9073 reward -0.401 lr 6.21e-06 489.3 min, 0.50 s/step
  epoch 2/2 step 16300/42479 loss 1.0390 ce 0.3750 reward 0.282 lr 6.20e-06 489.8 min, 0.50 s/step
  epoch 2/2 step 16350/42479 loss 0.1261 ce 0.3555 reward 0.317 lr 6.18e-06 490.2 min, 0.50 s/step
  epoch 2/2 step 16400/42479 loss -0.0221 ce 0.4476 reward 0.220 lr 6.16e-06 490.5 min, 0.50 s/step
  epoch 2/2 step 16450/42479 loss -0.0516 ce 0.2462 reward 0.452 lr 6.14e-06 490.9 min, 0.50 s/step
  epoch 2/2 step 16500/42479 loss -0.0171 ce 0.4606 reward 0.207 lr 6.12e-06 491.3 min, 0.50 s/step
  epoch 2/2 step 16550/42479 loss 0.3541 ce 0.2582 reward 0.438 lr 6.10e-06 491.7 min, 0.50 s/step
  epoch 2/2 step 16600/42479 loss 0.6366 ce 0.5963 reward -0.002 lr 6.09e-06 492.1 min, 0.50 s/step
  epoch 2/2 step 16650/42479 loss 0.3371 ce 0.4445 reward 0.226 lr 6.07e-06 492.6 min, 0.50 s/step
  epoch 2/2 step 16700/42479 loss 0.3036 ce 0.3799 reward 0.287 lr 6.05e-06 493.1 min, 0.50 s/step
  epoch 2/2 step 16750/42479 loss 1.7303 ce 1.3102 reward -0.716 lr 6.03e-06 493.5 min, 0.50 s/step
  epoch 2/2 step 16800/42479 loss 0.3734 ce 0.4366 reward 0.238 lr 6.01e-06 493.9 min, 0.50 s/step
  epoch 2/2 step 16850/42479 loss 0.2279 ce 0.6201 reward -0.036 lr 6.00e-06 494.3 min, 0.50 s/step
  epoch 2/2 step 16900/42479 loss -0.0597 ce 0.6115 reward 0.066 lr 5.98e-06 494.8 min, 0.50 s/step
  epoch 2/2 step 16950/42479 loss 0.3244 ce 0.6814 reward -0.005 lr 5.96e-06 495.2 min, 0.50 s/step
  epoch 2/2 step 17000/42479 loss 0.4422 ce 0.4813 reward 0.149 lr 5.94e-06 495.6 min, 0.50 s/step
  epoch 2/2 step 17050/42479 loss 0.2374 ce 0.2780 reward 0.403 lr 5.92e-06 495.9 min, 0.50 s/step
  epoch 2/2 step 17100/42479 loss 0.1899 ce 0.4113 reward 0.244 lr 5.91e-06 496.4 min, 0.50 s/step
  epoch 2/2 step 17150/42479 loss 0.3859 ce 0.4266 reward 0.224 lr 5.89e-06 496.8 min, 0.50 s/step
  epoch 2/2 step 17200/42479 loss 0.7525 ce 0.7159 reward -0.165 lr 5.87e-06 497.3 min, 0.50 s/step
  epoch 2/2 step 17250/42479 loss 0.5531 ce 0.6680 reward -0.071 lr 5.85e-06 497.7 min, 0.50 s/step
  epoch 2/2 step 17300/42479 loss 0.5727 ce 0.6286 reward -0.062 lr 5.83e-06 498.2 min, 0.50 s/step
  epoch 2/2 step 17350/42479 loss 0.0505 ce 0.3899 reward 0.300 lr 5.82e-06 498.4 min, 0.50 s/step
  epoch 2/2 step 17400/42479 loss 0.4280 ce 0.4964 reward 0.129 lr 5.80e-06 498.7 min, 0.50 s/step
  epoch 2/2 step 17450/42479 loss 0.7074 ce 0.5874 reward 0.007 lr 5.78e-06 499.2 min, 0.50 s/step
  epoch 2/2 step 17500/42479 loss 0.3301 ce 0.7916 reward -0.223 lr 5.76e-06 499.7 min, 0.50 s/step
  epoch 2/2 step 17550/42479 loss -0.3146 ce 0.2911 reward 0.413 lr 5.75e-06 500.1 min, 0.50 s/step
  epoch 2/2 step 17600/42479 loss -0.2660 ce 0.3490 reward 0.346 lr 5.73e-06 500.4 min, 0.50 s/step
  epoch 2/2 step 17650/42479 loss 0.5100 ce 0.6047 reward 0.022 lr 5.71e-06 500.9 min, 0.50 s/step
  epoch 2/2 step 17700/42479 loss -0.0793 ce 0.4102 reward 0.273 lr 5.69e-06 501.3 min, 0.50 s/step
  epoch 2/2 step 17750/42479 loss 0.4083 ce 0.4382 reward 0.202 lr 5.68e-06 501.7 min, 0.50 s/step
  epoch 2/2 step 17800/42479 loss 0.0943 ce 0.4331 reward 0.222 lr 5.66e-06 502.1 min, 0.50 s/step
  epoch 2/2 step 17850/42479 loss 0.6496 ce 0.5032 reward 0.121 lr 5.64e-06 502.5 min, 0.50 s/step
  epoch 2/2 step 17900/42479 loss 0.5525 ce 0.5831 reward 0.003 lr 5.62e-06 502.8 min, 0.50 s/step
  epoch 2/2 step 17950/42479 loss 0.6066 ce 0.5199 reward 0.134 lr 5.61e-06 503.2 min, 0.50 s/step
  epoch 2/2 step 18000/42479 loss 0.3053 ce 0.6894 reward -0.084 lr 5.59e-06 503.6 min, 0.50 s/step
  epoch 2/2 step 18050/42479 loss 0.3606 ce 0.6058 reward 0.072 lr 5.57e-06 504.0 min, 0.50 s/step
  epoch 2/2 step 18100/42479 loss -0.2608 ce 0.6860 reward -0.010 lr 5.55e-06 504.5 min, 0.50 s/step
  epoch 2/2 step 18150/42479 loss 0.6069 ce 0.3665 reward 0.290 lr 5.54e-06 504.9 min, 0.50 s/step
  epoch 2/2 step 18200/42479 loss 0.1913 ce 0.3365 reward 0.339 lr 5.52e-06 505.3 min, 0.50 s/step
  epoch 2/2 step 18250/42479 loss 0.0076 ce 0.6618 reward -0.059 lr 5.50e-06 505.7 min, 0.50 s/step
  epoch 2/2 step 18300/42479 loss 0.6856 ce 0.5897 reward 0.040 lr 5.48e-06 506.2 min, 0.50 s/step
  epoch 2/2 step 18350/42479 loss -0.0916 ce 0.2784 reward 0.410 lr 5.47e-06 506.7 min, 0.50 s/step
  epoch 2/2 step 18400/42479 loss 0.4642 ce 0.4203 reward 0.221 lr 5.45e-06 507.1 min, 0.50 s/step
  epoch 2/2 step 18450/42479 loss 1.1166 ce 0.6362 reward -0.011 lr 5.43e-06 507.5 min, 0.50 s/step
  epoch 2/2 step 18500/42479 loss 0.4277 ce 0.6871 reward -0.011 lr 5.41e-06 507.9 min, 0.50 s/step
  epoch 2/2 step 18550/42479 loss 0.8725 ce 0.4533 reward 0.185 lr 5.40e-06 508.3 min, 0.50 s/step
  epoch 2/2 step 18600/42479 loss 0.1655 ce 0.4126 reward 0.236 lr 5.38e-06 508.7 min, 0.50 s/step
  epoch 2/2 step 18650/42479 loss -0.2274 ce 0.3899 reward 0.300 lr 5.36e-06 509.1 min, 0.50 s/step
  epoch 2/2 step 18700/42479 loss 0.4881 ce 0.5105 reward 0.105 lr 5.35e-06 509.6 min, 0.50 s/step
  epoch 2/2 step 18750/42479 loss 0.1344 ce 0.3900 reward 0.300 lr 5.33e-06 510.1 min, 0.50 s/step
  epoch 2/2 step 18800/42479 loss 0.6128 ce 0.9091 reward -0.372 lr 5.31e-06 510.5 min, 0.50 s/step
  epoch 2/2 step 18850/42479 loss 0.6379 ce 0.6666 reward -0.067 lr 5.30e-06 510.9 min, 0.50 s/step
  epoch 2/2 step 18900/42479 loss 0.5967 ce 0.6791 reward -0.003 lr 5.28e-06 511.3 min, 0.50 s/step
  epoch 2/2 step 18950/42479 loss 0.6887 ce 0.5648 reward 0.045 lr 5.26e-06 511.7 min, 0.50 s/step
  epoch 2/2 step 19000/42479 loss 0.2320 ce 0.5326 reward 0.143 lr 5.24e-06 512.1 min, 0.50 s/step
  epoch 2/2 step 19050/42479 loss 1.0169 ce 0.7125 reward -0.037 lr 5.23e-06 512.6 min, 0.50 s/step
  epoch 2/2 step 19100/42479 loss 0.6854 ce 0.5551 reward 0.054 lr 5.21e-06 513.0 min, 0.50 s/step
  epoch 2/2 step 19150/42479 loss 0.3367 ce 0.3778 reward 0.313 lr 5.19e-06 513.4 min, 0.50 s/step
  epoch 2/2 step 19200/42479 loss -0.3247 ce 0.3606 reward 0.332 lr 5.18e-06 513.8 min, 0.50 s/step
  epoch 2/2 step 19250/42479 loss -1.0304 ce 0.6284 reward 0.049 lr 5.16e-06 514.2 min, 0.50 s/step
  epoch 2/2 step 19300/42479 loss 1.7521 ce 1.3425 reward -0.753 lr 5.14e-06 514.6 min, 0.50 s/step
  epoch 2/2 step 19350/42479 loss 0.1891 ce 0.3492 reward 0.347 lr 5.13e-06 515.1 min, 0.50 s/step
  epoch 2/2 step 19400/42479 loss 0.1499 ce 0.2329 reward 0.468 lr 5.11e-06 515.5 min, 0.50 s/step
  epoch 2/2 step 19450/42479 loss 0.7062 ce 0.8271 reward -0.261 lr 5.09e-06 515.8 min, 0.50 s/step
  epoch 2/2 step 19500/42479 loss 0.2906 ce 0.4734 reward 0.151 lr 5.08e-06 516.2 min, 0.50 s/step
  epoch 2/2 step 19550/42479 loss -0.3815 ce 0.2873 reward 0.403 lr 5.06e-06 516.7 min, 0.50 s/step
  epoch 2/2 step 19600/42479 loss 0.4795 ce 0.6625 reward -0.036 lr 5.04e-06 517.1 min, 0.50 s/step
  epoch 2/2 step 19650/42479 loss 0.1914 ce 0.2849 reward 0.409 lr 5.03e-06 517.5 min, 0.50 s/step
  epoch 2/2 step 19700/42479 loss 0.6389 ce 0.6124 reward 0.006 lr 5.01e-06 517.9 min, 0.50 s/step
  epoch 2/2 step 19750/42479 loss -0.0993 ce 0.5628 reward 0.040 lr 4.99e-06 518.3 min, 0.50 s/step
  epoch 2/2 step 19800/42479 loss 1.3112 ce 1.0793 reward -0.440 lr 4.98e-06 518.7 min, 0.50 s/step
  epoch 2/2 step 19850/42479 loss 0.7005 ce 0.8553 reward -0.298 lr 4.96e-06 519.2 min, 0.50 s/step
  epoch 2/2 step 19900/42479 loss 1.4043 ce 1.1018 reward -0.509 lr 4.94e-06 519.6 min, 0.50 s/step
  epoch 2/2 step 19950/42479 loss 0.0387 ce 0.6827 reward -0.007 lr 4.93e-06 520.1 min, 0.50 s/step
  epoch 2/2 step 20000/42479 loss 1.2154 ce 0.7793 reward -0.245 lr 4.91e-06 520.5 min, 0.50 s/step
  epoch 2/2 step 20050/42479 loss 0.0158 ce 0.2946 reward 0.408 lr 4.89e-06 521.0 min, 0.50 s/step
  epoch 2/2 step 20100/42479 loss -1.4272 ce 0.6058 reward 0.072 lr 4.88e-06 521.4 min, 0.50 s/step
  epoch 2/2 step 20150/42479 loss 0.3790 ce 0.5688 reward 0.025 lr 4.86e-06 521.8 min, 0.50 s/step
  epoch 2/2 step 20200/42479 loss 0.2602 ce 0.4306 reward 0.205 lr 4.85e-06 522.2 min, 0.50 s/step
  epoch 2/2 step 20250/42479 loss -0.0251 ce 0.4534 reward 0.171 lr 4.83e-06 522.6 min, 0.50 s/step
  epoch 2/2 step 20300/42479 loss 0.1563 ce 0.3497 reward 0.335 lr 4.81e-06 523.1 min, 0.50 s/step
  epoch 2/2 step 20350/42479 loss 0.5751 ce 0.3767 reward 0.309 lr 4.80e-06 523.5 min, 0.50 s/step
  epoch 2/2 step 20400/42479 loss 0.6029 ce 0.4697 reward 0.161 lr 4.78e-06 524.0 min, 0.50 s/step
  epoch 2/2 step 20450/42479 loss -0.1823 ce 0.6453 reward 0.031 lr 4.76e-06 524.3 min, 0.50 s/step
  epoch 2/2 step 20500/42479 loss -0.3034 ce 0.6058 reward 0.072 lr 4.75e-06 524.7 min, 0.50 s/step
  epoch 2/2 step 20550/42479 loss 0.0347 ce 0.3138 reward 0.389 lr 4.73e-06 525.1 min, 0.50 s/step
  epoch 2/2 step 20600/42479 loss -1.1182 ce 0.6724 reward 0.004 lr 4.72e-06 525.6 min, 0.50 s/step
  epoch 2/2 step 20650/42479 loss 0.4638 ce 0.3672 reward 0.291 lr 4.70e-06 525.9 min, 0.50 s/step
  epoch 2/2 step 20700/42479 loss 0.9121 ce 0.8573 reward -0.259 lr 4.68e-06 526.3 min, 0.50 s/step
  epoch 2/2 step 20750/42479 loss -0.9365 ce 0.6847 reward -0.009 lr 4.67e-06 526.8 min, 0.50 s/step
  epoch 2/2 step 20800/42479 loss 0.3932 ce 0.6594 reward -0.107 lr 4.65e-06 527.2 min, 0.50 s/step
  epoch 2/2 step 20850/42479 loss 0.1105 ce 0.3991 reward 0.261 lr 4.64e-06 527.7 min, 0.50 s/step
  epoch 2/2 step 20900/42479 loss 0.2409 ce 0.5510 reward 0.059 lr 4.62e-06 528.1 min, 0.50 s/step
  epoch 2/2 step 20950/42479 loss 0.7515 ce 0.9739 reward -0.410 lr 4.60e-06 528.4 min, 0.50 s/step
  epoch 2/2 step 21000/42479 loss 0.2956 ce 0.3961 reward 0.258 lr 4.59e-06 528.8 min, 0.50 s/step
  epoch 2/2 step 21050/42479 loss 0.0393 ce 0.4374 reward 0.200 lr 4.57e-06 529.2 min, 0.50 s/step
  epoch 2/2 step 21100/42479 loss 0.2967 ce 0.3827 reward 0.275 lr 4.56e-06 529.5 min, 0.50 s/step
  epoch 2/2 step 21150/42479 loss 0.6310 ce 0.8973 reward -0.361 lr 4.54e-06 530.0 min, 0.50 s/step
  epoch 2/2 step 21200/42479 loss 0.0356 ce 0.6814 reward -0.005 lr 4.53e-06 530.5 min, 0.50 s/step
  epoch 2/2 step 21250/42479 loss 0.2552 ce 0.2157 reward 0.493 lr 4.51e-06 530.9 min, 0.50 s/step
  epoch 2/2 step 21300/42479 loss 0.6785 ce 0.6886 reward -0.110 lr 4.49e-06 531.3 min, 0.50 s/step
  epoch 2/2 step 21350/42479 loss 0.4554 ce 0.4518 reward 0.218 lr 4.48e-06 531.8 min, 0.50 s/step
  epoch 2/2 step 21400/42479 loss -0.8781 ce 0.6791 reward -0.003 lr 4.46e-06 532.2 min, 0.50 s/step
  epoch 2/2 step 21450/42479 loss 0.7014 ce 0.5728 reward 0.071 lr 4.45e-06 532.7 min, 0.50 s/step
  epoch 2/2 step 21500/42479 loss 0.2939 ce 0.3533 reward 0.305 lr 4.43e-06 533.1 min, 0.50 s/step
  epoch 2/2 step 21550/42479 loss 1.1678 ce 0.7852 reward -0.214 lr 4.42e-06 533.5 min, 0.50 s/step
  epoch 2/2 step 21600/42479 loss 0.3982 ce 0.6338 reward -0.014 lr 4.40e-06 533.9 min, 0.50 s/step
  epoch 2/2 step 21650/42479 loss 0.6301 ce 0.5243 reward 0.096 lr 4.39e-06 534.4 min, 0.50 s/step
  epoch 2/2 step 21700/42479 loss -1.0768 ce 0.6058 reward 0.072 lr 4.37e-06 534.8 min, 0.50 s/step
  epoch 2/2 step 21750/42479 loss 0.4220 ce 0.5132 reward 0.152 lr 4.35e-06 535.2 min, 0.50 s/step
  epoch 2/2 step 21800/42479 loss 0.8204 ce 0.7335 reward -0.173 lr 4.34e-06 535.6 min, 0.50 s/step
  epoch 2/2 step 21850/42479 loss 0.5972 ce 0.3975 reward 0.260 lr 4.32e-06 536.0 min, 0.50 s/step
  epoch 2/2 step 21900/42479 loss 0.5557 ce 0.6440 reward -0.059 lr 4.31e-06 536.5 min, 0.50 s/step
  epoch 2/2 step 21950/42479 loss 0.0445 ce 0.2206 reward 0.488 lr 4.29e-06 536.8 min, 0.50 s/step
  epoch 2/2 step 22000/42479 loss 0.1433 ce 0.3872 reward 0.284 lr 4.28e-06 537.3 min, 0.50 s/step
  epoch 2/2 step 22050/42479 loss 0.4098 ce 0.5781 reward 0.036 lr 4.26e-06 537.9 min, 0.50 s/step
  epoch 2/2 step 22100/42479 loss 0.2753 ce 0.3912 reward 0.279 lr 4.25e-06 538.3 min, 0.50 s/step
  epoch 2/2 step 22150/42479 loss 0.6979 ce 0.4873 reward 0.146 lr 4.23e-06 538.6 min, 0.50 s/step
  epoch 2/2 step 22200/42479 loss -0.7819 ce 0.2438 reward 0.448 lr 4.22e-06 539.0 min, 0.50 s/step
  epoch 2/2 step 22250/42479 loss 1.0020 ce 0.7762 reward -0.200 lr 4.20e-06 539.5 min, 0.50 s/step
  epoch 2/2 step 22300/42479 loss 0.4401 ce 0.4336 reward 0.222 lr 4.19e-06 540.0 min, 0.50 s/step
  epoch 2/2 step 22350/42479 loss 0.3176 ce 0.2408 reward 0.446 lr 4.17e-06 540.5 min, 0.50 s/step
  epoch 2/2 step 22400/42479 loss 0.3190 ce 0.5042 reward 0.105 lr 4.16e-06 540.9 min, 0.50 s/step
  epoch 2/2 step 22450/42479 loss 1.1910 ce 0.8312 reward -0.219 lr 4.14e-06 541.3 min, 0.50 s/step
  epoch 2/2 step 22500/42479 loss 0.2863 ce 0.3917 reward 0.263 lr 4.13e-06 541.7 min, 0.50 s/step
  epoch 2/2 step 22550/42479 loss 0.8487 ce 1.0549 reward -0.537 lr 4.11e-06 542.1 min, 0.50 s/step
  epoch 2/2 step 22600/42479 loss 0.3056 ce 0.5039 reward 0.157 lr 4.10e-06 542.5 min, 0.50 s/step
  epoch 2/2 step 22650/42479 loss 0.6048 ce 0.5302 reward 0.080 lr 4.08e-06 542.9 min, 0.50 s/step
  epoch 2/2 step 22700/42479 loss -0.3911 ce 0.6057 reward 0.072 lr 4.07e-06 543.4 min, 0.50 s/step
  epoch 2/2 step 22750/42479 loss 0.9385 ce 0.6833 reward -0.007 lr 4.05e-06 543.9 min, 0.50 s/step
  epoch 2/2 step 22800/42479 loss 1.1027 ce 0.8790 reward -0.314 lr 4.04e-06 544.2 min, 0.50 s/step
  epoch 2/2 step 22850/42479 loss 0.0676 ce 0.3353 reward 0.329 lr 4.02e-06 544.7 min, 0.50 s/step
  epoch 2/2 step 22900/42479 loss 0.1208 ce 0.6866 reward -0.011 lr 4.01e-06 545.1 min, 0.50 s/step
  epoch 2/2 step 22950/42479 loss -0.3754 ce 0.3290 reward 0.358 lr 3.99e-06 545.5 min, 0.50 s/step
  epoch 2/2 step 23000/42479 loss 0.7296 ce 0.4967 reward 0.121 lr 3.98e-06 545.9 min, 0.50 s/step
  epoch 2/2 step 23050/42479 loss 0.2972 ce 0.3497 reward 0.319 lr 3.97e-06 546.4 min, 0.50 s/step
  epoch 2/2 step 23100/42479 loss 0.3713 ce 0.6832 reward -0.007 lr 3.95e-06 546.9 min, 0.50 s/step
  epoch 2/2 step 23150/42479 loss 0.3194 ce 0.2965 reward 0.395 lr 3.94e-06 547.3 min, 0.50 s/step
  epoch 2/2 step 23200/42479 loss -0.0627 ce 0.4259 reward 0.254 lr 3.92e-06 547.7 min, 0.50 s/step
  epoch 2/2 step 23250/42479 loss 0.4563 ce 0.4988 reward 0.162 lr 3.91e-06 548.0 min, 0.50 s/step
  epoch 2/2 step 23300/42479 loss 0.8623 ce 0.5631 reward 0.079 lr 3.89e-06 548.4 min, 0.50 s/step
  epoch 2/2 step 23350/42479 loss 0.8887 ce 0.8155 reward -0.272 lr 3.88e-06 548.9 min, 0.50 s/step
  epoch 2/2 step 23400/42479 loss 0.1762 ce 0.6507 reward -0.041 lr 3.86e-06 549.2 min, 0.50 s/step
  epoch 2/2 step 23450/42479 loss 0.2624 ce 0.4919 reward 0.139 lr 3.85e-06 549.7 min, 0.50 s/step
  epoch 2/2 step 23500/42479 loss 0.2255 ce 0.4082 reward 0.278 lr 3.83e-06 550.1 min, 0.50 s/step
  epoch 2/2 step 23550/42479 loss 0.3794 ce 0.4448 reward 0.196 lr 3.82e-06 550.4 min, 0.50 s/step
  epoch 2/2 step 23600/42479 loss 1.7010 ce 1.7249 reward -1.200 lr 3.81e-06 550.9 min, 0.50 s/step
  epoch 2/2 step 23650/42479 loss 0.3074 ce 0.3428 reward 0.323 lr 3.79e-06 551.4 min, 0.50 s/step
  epoch 2/2 step 23700/42479 loss 0.5393 ce 0.5871 reward 0.006 lr 3.78e-06 551.7 min, 0.50 s/step
  epoch 2/2 step 23750/42479 loss -0.6012 ce 0.6812 reward -0.005 lr 3.76e-06 552.1 min, 0.50 s/step
  epoch 2/2 step 23800/42479 loss 0.5170 ce 0.4889 reward 0.166 lr 3.75e-06 552.4 min, 0.50 s/step
  epoch 2/2 step 23850/42479 loss 0.9681 ce 0.5194 reward 0.104 lr 3.74e-06 552.8 min, 0.50 s/step
  epoch 2/2 step 23900/42479 loss -0.3415 ce 0.3283 reward 0.371 lr 3.72e-06 553.2 min, 0.50 s/step
  epoch 2/2 step 23950/42479 loss 0.4175 ce 0.5015 reward 0.113 lr 3.71e-06 553.6 min, 0.50 s/step
  epoch 2/2 step 24000/42479 loss -0.1443 ce 0.4924 reward 0.157 lr 3.69e-06 554.1 min, 0.50 s/step
  epoch 2/2 step 24050/42479 loss -0.0815 ce 1.2159 reward -0.626 lr 3.68e-06 554.6 min, 0.50 s/step
  epoch 2/2 step 24100/42479 loss 0.8542 ce 0.5980 reward 0.038 lr 3.66e-06 555.0 min, 0.50 s/step
  epoch 2/2 step 24150/42479 loss 0.6997 ce 0.6309 reward -0.063 lr 3.65e-06 555.6 min, 0.50 s/step
  epoch 2/2 step 24200/42479 loss 0.3675 ce 0.4640 reward 0.169 lr 3.64e-06 556.0 min, 0.50 s/step
  epoch 2/2 step 24250/42479 loss -0.2029 ce 0.3376 reward 0.361 lr 3.62e-06 556.4 min, 0.50 s/step
  epoch 2/2 step 24300/42479 loss -0.3986 ce 0.2532 reward 0.469 lr 3.61e-06 556.9 min, 0.50 s/step
  epoch 2/2 step 24350/42479 loss 0.2512 ce 0.4538 reward 0.209 lr 3.60e-06 557.3 min, 0.50 s/step
  epoch 2/2 step 24400/42479 loss 0.1945 ce 0.2521 reward 0.444 lr 3.58e-06 557.7 min, 0.50 s/step
  epoch 2/2 step 24450/42479 loss 1.9285 ce 1.3202 reward -0.726 lr 3.57e-06 558.0 min, 0.50 s/step
  epoch 2/2 step 24500/42479 loss 2.3877 ce 1.3527 reward -0.770 lr 3.55e-06 558.5 min, 0.50 s/step
  epoch 2/2 step 24550/42479 loss -1.3922 ce 0.6810 reward -0.005 lr 3.54e-06 558.9 min, 0.50 s/step
  epoch 2/2 step 24600/42479 loss 0.5235 ce 0.5831 reward 0.018 lr 3.53e-06 559.3 min, 0.50 s/step
  epoch 2/2 step 24650/42479 loss 0.0305 ce 0.6057 reward 0.072 lr 3.51e-06 559.7 min, 0.50 s/step
  epoch 2/2 step 24700/42479 loss 0.0892 ce 0.3556 reward 0.308 lr 3.50e-06 560.2 min, 0.50 s/step
  epoch 2/2 step 24750/42479 loss 0.6653 ce 0.5061 reward 0.153 lr 3.49e-06 560.7 min, 0.50 s/step
  epoch 2/2 step 24800/42479 loss 0.0467 ce 0.6775 reward -0.002 lr 3.47e-06 561.0 min, 0.50 s/step
  epoch 2/2 step 24850/42479 loss 0.2002 ce 0.3594 reward 0.338 lr 3.46e-06 561.3 min, 0.50 s/step
  epoch 2/2 step 24900/42479 loss 0.6252 ce 0.6427 reward -0.033 lr 3.45e-06 561.8 min, 0.50 s/step
  epoch 2/2 step 24950/42479 loss 0.3576 ce 0.4711 reward 0.164 lr 3.43e-06 562.3 min, 0.50 s/step
  epoch 2/2 step 25000/42479 loss 0.2875 ce 0.5002 reward 0.117 lr 3.42e-06 562.7 min, 0.50 s/step
  epoch 2/2 step 25050/42479 loss 1.1740 ce 1.2999 reward -0.713 lr 3.41e-06 563.1 min, 0.50 s/step
  epoch 2/2 step 25100/42479 loss 0.8854 ce 0.6650 reward -0.086 lr 3.39e-06 563.6 min, 0.50 s/step
  epoch 2/2 step 25150/42479 loss 0.9185 ce 0.9127 reward -0.337 lr 3.38e-06 564.0 min, 0.50 s/step
  epoch 2/2 step 25200/42479 loss 0.7469 ce 0.5023 reward 0.122 lr 3.37e-06 564.3 min, 0.50 s/step
  epoch 2/2 step 25250/42479 loss 0.0449 ce 0.4108 reward 0.272 lr 3.35e-06 564.7 min, 0.50 s/step
  epoch 2/2 step 25300/42479 loss 0.0759 ce 0.4125 reward 0.245 lr 3.34e-06 565.0 min, 0.50 s/step
  epoch 2/2 step 25350/42479 loss 0.0064 ce 0.3733 reward 0.276 lr 3.33e-06 565.5 min, 0.50 s/step
  epoch 2/2 step 25400/42479 loss 0.9447 ce 0.8096 reward -0.234 lr 3.31e-06 565.8 min, 0.50 s/step
  epoch 2/2 step 25450/42479 loss 0.6730 ce 0.5999 reward -0.013 lr 3.30e-06 566.3 min, 0.50 s/step
  epoch 2/2 step 25500/42479 loss -0.2969 ce 0.3414 reward 0.356 lr 3.29e-06 566.7 min, 0.50 s/step
  epoch 2/2 step 25550/42479 loss 0.4826 ce 0.5271 reward 0.081 lr 3.27e-06 567.1 min, 0.50 s/step
  epoch 2/2 step 25600/42479 loss -0.6479 ce 0.6057 reward 0.072 lr 3.26e-06 567.6 min, 0.50 s/step
  epoch 2/2 step 25650/42479 loss 0.5176 ce 0.5334 reward 0.089 lr 3.25e-06 568.0 min, 0.50 s/step
  epoch 2/2 step 25700/42479 loss 0.9946 ce 0.5864 reward 0.058 lr 3.24e-06 568.5 min, 0.50 s/step
  epoch 2/2 step 25750/42479 loss -0.3561 ce 0.3519 reward 0.344 lr 3.22e-06 568.8 min, 0.50 s/step
  epoch 2/2 step 25800/42479 loss 0.1332 ce 0.2925 reward 0.382 lr 3.21e-06 569.2 min, 0.50 s/step
  epoch 2/2 step 25850/42479 loss 0.4206 ce 0.4439 reward 0.187 lr 3.20e-06 569.6 min, 0.50 s/step
  epoch 2/2 step 25900/42479 loss 0.2932 ce 0.3708 reward 0.317 lr 3.18e-06 570.0 min, 0.50 s/step
  epoch 2/2 step 25950/42479 loss 0.4936 ce 0.6795 reward -0.003 lr 3.17e-06 570.5 min, 0.50 s/step
  epoch 2/2 step 26000/42479 loss -0.2240 ce 0.6510 reward 0.026 lr 3.16e-06 570.9 min, 0.50 s/step
  epoch 2/2 step 26050/42479 loss -0.8079 ce 0.3796 reward 0.309 lr 3.15e-06 571.3 min, 0.50 s/step
  epoch 2/2 step 26100/42479 loss 1.5437 ce 1.2211 reward -0.623 lr 3.13e-06 571.8 min, 0.50 s/step
  epoch 2/2 step 26150/42479 loss 0.6173 ce 0.6879 reward -0.012 lr 3.12e-06 572.2 min, 0.50 s/step
  epoch 2/2 step 26200/42479 loss -0.0838 ce 0.3124 reward 0.389 lr 3.11e-06 572.7 min, 0.50 s/step
  epoch 2/2 step 26250/42479 loss 0.9515 ce 0.6311 reward -0.059 lr 3.10e-06 573.0 min, 0.50 s/step
  epoch 2/2 step 26300/42479 loss -0.0024 ce 0.3776 reward 0.313 lr 3.08e-06 573.4 min, 0.50 s/step
  epoch 2/2 step 26350/42479 loss -0.1057 ce 0.3744 reward 0.286 lr 3.07e-06 573.9 min, 0.50 s/step
  epoch 2/2 step 26400/42479 loss 0.5994 ce 0.3934 reward 0.264 lr 3.06e-06 574.5 min, 0.50 s/step
  epoch 2/2 step 26450/42479 loss 1.1891 ce 1.1089 reward -0.504 lr 3.05e-06 574.8 min, 0.50 s/step
  epoch 2/2 step 26500/42479 loss -0.3889 ce 0.7254 reward -0.158 lr 3.03e-06 575.3 min, 0.50 s/step
  epoch 2/2 step 26550/42479 loss 0.3760 ce 0.5627 reward 0.042 lr 3.02e-06 575.7 min, 0.50 s/step
  epoch 2/2 step 26600/42479 loss 0.4985 ce 0.5603 reward 0.038 lr 3.01e-06 576.1 min, 0.50 s/step
  epoch 2/2 step 26650/42479 loss 0.0821 ce 0.6879 reward -0.012 lr 3.00e-06 576.7 min, 0.50 s/step
  epoch 2/2 step 26700/42479 loss -0.2239 ce 0.3449 reward 0.351 lr 2.98e-06 577.1 min, 0.50 s/step
  epoch 2/2 step 26750/42479 loss 0.5165 ce 0.6150 reward -0.014 lr 2.97e-06 577.5 min, 0.50 s/step
  epoch 2/2 step 26800/42479 loss 0.3244 ce 0.3406 reward 0.335 lr 2.96e-06 577.9 min, 0.50 s/step
  epoch 2/2 step 26850/42479 loss -0.5338 ce 0.3899 reward 0.300 lr 2.95e-06 578.3 min, 0.50 s/step
  epoch 2/2 step 26900/42479 loss -0.1673 ce 0.6057 reward 0.072 lr 2.94e-06 578.7 min, 0.50 s/step
  epoch 2/2 step 26950/42479 loss 0.7660 ce 0.3723 reward 0.289 lr 2.92e-06 579.1 min, 0.50 s/step
  epoch 2/2 step 27000/42479 loss 0.3417 ce 0.3220 reward 0.346 lr 2.91e-06 579.6 min, 0.50 s/step
  epoch 2/2 step 27050/42479 loss 0.7500 ce 0.6871 reward -0.113 lr 2.90e-06 580.0 min, 0.50 s/step
  epoch 2/2 step 27100/42479 loss 0.2514 ce 0.3150 reward 0.369 lr 2.89e-06 580.5 min, 0.50 s/step
  epoch 2/2 step 27150/42479 loss 0.4372 ce 0.5165 reward 0.085 lr 2.88e-06 580.9 min, 0.50 s/step
  epoch 2/2 step 27200/42479 loss 0.2352 ce 0.4274 reward 0.248 lr 2.86e-06 581.2 min, 0.50 s/step
  epoch 2/2 step 27250/42479 loss -0.0032 ce 0.3074 reward 0.395 lr 2.85e-06 581.7 min, 0.50 s/step
  epoch 2/2 step 27300/42479 loss 0.1164 ce 0.4011 reward 0.288 lr 2.84e-06 582.0 min, 0.50 s/step
  epoch 2/2 step 27350/42479 loss 1.2156 ce 0.6847 reward -0.009 lr 2.83e-06 582.5 min, 0.50 s/step
  epoch 2/2 step 27400/42479 loss -0.0342 ce 0.4366 reward 0.210 lr 2.82e-06 582.9 min, 0.50 s/step
  epoch 2/2 step 27450/42479 loss 0.9948 ce 0.6573 reward -0.039 lr 2.80e-06 583.4 min, 0.50 s/step
  epoch 2/2 step 27500/42479 loss -0.7266 ce 0.6057 reward 0.072 lr 2.79e-06 583.7 min, 0.50 s/step
  epoch 2/2 step 27550/42479 loss 0.2698 ce 0.5257 reward 0.089 lr 2.78e-06 584.2 min, 0.50 s/step
  epoch 2/2 step 27600/42479 loss 0.6621 ce 0.6562 reward -0.085 lr 2.77e-06 584.6 min, 0.50 s/step
  epoch 2/2 step 27650/42479 loss -0.3165 ce 0.3776 reward 0.314 lr 2.76e-06 585.0 min, 0.50 s/step
  epoch 2/2 step 27700/42479 loss -0.0832 ce 1.0420 reward -0.422 lr 2.75e-06 585.4 min, 0.50 s/step
  epoch 2/2 step 27750/42479 loss 0.3030 ce 0.6168 reward -0.001 lr 2.74e-06 586.0 min, 0.50 s/step
  epoch 2/2 step 27800/42479 loss 0.3517 ce 0.4221 reward 0.229 lr 2.72e-06 586.4 min, 0.50 s/step
  epoch 2/2 step 27850/42479 loss 0.4573 ce 0.5476 reward 0.058 lr 2.71e-06 586.9 min, 0.50 s/step
  epoch 2/2 step 27900/42479 loss 0.7634 ce 0.4282 reward 0.222 lr 2.70e-06 587.3 min, 0.50 s/step
  epoch 2/2 step 27950/42479 loss 0.5089 ce 0.3649 reward 0.330 lr 2.69e-06 587.7 min, 0.50 s/step
  epoch 2/2 step 28000/42479 loss -0.2902 ce 0.2262 reward 0.450 lr 2.68e-06 588.1 min, 0.50 s/step
  epoch 2/2 step 28050/42479 loss 0.9489 ce 0.7560 reward -0.156 lr 2.67e-06 588.6 min, 0.50 s/step
  epoch 2/2 step 28100/42479 loss 0.0163 ce 0.6876 reward -0.012 lr 2.66e-06 589.0 min, 0.50 s/step
  epoch 2/2 step 28150/42479 loss 1.2734 ce 0.7499 reward -0.159 lr 2.64e-06 589.5 min, 0.50 s/step
  epoch 2/2 step 28200/42479 loss 0.3148 ce 0.4990 reward 0.111 lr 2.63e-06 589.9 min, 0.50 s/step
  epoch 2/2 step 28250/42479 loss 0.2911 ce 0.5187 reward 0.122 lr 2.62e-06 590.3 min, 0.50 s/step
  epoch 2/2 step 28300/42479 loss 0.9096 ce 0.6763 reward -0.122 lr 2.61e-06 590.7 min, 0.50 s/step
  epoch 2/2 step 28350/42479 loss -0.2171 ce 0.6057 reward 0.072 lr 2.60e-06 591.1 min, 0.50 s/step
  epoch 2/2 step 28400/42479 loss 0.5771 ce 0.4604 reward 0.173 lr 2.59e-06 591.5 min, 0.50 s/step
  epoch 2/2 step 28450/42479 loss 0.3985 ce 0.3938 reward 0.292 lr 2.58e-06 591.9 min, 0.50 s/step
  epoch 2/2 step 28500/42479 loss 0.6887 ce 0.5821 reward 0.005 lr 2.57e-06 592.3 min, 0.50 s/step
  epoch 2/2 step 28550/42479 loss 0.3434 ce 0.5998 reward -0.009 lr 2.56e-06 592.7 min, 0.50 s/step
  epoch 2/2 step 28600/42479 loss 1.0594 ce 0.5047 reward 0.125 lr 2.54e-06 593.1 min, 0.50 s/step
  epoch 2/2 step 28650/42479 loss 0.7938 ce 0.7355 reward -0.171 lr 2.53e-06 593.5 min, 0.50 s/step
  epoch 2/2 step 28700/42479 loss -1.0818 ce 0.6863 reward -0.010 lr 2.52e-06 593.9 min, 0.50 s/step
  epoch 2/2 step 28750/42479 loss 0.4105 ce 0.3293 reward 0.343 lr 2.51e-06 594.3 min, 0.50 s/step
  epoch 2/2 step 28800/42479 loss 0.0406 ce 0.3517 reward 0.320 lr 2.50e-06 594.7 min, 0.50 s/step
  epoch 2/2 step 28850/42479 loss -0.1751 ce 0.4634 reward 0.205 lr 2.49e-06 595.1 min, 0.50 s/step
  epoch 2/2 step 28900/42479 loss 0.0912 ce 0.5194 reward 0.129 lr 2.48e-06 595.6 min, 0.50 s/step
  epoch 2/2 step 28950/42479 loss 0.3273 ce 0.4260 reward 0.209 lr 2.47e-06 596.0 min, 0.50 s/step
  epoch 2/2 step 29000/42479 loss -1.8974 ce 0.6703 reward 0.006 lr 2.46e-06 596.4 min, 0.50 s/step
  epoch 2/2 step 29050/42479 loss -0.1455 ce 0.6315 reward -0.068 lr 2.45e-06 596.8 min, 0.50 s/step
  epoch 2/2 step 29100/42479 loss 0.1590 ce 0.4547 reward 0.241 lr 2.44e-06 597.2 min, 0.50 s/step
  epoch 2/2 step 29150/42479 loss 0.3869 ce 0.6045 reward 0.023 lr 2.43e-06 597.6 min, 0.50 s/step
  epoch 2/2 step 29200/42479 loss 0.5291 ce 0.5210 reward 0.132 lr 2.42e-06 598.0 min, 0.50 s/step
  epoch 2/2 step 29250/42479 loss 0.0537 ce 0.6562 reward 0.020 lr 2.41e-06 598.4 min, 0.50 s/step
  epoch 2/2 step 29300/42479 loss 0.1792 ce 0.2102 reward 0.486 lr 2.40e-06 598.8 min, 0.50 s/step
  epoch 2/2 step 29350/42479 loss 0.4871 ce 0.4713 reward 0.165 lr 2.39e-06 599.2 min, 0.50 s/step
  epoch 2/2 step 29400/42479 loss -0.2391 ce 0.6877 reward -0.011 lr 2.38e-06 599.7 min, 0.50 s/step
  epoch 2/2 step 29450/42479 loss 0.4164 ce 0.6057 reward 0.072 lr 2.37e-06 600.1 min, 0.50 s/step
  epoch 2/2 step 29500/42479 loss 0.6362 ce 0.5631 reward 0.078 lr 2.35e-06 600.6 min, 0.50 s/step
  epoch 2/2 step 29550/42479 loss -0.1325 ce 0.5604 reward 0.059 lr 2.34e-06 601.0 min, 0.50 s/step
  epoch 2/2 step 29600/42479 loss 0.3273 ce 0.5134 reward 0.103 lr 2.33e-06 601.3 min, 0.50 s/step
  epoch 2/2 step 29650/42479 loss -0.3158 ce 0.6667 reward 0.010 lr 2.32e-06 601.8 min, 0.50 s/step
  epoch 2/2 step 29700/42479 loss 2.2631 ce 2.0399 reward -1.400 lr 2.31e-06 602.2 min, 0.50 s/step
  epoch 2/2 step 29750/42479 loss 0.2895 ce 0.2924 reward 0.388 lr 2.30e-06 602.6 min, 0.50 s/step
  epoch 2/2 step 29800/42479 loss 0.2997 ce 0.5302 reward 0.068 lr 2.29e-06 603.2 min, 0.50 s/step
  epoch 2/2 step 29850/42479 loss 0.3342 ce 0.4646 reward 0.169 lr 2.28e-06 603.6 min, 0.50 s/step
  epoch 2/2 step 29900/42479 loss 0.2207 ce 0.5038 reward 0.151 lr 2.27e-06 603.9 min, 0.50 s/step
  epoch 2/2 step 29950/42479 loss -0.4820 ce 0.6057 reward 0.072 lr 2.26e-06 604.3 min, 0.50 s/step
  epoch 2/2 step 30000/42479 loss 1.0126 ce 0.7344 reward -0.108 lr 2.25e-06 604.7 min, 0.50 s/step
  epoch 2/2 step 30050/42479 loss 0.6154 ce 0.5239 reward 0.129 lr 2.24e-06 605.1 min, 0.50 s/step
  epoch 2/2 step 30100/42479 loss 0.3646 ce 0.4835 reward 0.128 lr 2.23e-06 605.5 min, 0.50 s/step
  epoch 2/2 step 30150/42479 loss 0.2139 ce 0.4091 reward 0.242 lr 2.22e-06 605.8 min, 0.50 s/step
  epoch 2/2 step 30200/42479 loss 0.2479 ce 0.5077 reward 0.119 lr 2.21e-06 606.2 min, 0.50 s/step
  epoch 2/2 step 30250/42479 loss 1.5743 ce 0.7197 reward -0.126 lr 2.21e-06 606.6 min, 0.50 s/step
  epoch 2/2 step 30300/42479 loss 0.2904 ce 0.4766 reward 0.152 lr 2.20e-06 606.9 min, 0.50 s/step
  epoch 2/2 step 30350/42479 loss 1.3572 ce 0.8812 reward -0.334 lr 2.19e-06 607.4 min, 0.50 s/step
  epoch 2/2 step 30400/42479 loss 0.0860 ce 0.4900 reward 0.172 lr 2.18e-06 607.8 min, 0.50 s/step
  epoch 2/2 step 30450/42479 loss 0.4210 ce 0.4701 reward 0.203 lr 2.17e-06 608.3 min, 0.50 s/step
  epoch 2/2 step 30500/42479 loss 0.5795 ce 0.6562 reward -0.089 lr 2.16e-06 608.7 min, 0.50 s/step
  epoch 2/2 step 30550/42479 loss 0.1603 ce 0.3616 reward 0.318 lr 2.15e-06 609.1 min, 0.50 s/step
  epoch 2/2 step 30600/42479 loss 0.6057 ce 0.3904 reward 0.258 lr 2.14e-06 609.5 min, 0.50 s/step
  epoch 2/2 step 30650/42479 loss 0.3550 ce 0.4993 reward 0.114 lr 2.13e-06 609.9 min, 0.50 s/step
  epoch 2/2 step 30700/42479 loss 0.3680 ce 0.4430 reward 0.232 lr 2.12e-06 610.4 min, 0.50 s/step
  epoch 2/2 step 30750/42479 loss 0.2637 ce 0.4057 reward 0.240 lr 2.11e-06 610.8 min, 0.50 s/step
  epoch 2/2 step 30800/42479 loss 0.6490 ce 0.5384 reward 0.061 lr 2.10e-06 611.2 min, 0.50 s/step
  epoch 2/2 step 30850/42479 loss 0.6079 ce 0.5069 reward 0.119 lr 2.09e-06 611.6 min, 0.50 s/step
  epoch 2/2 step 30900/42479 loss 0.9471 ce 0.5978 reward 0.035 lr 2.08e-06 612.0 min, 0.50 s/step
  epoch 2/2 step 30950/42479 loss 0.4593 ce 0.7084 reward -0.118 lr 2.07e-06 612.4 min, 0.50 s/step
  epoch 2/2 step 31000/42479 loss 0.4711 ce 0.6879 reward -0.012 lr 2.06e-06 612.9 min, 0.50 s/step
  epoch 2/2 step 31050/42479 loss 0.4928 ce 0.4484 reward 0.177 lr 2.06e-06 613.3 min, 0.50 s/step
  epoch 2/2 step 31100/42479 loss 0.1922 ce 0.3568 reward 0.299 lr 2.05e-06 613.7 min, 0.50 s/step
  epoch 2/2 step 31150/42479 loss 0.2601 ce 0.4410 reward 0.212 lr 2.04e-06 614.0 min, 0.50 s/step
  epoch 2/2 step 31200/42479 loss -0.7614 ce 0.6667 reward 0.010 lr 2.03e-06 614.5 min, 0.50 s/step
  epoch 2/2 step 31250/42479 loss 0.5161 ce 0.5369 reward 0.102 lr 2.02e-06 615.0 min, 0.50 s/step
  epoch 2/2 step 31300/42479 loss 0.5928 ce 0.7692 reward -0.235 lr 2.01e-06 615.4 min, 0.50 s/step
  epoch 2/2 step 31350/42479 loss 0.1885 ce 0.2867 reward 0.395 lr 2.00e-06 615.9 min, 0.50 s/step
  epoch 2/2 step 31400/42479 loss -0.7863 ce 0.6058 reward 0.072 lr 1.99e-06 616.3 min, 0.50 s/step
  epoch 2/2 step 31450/42479 loss -0.3726 ce 0.6859 reward -0.010 lr 1.98e-06 616.8 min, 0.50 s/step
  epoch 2/2 step 31500/42479 loss 0.5094 ce 0.6689 reward -0.079 lr 1.97e-06 617.1 min, 0.50 s/step
  epoch 2/2 step 31550/42479 loss 0.3386 ce 0.4353 reward 0.237 lr 1.97e-06 617.6 min, 0.50 s/step
  epoch 2/2 step 31600/42479 loss 0.7949 ce 0.4086 reward 0.272 lr 1.96e-06 618.0 min, 0.50 s/step
  epoch 2/2 step 31650/42479 loss 1.1981 ce 1.1282 reward -0.607 lr 1.95e-06 618.4 min, 0.50 s/step
  epoch 2/2 step 31700/42479 loss 0.6317 ce 0.7168 reward -0.111 lr 1.94e-06 618.7 min, 0.50 s/step
  epoch 2/2 step 31750/42479 loss 0.2043 ce 0.4154 reward 0.230 lr 1.93e-06 619.1 min, 0.50 s/step
  epoch 2/2 step 31800/42479 loss 0.4333 ce 0.4003 reward 0.251 lr 1.92e-06 619.5 min, 0.50 s/step
  epoch 2/2 step 31850/42479 loss 0.4151 ce 0.6722 reward 0.004 lr 1.91e-06 619.9 min, 0.50 s/step
  epoch 2/2 step 31900/42479 loss 0.5063 ce 0.5884 reward 0.047 lr 1.91e-06 620.3 min, 0.50 s/step
  epoch 2/2 step 31950/42479 loss 0.1467 ce 0.6057 reward 0.072 lr 1.90e-06 620.8 min, 0.50 s/step
  epoch 2/2 step 32000/42479 loss 0.1311 ce 0.1817 reward 0.532 lr 1.89e-06 621.2 min, 0.50 s/step
  epoch 2/2 step 32050/42479 loss 0.1635 ce 0.4867 reward 0.175 lr 1.88e-06 621.6 min, 0.50 s/step
  epoch 2/2 step 32100/42479 loss -0.1209 ce 0.4346 reward 0.239 lr 1.87e-06 622.0 min, 0.50 s/step
  epoch 2/2 step 32150/42479 loss 0.7281 ce 0.6321 reward -0.050 lr 1.86e-06 622.4 min, 0.50 s/step
  epoch 2/2 step 32200/42479 loss 0.6871 ce 0.5895 reward 0.037 lr 1.86e-06 622.8 min, 0.50 s/step
  epoch 2/2 step 32250/42479 loss 0.6972 ce 0.6761 reward -0.077 lr 1.85e-06 623.2 min, 0.50 s/step
  epoch 2/2 step 32300/42479 loss -0.2745 ce 0.6057 reward 0.072 lr 1.84e-06 623.6 min, 0.50 s/step
  epoch 2/2 step 32350/42479 loss 0.0021 ce 0.3471 reward 0.322 lr 1.83e-06 624.1 min, 0.50 s/step
  epoch 2/2 step 32400/42479 loss -1.6591 ce 0.5300 reward 0.157 lr 1.82e-06 624.5 min, 0.50 s/step
  epoch 2/2 step 32450/42479 loss 0.1483 ce 0.3184 reward 0.382 lr 1.82e-06 624.9 min, 0.50 s/step
  epoch 2/2 step 32500/42479 loss 0.2261 ce 0.4326 reward 0.231 lr 1.81e-06 625.3 min, 0.50 s/step
  epoch 2/2 step 32550/42479 loss 0.5556 ce 0.4858 reward 0.147 lr 1.80e-06 625.7 min, 0.50 s/step
  epoch 2/2 step 32600/42479 loss 0.3694 ce 0.4785 reward 0.153 lr 1.79e-06 626.2 min, 0.50 s/step
  epoch 2/2 step 32650/42479 loss 0.1249 ce 0.3342 reward 0.359 lr 1.78e-06 626.6 min, 0.50 s/step
  epoch 2/2 step 32700/42479 loss 0.3481 ce 0.5190 reward 0.103 lr 1.78e-06 627.0 min, 0.50 s/step
  epoch 2/2 step 32750/42479 loss 0.1977 ce 0.5135 reward 0.099 lr 1.77e-06 627.4 min, 0.50 s/step
  epoch 2/2 step 32800/42479 loss 0.4007 ce 0.5621 reward 0.036 lr 1.76e-06 627.9 min, 0.50 s/step
  epoch 2/2 step 32850/42479 loss 0.1092 ce 0.4011 reward 0.272 lr 1.75e-06 628.3 min, 0.50 s/step
  epoch 2/2 step 32900/42479 loss -1.5375 ce 0.6171 reward 0.060 lr 1.74e-06 628.6 min, 0.50 s/step
  epoch 2/2 step 32950/42479 loss 0.4284 ce 0.3722 reward 0.318 lr 1.74e-06 629.1 min, 0.50 s/step
  epoch 2/2 step 33000/42479 loss 1.0499 ce 1.1998 reward -0.724 lr 1.73e-06 629.5 min, 0.50 s/step
  epoch 2/2 step 33050/42479 loss -0.2958 ce 0.6775 reward -0.001 lr 1.72e-06 630.0 min, 0.50 s/step
  epoch 2/2 step 33100/42479 loss 0.1766 ce 0.6171 reward 0.060 lr 1.71e-06 630.4 min, 0.50 s/step
  epoch 2/2 step 33150/42479 loss 0.4534 ce 0.6080 reward -0.015 lr 1.71e-06 630.8 min, 0.50 s/step
  epoch 2/2 step 33200/42479 loss 0.7021 ce 0.4759 reward 0.164 lr 1.70e-06 631.3 min, 0.50 s/step
  epoch 2/2 step 33250/42479 loss 0.2373 ce 0.6203 reward -0.040 lr 1.69e-06 631.7 min, 0.50 s/step
  epoch 2/2 step 33300/42479 loss 0.1985 ce 0.3560 reward 0.312 lr 1.68e-06 632.1 min, 0.50 s/step
  epoch 2/2 step 33350/42479 loss -0.4469 ce 0.6170 reward 0.060 lr 1.68e-06 632.5 min, 0.50 s/step
  epoch 2/2 step 33400/42479 loss 0.8935 ce 0.6758 reward -0.093 lr 1.67e-06 633.0 min, 0.50 s/step
  epoch 2/2 step 33450/42479 loss -0.4792 ce 0.6863 reward -0.010 lr 1.66e-06 633.5 min, 0.50 s/step
  epoch 2/2 step 33500/42479 loss 0.5607 ce 0.3488 reward 0.315 lr 1.65e-06 633.9 min, 0.50 s/step
  epoch 2/2 step 33550/42479 loss -1.1335 ce 0.6057 reward 0.072 lr 1.65e-06 634.3 min, 0.50 s/step
  epoch 2/2 step 33600/42479 loss -0.0282 ce 0.0870 reward 0.654 lr 1.64e-06 634.8 min, 0.50 s/step
  epoch 2/2 step 33650/42479 loss -0.0530 ce 0.4363 reward 0.231 lr 1.63e-06 635.2 min, 0.50 s/step
  epoch 2/2 step 33700/42479 loss 0.3488 ce 0.3968 reward 0.257 lr 1.63e-06 635.6 min, 0.50 s/step
  epoch 2/2 step 33750/42479 loss 0.3839 ce 0.5353 reward 0.114 lr 1.62e-06 635.9 min, 0.50 s/step
  epoch 2/2 step 33800/42479 loss 0.0318 ce 0.2210 reward 0.485 lr 1.61e-06 636.3 min, 0.50 s/step
  epoch 2/2 step 33850/42479 loss -0.0383 ce 0.3698 reward 0.292 lr 1.61e-06 636.8 min, 0.50 s/step
  epoch 2/2 step 33900/42479 loss 0.3480 ce 0.3970 reward 0.266 lr 1.60e-06 637.3 min, 0.50 s/step
  epoch 2/2 step 33950/42479 loss -0.8783 ce 0.6057 reward 0.072 lr 1.59e-06 637.6 min, 0.50 s/step
  epoch 2/2 step 34000/42479 loss 1.1758 ce 0.8480 reward -0.291 lr 1.58e-06 638.0 min, 0.50 s/step
  epoch 2/2 step 34050/42479 loss 0.5041 ce 0.5115 reward 0.137 lr 1.58e-06 638.4 min, 0.50 s/step
  epoch 2/2 step 34100/42479 loss 0.3788 ce 0.3265 reward 0.351 lr 1.57e-06 638.7 min, 0.50 s/step
  epoch 2/2 step 34150/42479 loss 0.4331 ce 0.4365 reward 0.202 lr 1.56e-06 639.1 min, 0.50 s/step
  epoch 2/2 step 34200/42479 loss 0.1752 ce 0.2664 reward 0.429 lr 1.56e-06 639.5 min, 0.50 s/step
  epoch 2/2 step 34250/42479 loss 0.4464 ce 0.4696 reward 0.151 lr 1.55e-06 639.9 min, 0.50 s/step
  epoch 2/2 step 34300/42479 loss 0.2054 ce 0.2103 reward 0.506 lr 1.54e-06 640.3 min, 0.50 s/step
  epoch 2/2 step 34350/42479 loss 0.0642 ce 0.4238 reward 0.244 lr 1.54e-06 640.7 min, 0.50 s/step
  epoch 2/2 step 34400/42479 loss 0.0103 ce 0.4970 reward 0.123 lr 1.53e-06 641.2 min, 0.50 s/step
  epoch 2/2 step 34450/42479 loss 0.6852 ce 0.8884 reward -0.298 lr 1.52e-06 641.6 min, 0.50 s/step
  epoch 2/2 step 34500/42479 loss 0.3111 ce 0.3309 reward 0.346 lr 1.52e-06 642.0 min, 0.50 s/step
  epoch 2/2 step 34550/42479 loss 0.8473 ce 0.5895 reward 0.045 lr 1.51e-06 642.4 min, 0.50 s/step
  epoch 2/2 step 34600/42479 loss -0.2424 ce 0.2951 reward 0.389 lr 1.50e-06 643.0 min, 0.50 s/step
  epoch 2/2 step 34650/42479 loss 0.3176 ce 0.5094 reward 0.119 lr 1.50e-06 643.4 min, 0.50 s/step
  epoch 2/2 step 34700/42479 loss 0.5883 ce 0.6058 reward 0.072 lr 1.49e-06 643.8 min, 0.50 s/step
  epoch 2/2 step 34750/42479 loss 0.6151 ce 0.4804 reward 0.177 lr 1.49e-06 644.3 min, 0.50 s/step
  epoch 2/2 step 34800/42479 loss 0.6097 ce 0.6389 reward -0.037 lr 1.48e-06 644.7 min, 0.50 s/step
  epoch 2/2 step 34850/42479 loss 0.8749 ce 0.6717 reward -0.058 lr 1.47e-06 645.2 min, 0.50 s/step
  epoch 2/2 step 34900/42479 loss -1.2383 ce 0.6859 reward -0.010 lr 1.47e-06 645.7 min, 0.50 s/step
  epoch 2/2 step 34950/42479 loss -1.4193 ce 0.6058 reward 0.072 lr 1.46e-06 646.1 min, 0.50 s/step
  epoch 2/2 step 35000/42479 loss 0.3143 ce 0.6899 reward -0.014 lr 1.46e-06 646.5 min, 0.50 s/step
  epoch 2/2 step 35050/42479 loss 0.4595 ce 0.4714 reward 0.191 lr 1.45e-06 646.9 min, 0.50 s/step
  epoch 2/2 step 35100/42479 loss 0.6466 ce 0.6405 reward -0.075 lr 1.44e-06 647.2 min, 0.50 s/step
  epoch 2/2 step 35150/42479 loss 0.5557 ce 0.4764 reward 0.144 lr 1.44e-06 647.6 min, 0.50 s/step
  epoch 2/2 step 35200/42479 loss 0.2085 ce 0.3453 reward 0.308 lr 1.43e-06 648.0 min, 0.50 s/step
  epoch 2/2 step 35250/42479 loss 0.4976 ce 0.5145 reward 0.107 lr 1.43e-06 648.5 min, 0.50 s/step
  epoch 2/2 step 35300/42479 loss 0.2949 ce 0.5042 reward 0.145 lr 1.42e-06 648.9 min, 0.50 s/step
  epoch 2/2 step 35350/42479 loss 0.0407 ce 0.6057 reward 0.072 lr 1.41e-06 649.3 min, 0.50 s/step
  epoch 2/2 step 35400/42479 loss 0.7225 ce 0.8055 reward -0.195 lr 1.41e-06 649.7 min, 0.50 s/step
  epoch 2/2 step 35450/42479 loss 0.1342 ce 0.8136 reward -0.208 lr 1.40e-06 650.2 min, 0.50 s/step
  epoch 2/2 step 35500/42479 loss 0.5683 ce 0.5029 reward 0.134 lr 1.40e-06 650.6 min, 0.50 s/step
  epoch 2/2 step 35550/42479 loss 0.3890 ce 0.3154 reward 0.365 lr 1.39e-06 651.0 min, 0.50 s/step
  epoch 2/2 step 35600/42479 loss 0.6745 ce 0.7049 reward -0.144 lr 1.39e-06 651.4 min, 0.50 s/step
  epoch 2/2 step 35650/42479 loss 0.2991 ce 0.3826 reward 0.256 lr 1.38e-06 651.9 min, 0.50 s/step
  epoch 2/2 step 35700/42479 loss 0.4582 ce 0.5640 reward 0.041 lr 1.37e-06 652.3 min, 0.50 s/step
  epoch 2/2 step 35750/42479 loss 0.4832 ce 0.4880 reward 0.131 lr 1.37e-06 652.6 min, 0.50 s/step
  epoch 2/2 step 35800/42479 loss 0.2567 ce 0.3642 reward 0.303 lr 1.36e-06 653.1 min, 0.50 s/step
  epoch 2/2 step 35850/42479 loss 0.5783 ce 0.6867 reward -0.115 lr 1.36e-06 653.5 min, 0.50 s/step
  epoch 2/2 step 35900/42479 loss 0.6428 ce 0.7237 reward -0.124 lr 1.35e-06 653.9 min, 0.50 s/step
  epoch 2/2 step 35950/42479 loss 0.3679 ce 0.3610 reward 0.327 lr 1.35e-06 654.3 min, 0.50 s/step
  epoch 2/2 step 36000/42479 loss 0.1341 ce 0.5771 reward 0.028 lr 1.34e-06 654.7 min, 0.50 s/step
  epoch 2/2 step 36050/42479 loss -0.9133 ce 0.6846 reward -0.009 lr 1.34e-06 655.2 min, 0.50 s/step
  epoch 2/2 step 36100/42479 loss 0.2865 ce 0.4911 reward 0.163 lr 1.33e-06 655.6 min, 0.50 s/step
  epoch 2/2 step 36150/42479 loss 0.0332 ce 0.3526 reward 0.306 lr 1.33e-06 656.0 min, 0.50 s/step
  epoch 2/2 step 36200/42479 loss 0.4184 ce 0.3807 reward 0.280 lr 1.32e-06 656.3 min, 0.50 s/step
  epoch 2/2 step 36250/42479 loss -0.5033 ce 0.6895 reward -0.014 lr 1.32e-06 656.9 min, 0.50 s/step
  epoch 2/2 step 36300/42479 loss 0.7960 ce 0.6429 reward -0.058 lr 1.31e-06 657.3 min, 0.50 s/step
  epoch 2/2 step 36350/42479 loss 0.3858 ce 0.4584 reward 0.190 lr 1.31e-06 657.6 min, 0.50 s/step
  epoch 2/2 step 36400/42479 loss 0.6395 ce 0.5635 reward 0.062 lr 1.30e-06 658.0 min, 0.50 s/step
  epoch 2/2 step 36450/42479 loss 0.4082 ce 0.4032 reward 0.251 lr 1.30e-06 658.4 min, 0.50 s/step
  epoch 2/2 step 36500/42479 loss 0.4329 ce 0.3816 reward 0.276 lr 1.29e-06 658.8 min, 0.50 s/step
  epoch 2/2 step 36550/42479 loss -0.1499 ce 0.4615 reward 0.172 lr 1.29e-06 659.2 min, 0.50 s/step
  epoch 2/2 step 36600/42479 loss 0.3668 ce 0.5632 reward 0.066 lr 1.28e-06 659.7 min, 0.50 s/step
  epoch 2/2 step 36650/42479 loss 0.9116 ce 0.4962 reward 0.133 lr 1.28e-06 660.1 min, 0.50 s/step
  epoch 2/2 step 36700/42479 loss -0.9350 ce 0.3898 reward 0.300 lr 1.27e-06 660.5 min, 0.50 s/step
  epoch 2/2 step 36750/42479 loss 0.1211 ce 0.4367 reward 0.211 lr 1.27e-06 661.0 min, 0.50 s/step
  epoch 2/2 step 36800/42479 loss 1.3995 ce 0.8532 reward -0.245 lr 1.26e-06 661.5 min, 0.50 s/step
  epoch 2/2 step 36850/42479 loss 0.1173 ce 0.3864 reward 0.304 lr 1.26e-06 661.9 min, 0.50 s/step
  epoch 2/2 step 36900/42479 loss 0.0554 ce 0.2614 reward 0.444 lr 1.25e-06 662.3 min, 0.50 s/step
  epoch 2/2 step 36950/42479 loss -1.9415 ce 0.6880 reward -0.012 lr 1.25e-06 662.8 min, 0.50 s/step
  epoch 2/2 step 37000/42479 loss 0.8132 ce 0.6843 reward -0.008 lr 1.24e-06 663.2 min, 0.50 s/step
  epoch 2/2 step 37050/42479 loss 0.2074 ce 0.6874 reward -0.116 lr 1.24e-06 663.6 min, 0.50 s/step
  epoch 2/2 step 37100/42479 loss 0.1615 ce 0.2726 reward 0.426 lr 1.24e-06 664.0 min, 0.50 s/step
  epoch 2/2 step 37150/42479 loss -0.2176 ce 0.3902 reward 0.300 lr 1.23e-06 664.5 min, 0.50 s/step
  epoch 2/2 step 37200/42479 loss 0.3710 ce 0.4808 reward 0.149 lr 1.23e-06 664.9 min, 0.50 s/step
  epoch 2/2 step 37250/42479 loss -0.3512 ce 0.3900 reward 0.300 lr 1.22e-06 665.3 min, 0.50 s/step
  epoch 2/2 step 37300/42479 loss 0.3649 ce 0.3955 reward 0.267 lr 1.22e-06 665.7 min, 0.50 s/step
  epoch 2/2 step 37350/42479 loss 0.4787 ce 0.5235 reward 0.095 lr 1.21e-06 666.1 min, 0.50 s/step
  epoch 2/2 step 37400/42479 loss 0.6553 ce 0.6026 reward -0.020 lr 1.21e-06 666.4 min, 0.50 s/step
  epoch 2/2 step 37450/42479 loss 0.2082 ce 0.2691 reward 0.427 lr 1.21e-06 666.7 min, 0.50 s/step
  epoch 2/2 step 37500/42479 loss 0.2609 ce 0.2441 reward 0.450 lr 1.20e-06 667.2 min, 0.50 s/step
  epoch 2/2 step 37550/42479 loss 0.4119 ce 0.7469 reward -0.204 lr 1.20e-06 667.6 min, 0.50 s/step
  epoch 2/2 step 37600/42479 loss 0.0951 ce 0.3744 reward 0.316 lr 1.19e-06 668.0 min, 0.50 s/step
  epoch 2/2 step 37650/42479 loss 0.4707 ce 0.4177 reward 0.222 lr 1.19e-06 668.3 min, 0.50 s/step
  epoch 2/2 step 37700/42479 loss 0.7587 ce 0.6976 reward -0.089 lr 1.19e-06 668.7 min, 0.50 s/step
  epoch 2/2 step 37750/42479 loss 0.1426 ce 0.3933 reward 0.296 lr 1.18e-06 669.1 min, 0.50 s/step
  epoch 2/2 step 37800/42479 loss -0.5926 ce 0.6794 reward -0.003 lr 1.18e-06 669.5 min, 0.50 s/step
  epoch 2/2 step 37850/42479 loss 0.6393 ce 0.3389 reward 0.337 lr 1.18e-06 669.9 min, 0.50 s/step
  epoch 2/2 step 37900/42479 loss -0.3870 ce 0.5518 reward 0.135 lr 1.17e-06 670.3 min, 0.50 s/step
  epoch 2/2 step 37950/42479 loss 0.0427 ce 0.4881 reward 0.141 lr 1.17e-06 670.7 min, 0.50 s/step
  epoch 2/2 step 38000/42479 loss 0.3902 ce 0.5561 reward 0.044 lr 1.16e-06 671.1 min, 0.50 s/step
  epoch 2/2 step 38050/42479 loss 0.4438 ce 0.4601 reward 0.184 lr 1.16e-06 671.4 min, 0.50 s/step
  epoch 2/2 step 38100/42479 loss 0.7487 ce 1.3034 reward -0.774 lr 1.16e-06 671.9 min, 0.50 s/step
  epoch 2/2 step 38150/42479 loss 0.3671 ce 0.5352 reward 0.051 lr 1.15e-06 672.3 min, 0.50 s/step
  epoch 2/2 step 38200/42479 loss 0.9308 ce 0.5849 reward 0.040 lr 1.15e-06 672.7 min, 0.50 s/step
  epoch 2/2 step 38250/42479 loss 0.0354 ce 0.6667 reward 0.009 lr 1.15e-06 673.2 min, 0.50 s/step
  epoch 2/2 step 38300/42479 loss 0.4700 ce 0.6421 reward -0.064 lr 1.14e-06 673.6 min, 0.50 s/step
  epoch 2/2 step 38350/42479 loss 0.6301 ce 0.2884 reward 0.401 lr 1.14e-06 674.1 min, 0.50 s/step
  epoch 2/2 step 38400/42479 loss -0.3259 ce 0.3522 reward 0.344 lr 1.14e-06 674.5 min, 0.50 s/step
  epoch 2/2 step 38450/42479 loss 0.3477 ce 0.4306 reward 0.247 lr 1.13e-06 674.8 min, 0.50 s/step
  epoch 2/2 step 38500/42479 loss 0.2993 ce 0.4859 reward 0.137 lr 1.13e-06 675.3 min, 0.50 s/step
  epoch 2/2 step 38550/42479 loss -0.0917 ce 0.3601 reward 0.335 lr 1.13e-06 675.7 min, 0.50 s/step
  epoch 2/2 step 38600/42479 loss -0.6437 ce 0.4319 reward 0.265 lr 1.12e-06 676.1 min, 0.50 s/step
  epoch 2/2 step 38650/42479 loss 0.9053 ce 0.4925 reward 0.164 lr 1.12e-06 676.4 min, 0.50 s/step
  epoch 2/2 step 38700/42479 loss 0.4315 ce 0.4659 reward 0.193 lr 1.12e-06 676.8 min, 0.50 s/step
  epoch 2/2 step 38750/42479 loss 0.4096 ce 0.4488 reward 0.212 lr 1.11e-06 677.3 min, 0.50 s/step
  epoch 2/2 step 38800/42479 loss 0.8013 ce 0.7222 reward -0.120 lr 1.11e-06 677.7 min, 0.50 s/step
  epoch 2/2 step 38850/42479 loss 0.1635 ce 0.5259 reward 0.079 lr 1.11e-06 678.1 min, 0.50 s/step
  epoch 2/2 step 38900/42479 loss 0.6202 ce 0.7207 reward -0.129 lr 1.10e-06 678.6 min, 0.50 s/step
  epoch 2/2 step 38950/42479 loss 0.3436 ce 0.4369 reward 0.208 lr 1.10e-06 678.9 min, 0.50 s/step
  epoch 2/2 step 39000/42479 loss 0.4669 ce 0.5505 reward 0.068 lr 1.10e-06 679.3 min, 0.50 s/step
  epoch 2/2 step 39050/42479 loss 0.8231 ce 0.6846 reward -0.081 lr 1.10e-06 679.8 min, 0.50 s/step
  epoch 2/2 step 39100/42479 loss 0.7326 ce 0.6392 reward -0.055 lr 1.09e-06 680.2 min, 0.50 s/step
  epoch 2/2 step 39150/42479 loss -0.6325 ce 0.4907 reward 0.193 lr 1.09e-06 680.7 min, 0.50 s/step
  epoch 2/2 step 39200/42479 loss 0.1456 ce 0.5341 reward 0.104 lr 1.09e-06 681.2 min, 0.50 s/step
  epoch 2/2 step 39250/42479 loss 0.7529 ce 0.5225 reward 0.097 lr 1.09e-06 681.7 min, 0.50 s/step
  epoch 2/2 step 39300/42479 loss -0.0417 ce 0.4990 reward 0.111 lr 1.08e-06 682.1 min, 0.50 s/step
  epoch 2/2 step 39350/42479 loss 0.0309 ce 0.2484 reward 0.444 lr 1.08e-06 682.5 min, 0.50 s/step
  epoch 2/2 step 39400/42479 loss -1.5107 ce 0.6879 reward -0.012 lr 1.08e-06 682.8 min, 0.50 s/step
  epoch 2/2 step 39450/42479 loss 0.4934 ce 0.3651 reward 0.305 lr 1.07e-06 683.2 min, 0.50 s/step
  epoch 2/2 step 39500/42479 loss 0.9164 ce 0.7781 reward -0.219 lr 1.07e-06 683.6 min, 0.50 s/step
  epoch 2/2 step 39550/42479 loss 0.3817 ce 0.3847 reward 0.271 lr 1.07e-06 683.9 min, 0.50 s/step
  epoch 2/2 step 39600/42479 loss 0.3108 ce 0.4942 reward 0.140 lr 1.07e-06 684.3 min, 0.50 s/step
  epoch 2/2 step 39650/42479 loss 0.0863 ce 0.6738 reward 0.002 lr 1.07e-06 684.8 min, 0.50 s/step
  epoch 2/2 step 39700/42479 loss 0.4120 ce 0.4414 reward 0.232 lr 1.06e-06 685.2 min, 0.50 s/step
  epoch 2/2 step 39750/42479 loss 0.8704 ce 0.6401 reward -0.066 lr 1.06e-06 685.6 min, 0.50 s/step
  epoch 2/2 step 39800/42479 loss -1.2259 ce 0.6862 reward -0.010 lr 1.06e-06 686.1 min, 0.50 s/step
  epoch 2/2 step 39850/42479 loss -0.1730 ce 0.6791 reward -0.003 lr 1.06e-06 686.6 min, 0.50 s/step
  epoch 2/2 step 39900/42479 loss 0.3050 ce 0.4948 reward 0.145 lr 1.05e-06 686.9 min, 0.50 s/step
  epoch 2/2 step 39950/42479 loss 0.2165 ce 0.6824 reward -0.006 lr 1.05e-06 687.3 min, 0.50 s/step
  epoch 2/2 step 40000/42479 loss 0.4412 ce 0.4383 reward 0.195 lr 1.05e-06 687.8 min, 0.50 s/step
  epoch 2/2 step 40050/42479 loss -0.8785 ce 0.6646 reward 0.012 lr 1.05e-06 688.2 min, 0.50 s/step
  epoch 2/2 step 40100/42479 loss 0.5632 ce 0.6244 reward -0.042 lr 1.05e-06 688.5 min, 0.50 s/step
  epoch 2/2 step 40150/42479 loss 0.0700 ce 0.3794 reward 0.272 lr 1.04e-06 688.9 min, 0.50 s/step
  epoch 2/2 step 40200/42479 loss 0.6492 ce 0.5806 reward 0.014 lr 1.04e-06 689.3 min, 0.50 s/step
  epoch 2/2 step 40250/42479 loss 0.0871 ce 0.4704 reward 0.194 lr 1.04e-06 689.8 min, 0.50 s/step
  epoch 2/2 step 40300/42479 loss 0.4189 ce 0.4071 reward 0.291 lr 1.04e-06 690.3 min, 0.50 s/step
  epoch 2/2 step 40350/42479 loss 0.8545 ce 1.3170 reward -0.707 lr 1.04e-06 690.7 min, 0.50 s/step
  epoch 2/2 step 40400/42479 loss 0.2962 ce 0.3588 reward 0.301 lr 1.04e-06 691.2 min, 0.50 s/step
  epoch 2/2 step 40450/42479 loss -0.3608 ce 0.6810 reward -0.005 lr 1.03e-06 691.6 min, 0.50 s/step
  epoch 2/2 step 40500/42479 loss 0.8874 ce 0.4092 reward 0.232 lr 1.03e-06 692.0 min, 0.50 s/step
  epoch 2/2 step 40550/42479 loss 0.4068 ce 0.6115 reward -0.041 lr 1.03e-06 692.4 min, 0.50 s/step
  epoch 2/2 step 40600/42479 loss 0.3138 ce 0.4593 reward 0.178 lr 1.03e-06 692.8 min, 0.50 s/step
  epoch 2/2 step 40650/42479 loss 0.9941 ce 0.9930 reward -0.472 lr 1.03e-06 693.2 min, 0.50 s/step
  epoch 2/2 step 40700/42479 loss 1.0987 ce 0.6684 reward -0.042 lr 1.03e-06 693.7 min, 0.50 s/step
  epoch 2/2 step 40750/42479 loss 0.0803 ce 0.4298 reward 0.246 lr 1.02e-06 694.0 min, 0.50 s/step
  epoch 2/2 step 40800/42479 loss 0.9783 ce 0.7991 reward -0.262 lr 1.02e-06 694.3 min, 0.50 s/step
  epoch 2/2 step 40850/42479 loss 0.3477 ce 0.2374 reward 0.467 lr 1.02e-06 694.8 min, 0.50 s/step
  epoch 2/2 step 40900/42479 loss 0.2945 ce 0.4925 reward 0.167 lr 1.02e-06 695.2 min, 0.50 s/step
  epoch 2/2 step 40950/42479 loss 0.2769 ce 0.6667 reward 0.010 lr 1.02e-06 695.6 min, 0.50 s/step
  epoch 2/2 step 41000/42479 loss -0.2386 ce 0.5300 reward 0.157 lr 1.02e-06 696.0 min, 0.50 s/step
  epoch 2/2 step 41050/42479 loss -0.4628 ce 0.6057 reward 0.072 lr 1.02e-06 696.4 min, 0.50 s/step
  epoch 2/2 step 41100/42479 loss -0.3072 ce 0.4406 reward 0.228 lr 1.02e-06 696.9 min, 0.50 s/step
  epoch 2/2 step 41150/42479 loss -0.4136 ce 0.6719 reward 0.004 lr 1.01e-06 697.4 min, 0.50 s/step
  epoch 2/2 step 41200/42479 loss -0.1953 ce 0.3776 reward 0.314 lr 1.01e-06 697.7 min, 0.50 s/step
  epoch 2/2 step 41250/42479 loss -0.8769 ce 0.6057 reward 0.072 lr 1.01e-06 698.2 min, 0.50 s/step
  epoch 2/2 step 41300/42479 loss -1.0924 ce 0.6846 reward -0.009 lr 1.01e-06 698.7 min, 0.50 s/step
  epoch 2/2 step 41350/42479 loss 0.5840 ce 0.4808 reward 0.149 lr 1.01e-06 699.1 min, 0.50 s/step
  epoch 2/2 step 41400/42479 loss -0.1221 ce 0.4604 reward 0.161 lr 1.01e-06 699.6 min, 0.50 s/step
  epoch 2/2 step 41450/42479 loss 3.0082 ce 1.5364 reward -1.028 lr 1.01e-06 700.0 min, 0.50 s/step
  epoch 2/2 step 41500/42479 loss 0.6076 ce 0.5655 reward 0.073 lr 1.01e-06 700.6 min, 0.50 s/step
  epoch 2/2 step 41550/42479 loss 0.8325 ce 0.6474 reward -0.034 lr 1.01e-06 700.9 min, 0.50 s/step
  epoch 2/2 step 41600/42479 loss 0.5815 ce 0.4631 reward 0.173 lr 1.01e-06 701.3 min, 0.50 s/step
  epoch 2/2 step 41650/42479 loss 0.4136 ce 0.3493 reward 0.318 lr 1.01e-06 701.7 min, 0.50 s/step
  epoch 2/2 step 41700/42479 loss 0.1935 ce 0.6057 reward 0.072 lr 1.00e-06 702.0 min, 0.50 s/step
  epoch 2/2 step 41750/42479 loss 0.3795 ce 0.5067 reward 0.120 lr 1.00e-06 702.3 min, 0.50 s/step
  epoch 2/2 step 41800/42479 loss 0.2229 ce 0.4938 reward 0.115 lr 1.00e-06 702.8 min, 0.50 s/step
  epoch 2/2 step 41850/42479 loss 1.0946 ce 0.8626 reward -0.281 lr 1.00e-06 703.2 min, 0.50 s/step
  epoch 2/2 step 41900/42479 loss 1.1239 ce 0.8157 reward -0.243 lr 1.00e-06 703.6 min, 0.50 s/step
  epoch 2/2 step 41950/42479 loss 0.1801 ce 0.5526 reward 0.056 lr 1.00e-06 704.0 min, 0.50 s/step
  epoch 2/2 step 42000/42479 loss -0.6197 ce 0.6810 reward -0.005 lr 1.00e-06 704.5 min, 0.50 s/step
  epoch 2/2 step 42050/42479 loss -0.9154 ce 0.6667 reward 0.010 lr 1.00e-06 704.9 min, 0.50 s/step
  epoch 2/2 step 42100/42479 loss -1.2133 ce 0.6340 reward 0.043 lr 1.00e-06 705.3 min, 0.50 s/step
  epoch 2/2 step 42150/42479 loss 0.5440 ce 0.4821 reward 0.148 lr 1.00e-06 705.8 min, 0.50 s/step
  epoch 2/2 step 42200/42479 loss 0.1490 ce 0.4201 reward 0.264 lr 1.00e-06 706.3 min, 0.50 s/step
  epoch 2/2 step 42250/42479 loss 0.3041 ce 0.5035 reward 0.161 lr 1.00e-06 706.7 min, 0.50 s/step
  epoch 2/2 step 42300/42479 loss 0.6529 ce 0.6361 reward -0.018 lr 1.00e-06 707.0 min, 0.50 s/step
  epoch 2/2 step 42350/42479 loss 0.3518 ce 0.4156 reward 0.231 lr 1.00e-06 707.4 min, 0.50 s/step
  epoch 2/2 step 42400/42479 loss 0.0108 ce 0.6843 reward -0.008 lr 1.00e-06 707.9 min, 0.50 s/step
  epoch 2/2 step 42450/42479 loss 0.2990 ce 0.5072 reward 0.106 lr 1.00e-06 708.3 min, 0.50 s/step
=== epoch 2 done, avg loss 0.2753, 708.5 min ===
calibrating temperatures
temperatures (choice, score, noul): [1.068, 1.145, 1.043]
saved to /work/thai/out/laya-th-run8 after 708.9 min
== [01:05] 3/5 eval: cs8 held-out (run 7 / run 8)
student vs teacher on /work/thai/data/cs/cs8_eval.jsonl:
  choice  n=21780 argmax agreement 0.882  mean TV distance 0.117
  noul    n=16335 argmax agreement 0.992  mean TV distance 0.034
  score   n=10890 argmax agreement 0.870  mean TV distance 0.096

/work/thai/out/laya-th-run7: 5445 eval records, 89 ms/record
overall: 11589 decisions, accuracy 0.895, Brier 0.182, ECE 0.041
source:type                      n    acc  brier    mae
b77:choice                    1314  0.573  0.723 
banking:choice                1260  0.961  0.078 
ecommerce:choice              3210  0.996  0.017 
insurance:choice              1618  0.965  0.064 
iqa:choice                     582  0.637  0.643 
other_gen:choice               522  0.996  0.020 
pantip_banking:choice           63  0.238  1.160 
pantip_banking:score            22  0.182  0.947  0.778
pantip_insurance:choice         20  0.550  0.739 
pantip_insurance:score           8  0.375  0.837  0.719
pantip_telecom:choice           57  0.298  1.175 
pantip_telecom:score            20  0.200  1.034  0.898
telecom:choice                1066  0.969  0.062 
wisesight:choice              1827  0.916  0.136 
tickets: department 4/5  refund 5/5  frustration MAE 0.47
   โดนหักเงินซ้ำสองครั้งเมื่อวานน billing   p=0.94 frustration=1.86 refund=0.94
   เน็ตบ้านหลุดบ่อยมากตั้งแต่เมื่ technical p=0.99 frustration=1.67 refund=0.14
   สนใจเปลี่ยนเป็นแพ็กเกจ 5G ที่โ sales     p=0.97 frustration=0.34 refund=0.07
   ใบแจ้งหนี้เดือนนี้แพงกว่าปกติ  billing   p=1.00 frustration=1.10 refund=0.24
   แอปล็อกอินไม่ได้ ขึ้นว่ารหัสผิ billing   p=0.53 frustration=1.91 refund=0.29
student vs teacher on /work/thai/data/cs/cs8_eval.jsonl:
  choice  n=21780 argmax agreement 0.915  mean TV distance 0.086
  noul    n=16335 argmax agreement 0.992  mean TV distance 0.022
  score   n=10890 argmax agreement 0.865  mean TV distance 0.100

/work/thai/out/laya-th-run8: 5445 eval records, 89 ms/record
overall: 11589 decisions, accuracy 0.958, Brier 0.076, ECE 0.088
source:type                      n    acc  brier    mae
b77:choice                    1314  0.959  0.080 
banking:choice                1260  0.971  0.052 
ecommerce:choice              3210  0.988  0.032 
insurance:choice              1618  0.972  0.056 
iqa:choice                     582  0.986  0.033 
other_gen:choice               522  0.994  0.020 
pantip_banking:choice           63  0.667  0.575 
pantip_banking:score            22  0.818  0.266  0.283
pantip_insurance:choice         20  0.750  0.410 
pantip_insurance:score           8  0.875  0.246  0.198
pantip_telecom:choice           57  0.772  0.409 
pantip_telecom:score            20  0.900  0.207  0.207
telecom:choice                1066  0.951  0.084 
wisesight:choice              1827  0.892  0.171 
tickets: department 4/5  refund 5/5  frustration MAE 0.50
   โดนหักเงินซ้ำสองครั้งเมื่อวานน billing   p=0.97 frustration=1.87 refund=0.97
   เน็ตบ้านหลุดบ่อยมากตั้งแต่เมื่ technical p=0.98 frustration=1.57 refund=0.07
   สนใจเปลี่ยนเป็นแพ็กเกจ 5G ที่โ sales     p=0.96 frustration=0.45 refund=0.05
   ใบแจ้งหนี้เดือนนี้แพงกว่าปกติ  billing   p=0.99 frustration=1.26 refund=0.09
   แอปล็อกอินไม่ได้ ขึ้นว่ารหัสผิ billing   p=0.48 frustration=1.91 refund=0.22
== [02:24] 4/5 eval: real Pantip set with the run 8 intent lists (run 3 / run 7 / run 8), public set (run 8)

/work/thai/out/laya-th-run3: 360 eval records, 143 ms/record
overall: 1080 decisions, accuracy 0.258, Brier 0.834, ECE 0.140
source:type                      n    acc  brier    mae
banking:choice                 240  0.242  0.855 
banking:score                  120  0.142  0.763  0.887
insurance:choice               240  0.175  0.919 
insurance:score                120  0.192  0.819  0.874
telecom:choice                 240  0.350  0.791 
telecom:score                  120  0.258  0.795  0.754
tickets: department 4/5  refund 5/5  frustration MAE 0.25
   โดนหักเงินซ้ำสองครั้งเมื่อวานน billing   p=0.94 frustration=1.81 refund=0.70
   เน็ตบ้านหลุดบ่อยมากตั้งแต่เมื่ technical p=0.98 frustration=1.45 refund=0.02
   สนใจเปลี่ยนเป็นแพ็กเกจ 5G ที่โ sales     p=0.92 frustration=0.10 refund=0.02
   ใบแจ้งหนี้เดือนนี้แพงกว่าปกติ  billing   p=0.98 frustration=0.27 refund=0.03
   แอปล็อกอินไม่ได้ ขึ้นว่ารหัสผิ billing   p=0.70 frustration=1.78 refund=0.11

/work/thai/out/laya-th-run7: 360 eval records, 141 ms/record
overall: 1080 decisions, accuracy 0.332, Brier 0.943, ECE 0.381
source:type                      n    acc  brier    mae
banking:choice                 240  0.367  0.951 
banking:score                  120  0.183  1.025  0.869
insurance:choice               240  0.446  0.834 
insurance:score                120  0.183  1.029  0.903
telecom:choice                 240  0.379  1.014 
telecom:score                  120  0.283  0.835  0.732
tickets: department 4/5  refund 5/5  frustration MAE 0.47
   โดนหักเงินซ้ำสองครั้งเมื่อวานน billing   p=0.94 frustration=1.86 refund=0.94
   เน็ตบ้านหลุดบ่อยมากตั้งแต่เมื่ technical p=0.99 frustration=1.67 refund=0.14
   สนใจเปลี่ยนเป็นแพ็กเกจ 5G ที่โ sales     p=0.97 frustration=0.34 refund=0.07
   ใบแจ้งหนี้เดือนนี้แพงกว่าปกติ  billing   p=1.00 frustration=1.10 refund=0.24
   แอปล็อกอินไม่ได้ ขึ้นว่ารหัสผิ billing   p=0.53 frustration=1.91 refund=0.29

/work/thai/out/laya-th-run8: 360 eval records, 142 ms/record
overall: 1080 decisions, accuracy 0.656, Brier 0.559, ECE 0.190
source:type                      n    acc  brier    mae
banking:choice                 240  0.608  0.653 
banking:score                  120  0.783  0.346  0.334
insurance:choice               240  0.613  0.655 
insurance:score                120  0.725  0.390  0.346
telecom:choice                 240  0.617  0.638 
telecom:score                  120  0.725  0.403  0.347
tickets: department 4/5  refund 5/5  frustration MAE 0.50
   โดนหักเงินซ้ำสองครั้งเมื่อวานน billing   p=0.97 frustration=1.87 refund=0.97
   เน็ตบ้านหลุดบ่อยมากตั้งแต่เมื่ technical p=0.98 frustration=1.57 refund=0.07
   สนใจเปลี่ยนเป็นแพ็กเกจ 5G ที่โ sales     p=0.96 frustration=0.45 refund=0.05
   ใบแจ้งหนี้เดือนนี้แพงกว่าปกติ  billing   p=0.99 frustration=1.26 refund=0.09
   แอปล็อกอินไม่ได้ ขึ้นว่ารหัสผิ billing   p=0.48 frustration=1.91 refund=0.22
student vs teacher on /work/thai/data/distill3_eval.jsonl:
  choice  n= 2528 argmax agreement 0.683  mean TV distance 0.307
  noul    n= 2483 argmax agreement 0.894  mean TV distance 0.124
  score   n= 1117 argmax agreement 0.657  mean TV distance 0.262

/work/thai/out/laya-th-run8: 1704 eval records, 38 ms/record
overall: 2455 decisions, accuracy 0.780, Brier 0.380, ECE 0.153
source:type                      n    acc  brier    mae
massive_th:choice              300  0.820  0.310 
prachathai:choice              163  0.896  0.201 
prachathai:noul                588  0.884  0.214 
sib200_th:choice               204  0.672  0.509 
wisesight:choice               300  0.717  0.427 
wongnai:score                  300  0.610  0.689  0.413
xnli_th:choice                 300  0.717  0.514 
xnli_th:noul                   300  0.840  0.298 
tickets: department 4/5  refund 5/5  frustration MAE 0.50
   โดนหักเงินซ้ำสองครั้งเมื่อวานน billing   p=0.97 frustration=1.87 refund=0.97
   เน็ตบ้านหลุดบ่อยมากตั้งแต่เมื่ technical p=0.98 frustration=1.57 refund=0.07
   สนใจเปลี่ยนเป็นแพ็กเกจ 5G ที่โ sales     p=0.96 frustration=0.45 refund=0.05
   ใบแจ้งหนี้เดือนนี้แพงกว่าปกติ  billing   p=0.99 frustration=1.26 refund=0.09
   แอปล็อกอินไม่ได้ ขึ้นว่ารหัสผิ billing   p=0.48 frustration=1.91 refund=0.22
== [02:31] 5/5 restore :8011 (still run 7) and permissions
== [02:31] done
