== [11:22] 1/5 label: cs7 records + banking77/insurance-qa (gated) + Pantip extra + extra2; cascade stopped
reusing 87628 records from cs7 {'ecommerce': 30000, 'telecom': 11814, 'wisesight': 12000, 'insurance': 16369, 'banking': 12425, 'other_gen': 5020}
30665 records to label: {'pantip_telecom': 900, 'pantip_banking': 900, 'pantip_insurance': 132, 'b77': 19975, 'iqa': 8758}
  2000/30665 labelled, 13.4 min, 2.5 rec/s
  4000/30665 labelled, 27.7 min, 2.4 rec/s
  6000/30665 labelled, 42.0 min, 2.4 rec/s
  8000/30665 labelled, 56.2 min, 2.4 rec/s
  10000/30665 labelled, 70.4 min, 2.4 rec/s
  12000/30665 labelled, 84.7 min, 2.4 rec/s
  14000/30665 labelled, 98.9 min, 2.4 rec/s
  16000/30665 labelled, 113.1 min, 2.4 rec/s
  18000/30665 labelled, 127.3 min, 2.4 rec/s
  20000/30665 labelled, 141.5 min, 2.4 rec/s
  22000/30665 labelled, 155.6 min, 2.4 rec/s
  24000/30665 labelled, 166.2 min, 2.4 rec/s
  26000/30665 labelled, 177.0 min, 2.4 rec/s
  28000/30665 labelled, 187.7 min, 2.5 rec/s
  30000/30665 labelled, 198.4 min, 2.5 rec/s
teacher labelled 21173/30665 in 201.9 min; gated out {'b77': 6592, 'iqa': 2900}
{
  "records": 108801,
  "train_records": 103328,
  "eval_records": 5473,
  "items": 356189,
  "dropped": 0,
  "by_source": {
    "ecommerce": 30000,
    "telecom": 11814,
    "wisesight": 12000,
    "insurance": 16369,
    "banking": 12425,
    "other_gen": 5020,
    "pantip_telecom": 900,
    "pantip_banking": 900,
    "pantip_insurance": 132,
    "b77": 13383,
    "iqa": 5858
  },
  "items_by_source": {
    "wisesight": 34200,
    "iqa": 16641,
    "ecommerce": 85404,
    "b77": 38286,
    "insurance": 46431,
    "telecom": 33747,
    "other_gen": 14319,
    "banking": 35451,
    "pantip_telecom": 24624,
    "pantip_banking": 23770,
    "pantip_insurance": 3316
  },
  "by_type": {
    "choice": 211155,
    "score": 63560,
    "noul": 81474
  },
  "gated_out": {
    "b77": 6592,
    "iqa": 2900
  },
  "min_p": 0.3,
  "ecom_cap": 30000,
  "pantip_repeat": 6,
  "questions_per_record": 3,
  "smooth": 0.1,
  "intents": {
    "telecom": 31,
    "banking": 45,
    "insurance": 40,
    "ecommerce": 21
  },
  "head_max_len": 768,
  "max_len": 1024,
  "mean_len": 245.53394405778954,
  "teachers": [
    "http://172.18.72.145:8010"
  ],
  "minutes": 205.3
}
== [14:47] 2/5 train from run 3 (cs9_items + human items, 2 epochs)
  /work/thai/data/cs/cs9_items.pt: 356189 items
  /work/thai/data/train_items768.pt: 10674 items
train: 366863 items, 2 epochs, 22928 updates, micro 8 x accum 4
  epoch 1/2 step 50/45858 loss 0.9872 ce 2.0161 reward -1.734 lr 2.50e-05 0.6 min, 0.67 s/step
  epoch 1/2 step 100/45858 loss 0.8102 ce 0.9270 reward -0.424 lr 2.50e-05 1.0 min, 0.61 s/step
  epoch 1/2 step 150/45858 loss 0.1397 ce 0.6208 reward -0.123 lr 2.50e-05 1.4 min, 0.55 s/step
  epoch 1/2 step 200/45858 loss 0.6778 ce 0.9803 reward -0.492 lr 2.50e-05 1.8 min, 0.54 s/step
  epoch 1/2 step 250/45858 loss 1.0623 ce 0.7081 reward -0.107 lr 2.50e-05 2.2 min, 0.53 s/step
  epoch 1/2 step 300/45858 loss 0.1200 ce 0.3587 reward 0.303 lr 2.50e-05 2.6 min, 0.52 s/step
  epoch 1/2 step 350/45858 loss 1.6109 ce 1.2065 reward -0.784 lr 2.50e-05 3.1 min, 0.53 s/step
  epoch 1/2 step 400/45858 loss 0.7998 ce 0.7636 reward -0.267 lr 2.50e-05 3.5 min, 0.52 s/step
  epoch 1/2 step 450/45858 loss 1.0426 ce 1.2730 reward -0.885 lr 2.50e-05 3.9 min, 0.52 s/step
  epoch 1/2 step 500/45858 loss 0.8780 ce 0.9206 reward -0.398 lr 2.50e-05 4.3 min, 0.52 s/step
  epoch 1/2 step 550/45858 loss 0.1991 ce 0.7527 reward -0.256 lr 2.50e-05 4.7 min, 0.51 s/step
  epoch 1/2 step 600/45858 loss 0.4579 ce 0.8457 reward -0.376 lr 2.50e-05 5.2 min, 0.52 s/step
  epoch 1/2 step 650/45858 loss 0.3406 ce 0.3442 reward 0.315 lr 2.50e-05 5.5 min, 0.51 s/step
  epoch 1/2 step 700/45858 loss 0.9921 ce 1.0495 reward -0.573 lr 2.50e-05 6.0 min, 0.51 s/step
  epoch 1/2 step 750/45858 loss 0.5966 ce 0.4795 reward 0.150 lr 2.50e-05 6.3 min, 0.51 s/step
  epoch 1/2 step 800/45858 loss 0.1116 ce 0.4570 reward 0.142 lr 2.50e-05 6.7 min, 0.50 s/step
  epoch 1/2 step 850/45858 loss 0.5725 ce 1.0948 reward -0.738 lr 2.50e-05 7.1 min, 0.50 s/step
  epoch 1/2 step 900/45858 loss 2.6753 ce 2.4734 reward -2.159 lr 2.50e-05 7.5 min, 0.50 s/step
  epoch 1/2 step 950/45858 loss 0.2127 ce 0.6752 reward -0.097 lr 2.50e-05 8.0 min, 0.50 s/step
  epoch 1/2 step 1000/45858 loss 1.3021 ce 1.1766 reward -0.656 lr 2.50e-05 8.4 min, 0.50 s/step
  epoch 1/2 step 1050/45858 loss 0.8377 ce 0.9887 reward -0.492 lr 2.50e-05 8.8 min, 0.50 s/step
  epoch 1/2 step 1100/45858 loss 0.8171 ce 0.9556 reward -0.435 lr 2.50e-05 9.1 min, 0.50 s/step
  epoch 1/2 step 1150/45858 loss 0.7729 ce 0.6761 reward -0.109 lr 2.50e-05 9.5 min, 0.50 s/step
  epoch 1/2 step 1200/45858 loss 0.1805 ce 0.2751 reward 0.408 lr 2.50e-05 9.9 min, 0.49 s/step
  epoch 1/2 step 1250/45858 loss 0.3731 ce 0.6800 reward -0.073 lr 2.50e-05 10.2 min, 0.49 s/step
  epoch 1/2 step 1300/45858 loss 0.3687 ce 0.4951 reward 0.116 lr 2.50e-05 10.8 min, 0.50 s/step
  epoch 1/2 step 1350/45858 loss 0.1586 ce 0.4998 reward 0.065 lr 2.50e-05 11.3 min, 0.50 s/step
  epoch 1/2 step 1400/45858 loss 1.1207 ce 0.3616 reward 0.316 lr 2.50e-05 11.6 min, 0.50 s/step
  epoch 1/2 step 1450/45858 loss 0.2906 ce 0.3835 reward 0.240 lr 2.50e-05 12.0 min, 0.50 s/step
  epoch 1/2 step 1500/45858 loss 0.9157 ce 1.0089 reward -0.476 lr 2.50e-05 12.4 min, 0.50 s/step
  epoch 1/2 step 1550/45858 loss 0.1247 ce 0.4252 reward 0.153 lr 2.50e-05 12.7 min, 0.49 s/step
  epoch 1/2 step 1600/45858 loss 0.2966 ce 0.3871 reward 0.257 lr 2.50e-05 13.1 min, 0.49 s/step
  epoch 1/2 step 1650/45858 loss 0.4547 ce 0.4690 reward 0.168 lr 2.50e-05 13.5 min, 0.49 s/step
  epoch 1/2 step 1700/45858 loss 0.6479 ce 0.9716 reward -0.531 lr 2.50e-05 14.0 min, 0.49 s/step
  epoch 1/2 step 1750/45858 loss 0.0099 ce 0.7367 reward -0.216 lr 2.50e-05 14.4 min, 0.49 s/step
  epoch 1/2 step 1800/45858 loss 0.6397 ce 0.7347 reward -0.242 lr 2.50e-05 14.8 min, 0.49 s/step
  epoch 1/2 step 1850/45858 loss 1.3881 ce 1.1097 reward -0.717 lr 2.50e-05 15.2 min, 0.49 s/step
  epoch 1/2 step 1900/45858 loss -0.8494 ce 0.8257 reward -0.230 lr 2.50e-05 15.5 min, 0.49 s/step
  epoch 1/2 step 1950/45858 loss 0.6344 ce 0.5461 reward 0.069 lr 2.50e-05 15.9 min, 0.49 s/step
  epoch 1/2 step 2000/45858 loss 1.5048 ce 0.8098 reward -0.209 lr 2.50e-05 16.4 min, 0.49 s/step
  epoch 1/2 step 2050/45858 loss 0.3057 ce 0.8902 reward -0.273 lr 2.50e-05 16.8 min, 0.49 s/step
  epoch 1/2 step 2100/45858 loss 0.7813 ce 0.7150 reward -0.247 lr 2.50e-05 17.3 min, 0.49 s/step
  epoch 1/2 step 2150/45858 loss 1.2294 ce 1.2207 reward -0.742 lr 2.50e-05 17.7 min, 0.49 s/step
  epoch 1/2 step 2200/45858 loss 0.1200 ce 0.4518 reward 0.199 lr 2.50e-05 18.1 min, 0.49 s/step
  epoch 1/2 step 2250/45858 loss -0.1746 ce 0.4312 reward 0.173 lr 2.50e-05 18.4 min, 0.49 s/step
  epoch 1/2 step 2300/45858 loss 0.7364 ce 1.1466 reward -0.750 lr 2.50e-05 18.8 min, 0.49 s/step
  epoch 1/2 step 2350/45858 loss 0.4959 ce 0.7420 reward -0.182 lr 2.50e-05 19.1 min, 0.49 s/step
  epoch 1/2 step 2400/45858 loss -0.0127 ce 0.1826 reward 0.533 lr 2.50e-05 19.5 min, 0.49 s/step
  epoch 1/2 step 2450/45858 loss 0.1112 ce 0.3877 reward 0.269 lr 2.50e-05 19.9 min, 0.49 s/step
  epoch 1/2 step 2500/45858 loss 1.4032 ce 1.0997 reward -0.670 lr 2.50e-05 20.3 min, 0.49 s/step
  epoch 1/2 step 2550/45858 loss 0.1969 ce 1.0821 reward -0.527 lr 2.50e-05 20.7 min, 0.49 s/step
  epoch 1/2 step 2600/45858 loss 1.0588 ce 0.7721 reward -0.225 lr 2.50e-05 21.1 min, 0.49 s/step
  epoch 1/2 step 2650/45858 loss 0.2755 ce 0.5357 reward 0.010 lr 2.50e-05 21.6 min, 0.49 s/step
  epoch 1/2 step 2700/45858 loss 0.3201 ce 0.4914 reward 0.140 lr 2.49e-05 22.0 min, 0.49 s/step
  epoch 1/2 step 2750/45858 loss 0.0578 ce 0.6463 reward -0.204 lr 2.49e-05 22.4 min, 0.49 s/step
  epoch 1/2 step 2800/45858 loss 0.8776 ce 0.9478 reward -0.529 lr 2.49e-05 22.7 min, 0.49 s/step
  epoch 1/2 step 2850/45858 loss 0.8969 ce 0.9517 reward -0.383 lr 2.49e-05 23.2 min, 0.49 s/step
  epoch 1/2 step 2900/45858 loss 0.1478 ce 0.5063 reward -0.021 lr 2.49e-05 23.6 min, 0.49 s/step
  epoch 1/2 step 2950/45858 loss 0.7026 ce 0.6150 reward -0.088 lr 2.49e-05 24.0 min, 0.49 s/step
  epoch 1/2 step 3000/45858 loss 0.1806 ce 0.3962 reward 0.229 lr 2.49e-05 24.4 min, 0.49 s/step
  epoch 1/2 step 3050/45858 loss 0.4781 ce 1.1379 reward -0.687 lr 2.49e-05 24.9 min, 0.49 s/step
  epoch 1/2 step 3100/45858 loss 0.1641 ce 0.6898 reward -0.134 lr 2.49e-05 25.3 min, 0.49 s/step
  epoch 1/2 step 3150/45858 loss 0.5877 ce 0.7324 reward -0.100 lr 2.49e-05 25.7 min, 0.49 s/step
  epoch 1/2 step 3200/45858 loss 1.6764 ce 1.3862 reward -0.870 lr 2.49e-05 26.2 min, 0.49 s/step
  epoch 1/2 step 3250/45858 loss 0.7305 ce 0.7055 reward -0.147 lr 2.49e-05 26.6 min, 0.49 s/step
  epoch 1/2 step 3300/45858 loss 0.0704 ce 0.4939 reward 0.072 lr 2.49e-05 27.0 min, 0.49 s/step
  epoch 1/2 step 3350/45858 loss 0.9361 ce 0.5984 reward -0.001 lr 2.49e-05 27.5 min, 0.49 s/step
  epoch 1/2 step 3400/45858 loss 0.9217 ce 1.1806 reward -0.600 lr 2.49e-05 28.0 min, 0.49 s/step
  epoch 1/2 step 3450/45858 loss 0.1257 ce 0.6129 reward 0.051 lr 2.49e-05 28.4 min, 0.49 s/step
  epoch 1/2 step 3500/45858 loss 0.0583 ce 0.4237 reward 0.175 lr 2.49e-05 28.8 min, 0.49 s/step
  epoch 1/2 step 3550/45858 loss 0.3185 ce 0.4702 reward 0.143 lr 2.49e-05 29.2 min, 0.49 s/step
  epoch 1/2 step 3600/45858 loss -0.2171 ce 0.2071 reward 0.490 lr 2.49e-05 29.6 min, 0.49 s/step
  epoch 1/2 step 3650/45858 loss 0.9250 ce 0.8739 reward -0.400 lr 2.49e-05 30.0 min, 0.49 s/step
  epoch 1/2 step 3700/45858 loss 0.4932 ce 0.5257 reward 0.075 lr 2.49e-05 30.3 min, 0.49 s/step
  epoch 1/2 step 3750/45858 loss 0.0234 ce 0.3814 reward 0.237 lr 2.49e-05 30.8 min, 0.49 s/step
  epoch 1/2 step 3800/45858 loss 0.2864 ce 0.6322 reward -0.064 lr 2.49e-05 31.2 min, 0.49 s/step
  epoch 1/2 step 3850/45858 loss 0.0444 ce 0.3066 reward 0.342 lr 2.49e-05 31.6 min, 0.49 s/step
  epoch 1/2 step 3900/45858 loss -0.4601 ce 0.7073 reward -0.096 lr 2.49e-05 32.1 min, 0.49 s/step
  epoch 1/2 step 3950/45858 loss 1.1617 ce 1.4589 reward -0.920 lr 2.49e-05 32.5 min, 0.49 s/step
  epoch 1/2 step 4000/45858 loss -0.0440 ce 0.9040 reward -0.304 lr 2.49e-05 32.9 min, 0.49 s/step
  epoch 1/2 step 4050/45858 loss 1.0202 ce 1.1645 reward -0.756 lr 2.49e-05 33.3 min, 0.49 s/step
  epoch 1/2 step 4100/45858 loss 1.2944 ce 1.3979 reward -0.961 lr 2.49e-05 33.8 min, 0.49 s/step
  epoch 1/2 step 4150/45858 loss 0.2198 ce 0.3800 reward 0.311 lr 2.49e-05 34.3 min, 0.50 s/step
  epoch 1/2 step 4200/45858 loss -0.0902 ce 0.2312 reward 0.464 lr 2.49e-05 34.7 min, 0.50 s/step
  epoch 1/2 step 4250/45858 loss 1.0862 ce 1.1914 reward -0.756 lr 2.49e-05 35.0 min, 0.49 s/step
  epoch 1/2 step 4300/45858 loss -0.2227 ce 0.3988 reward 0.277 lr 2.49e-05 35.5 min, 0.49 s/step
  epoch 1/2 step 4350/45858 loss -0.7927 ce 0.6101 reward 0.054 lr 2.49e-05 35.9 min, 0.49 s/step
  epoch 1/2 step 4400/45858 loss -0.1717 ce 1.0051 reward -0.438 lr 2.49e-05 36.3 min, 0.49 s/step
  epoch 1/2 step 4450/45858 loss 0.5435 ce 0.8282 reward -0.275 lr 2.49e-05 36.7 min, 0.49 s/step
  epoch 1/2 step 4500/45858 loss 0.2155 ce 0.6078 reward -0.087 lr 2.49e-05 37.1 min, 0.49 s/step
  epoch 1/2 step 4550/45858 loss 0.7751 ce 0.6290 reward 0.040 lr 2.49e-05 37.5 min, 0.49 s/step
  epoch 1/2 step 4600/45858 loss 0.5791 ce 0.6143 reward -0.057 lr 2.49e-05 37.9 min, 0.49 s/step
  epoch 1/2 step 4650/45858 loss 1.1224 ce 0.7759 reward -0.228 lr 2.48e-05 38.3 min, 0.49 s/step
  epoch 1/2 step 4700/45858 loss -0.5865 ce 0.6173 reward 0.055 lr 2.48e-05 38.7 min, 0.49 s/step
  epoch 1/2 step 4750/45858 loss 0.1437 ce 0.6633 reward -0.187 lr 2.48e-05 39.1 min, 0.49 s/step
  epoch 1/2 step 4800/45858 loss 0.6467 ce 0.7663 reward -0.227 lr 2.48e-05 39.5 min, 0.49 s/step
  epoch 1/2 step 4850/45858 loss 1.0405 ce 1.4467 reward -0.908 lr 2.48e-05 40.0 min, 0.49 s/step
  epoch 1/2 step 4900/45858 loss 0.5481 ce 0.6218 reward -0.043 lr 2.48e-05 40.4 min, 0.49 s/step
  epoch 1/2 step 4950/45858 loss 0.9267 ce 0.7907 reward -0.164 lr 2.48e-05 40.8 min, 0.49 s/step
  epoch 1/2 step 5000/45858 loss 0.3921 ce 0.6643 reward -0.183 lr 2.48e-05 41.1 min, 0.49 s/step
  epoch 1/2 step 5050/45858 loss 0.4414 ce 0.8506 reward -0.329 lr 2.48e-05 41.5 min, 0.49 s/step
  epoch 1/2 step 5100/45858 loss 0.9032 ce 0.7068 reward -0.187 lr 2.48e-05 42.0 min, 0.49 s/step
  epoch 1/2 step 5150/45858 loss 0.8619 ce 0.8532 reward -0.299 lr 2.48e-05 42.5 min, 0.50 s/step
  epoch 1/2 step 5200/45858 loss 4.3907 ce 2.1414 reward -1.754 lr 2.48e-05 42.9 min, 0.49 s/step
  epoch 1/2 step 5250/45858 loss -0.2961 ce 0.2584 reward 0.415 lr 2.48e-05 43.3 min, 0.49 s/step
  epoch 1/2 step 5300/45858 loss -0.9490 ce 0.6084 reward 0.059 lr 2.48e-05 43.7 min, 0.49 s/step
  epoch 1/2 step 5350/45858 loss -1.0546 ce 0.6089 reward 0.053 lr 2.48e-05 44.1 min, 0.49 s/step
  epoch 1/2 step 5400/45858 loss 0.7763 ce 0.5605 reward 0.065 lr 2.48e-05 44.5 min, 0.49 s/step
  epoch 1/2 step 5450/45858 loss 0.2402 ce 0.5824 reward -0.024 lr 2.48e-05 44.9 min, 0.49 s/step
  epoch 1/2 step 5500/45858 loss 1.5404 ce 1.2634 reward -0.853 lr 2.48e-05 45.3 min, 0.49 s/step
  epoch 1/2 step 5550/45858 loss 0.2801 ce 0.4583 reward 0.134 lr 2.48e-05 45.8 min, 0.50 s/step
  epoch 1/2 step 5600/45858 loss 0.7442 ce 0.9488 reward -0.438 lr 2.48e-05 46.2 min, 0.49 s/step
  epoch 1/2 step 5650/45858 loss 0.6882 ce 0.9319 reward -0.495 lr 2.48e-05 46.7 min, 0.50 s/step
  epoch 1/2 step 5700/45858 loss 0.3025 ce 0.3316 reward 0.341 lr 2.48e-05 47.1 min, 0.50 s/step
  epoch 1/2 step 5750/45858 loss 2.3279 ce 1.0734 reward -0.481 lr 2.48e-05 47.7 min, 0.50 s/step
  epoch 1/2 step 5800/45858 loss 0.3613 ce 0.5780 reward 0.007 lr 2.48e-05 48.0 min, 0.50 s/step
  epoch 1/2 step 5850/45858 loss 1.0281 ce 0.6599 reward -0.085 lr 2.48e-05 48.5 min, 0.50 s/step
  epoch 1/2 step 5900/45858 loss 0.3833 ce 0.4614 reward 0.186 lr 2.48e-05 48.8 min, 0.50 s/step
  epoch 1/2 step 5950/45858 loss 0.1580 ce 0.7656 reward -0.195 lr 2.48e-05 49.3 min, 0.50 s/step
  epoch 1/2 step 6000/45858 loss 0.4750 ce 0.5639 reward 0.028 lr 2.47e-05 49.7 min, 0.50 s/step
  epoch 1/2 step 6050/45858 loss -0.3179 ce 0.6993 reward -0.031 lr 2.47e-05 50.2 min, 0.50 s/step
  epoch 1/2 step 6100/45858 loss 0.1608 ce 0.5978 reward -0.015 lr 2.47e-05 50.6 min, 0.50 s/step
  epoch 1/2 step 6150/45858 loss 0.2362 ce 0.6637 reward -0.102 lr 2.47e-05 51.1 min, 0.50 s/step
  epoch 1/2 step 6200/45858 loss 0.4870 ce 0.6445 reward -0.019 lr 2.47e-05 51.5 min, 0.50 s/step
  epoch 1/2 step 6250/45858 loss 0.3765 ce 0.4532 reward 0.187 lr 2.47e-05 52.0 min, 0.50 s/step
  epoch 1/2 step 6300/45858 loss 0.4820 ce 0.9272 reward -0.348 lr 2.47e-05 52.5 min, 0.50 s/step
  epoch 1/2 step 6350/45858 loss 0.6619 ce 0.9477 reward -0.360 lr 2.47e-05 52.9 min, 0.50 s/step
  epoch 1/2 step 6400/45858 loss -0.2154 ce 0.2585 reward 0.378 lr 2.47e-05 53.3 min, 0.50 s/step
  epoch 1/2 step 6450/45858 loss 0.2465 ce 0.3894 reward 0.294 lr 2.47e-05 53.8 min, 0.50 s/step
  epoch 1/2 step 6500/45858 loss 0.1498 ce 0.5100 reward 0.077 lr 2.47e-05 54.2 min, 0.50 s/step
  epoch 1/2 step 6550/45858 loss 0.2374 ce 0.5420 reward 0.064 lr 2.47e-05 54.6 min, 0.50 s/step
  epoch 1/2 step 6600/45858 loss 0.5675 ce 0.9093 reward -0.263 lr 2.47e-05 55.0 min, 0.50 s/step
  epoch 1/2 step 6650/45858 loss 0.2006 ce 0.3284 reward 0.329 lr 2.47e-05 55.6 min, 0.50 s/step
  epoch 1/2 step 6700/45858 loss 0.2145 ce 0.4898 reward 0.084 lr 2.47e-05 56.0 min, 0.50 s/step
  epoch 1/2 step 6750/45858 loss 0.0672 ce 0.2265 reward 0.468 lr 2.47e-05 56.5 min, 0.50 s/step
  epoch 1/2 step 6800/45858 loss -0.0572 ce 0.4395 reward 0.200 lr 2.47e-05 56.9 min, 0.50 s/step
  epoch 1/2 step 6850/45858 loss 0.6663 ce 0.5610 reward -0.013 lr 2.47e-05 57.3 min, 0.50 s/step
  epoch 1/2 step 6900/45858 loss 0.5979 ce 0.4865 reward 0.122 lr 2.47e-05 57.8 min, 0.50 s/step
  epoch 1/2 step 6950/45858 loss 0.0900 ce 0.5003 reward 0.121 lr 2.47e-05 58.3 min, 0.50 s/step
  epoch 1/2 step 7000/45858 loss 0.2803 ce 0.8324 reward -0.263 lr 2.47e-05 58.6 min, 0.50 s/step
  epoch 1/2 step 7050/45858 loss 0.3046 ce 0.5879 reward 0.038 lr 2.47e-05 59.1 min, 0.50 s/step
  epoch 1/2 step 7100/45858 loss 1.2843 ce 1.1707 reward -0.659 lr 2.46e-05 59.4 min, 0.50 s/step
  epoch 1/2 step 7150/45858 loss 1.1403 ce 1.2830 reward -0.645 lr 2.46e-05 59.9 min, 0.50 s/step
  epoch 1/2 step 7200/45858 loss 0.3053 ce 0.2878 reward 0.396 lr 2.46e-05 60.3 min, 0.50 s/step
  epoch 1/2 step 7250/45858 loss 0.9928 ce 0.6947 reward -0.087 lr 2.46e-05 60.7 min, 0.50 s/step
  epoch 1/2 step 7300/45858 loss 0.3985 ce 0.4233 reward 0.249 lr 2.46e-05 61.1 min, 0.50 s/step
  epoch 1/2 step 7350/45858 loss 0.4331 ce 0.5704 reward -0.016 lr 2.46e-05 61.6 min, 0.50 s/step
  epoch 1/2 step 7400/45858 loss 0.4362 ce 0.3995 reward 0.273 lr 2.46e-05 62.0 min, 0.50 s/step
  epoch 1/2 step 7450/45858 loss 0.4626 ce 0.6100 reward -0.013 lr 2.46e-05 62.3 min, 0.50 s/step
  epoch 1/2 step 7500/45858 loss 0.1820 ce 0.5961 reward 0.015 lr 2.46e-05 62.8 min, 0.50 s/step
  epoch 1/2 step 7550/45858 loss 0.5108 ce 0.6618 reward -0.070 lr 2.46e-05 63.3 min, 0.50 s/step
  epoch 1/2 step 7600/45858 loss 0.7835 ce 0.5444 reward 0.039 lr 2.46e-05 63.7 min, 0.50 s/step
  epoch 1/2 step 7650/45858 loss 0.3426 ce 0.2505 reward 0.439 lr 2.46e-05 64.1 min, 0.50 s/step
  epoch 1/2 step 7700/45858 loss 0.4899 ce 0.6226 reward -0.104 lr 2.46e-05 64.5 min, 0.50 s/step
  epoch 1/2 step 7750/45858 loss 0.4691 ce 0.5677 reward 0.039 lr 2.46e-05 64.9 min, 0.50 s/step
  epoch 1/2 step 7800/45858 loss 0.2424 ce 0.6245 reward -0.106 lr 2.46e-05 65.3 min, 0.50 s/step
  epoch 1/2 step 7850/45858 loss 0.7215 ce 0.5586 reward -0.008 lr 2.46e-05 65.8 min, 0.50 s/step
  epoch 1/2 step 7900/45858 loss 0.7490 ce 1.4250 reward -0.911 lr 2.46e-05 66.2 min, 0.50 s/step
  epoch 1/2 step 7950/45858 loss 0.3508 ce 0.6301 reward -0.113 lr 2.46e-05 66.6 min, 0.50 s/step
  epoch 1/2 step 8000/45858 loss 0.6046 ce 1.0951 reward -0.531 lr 2.46e-05 67.0 min, 0.50 s/step
  epoch 1/2 step 8050/45858 loss 0.6035 ce 0.7441 reward -0.207 lr 2.45e-05 67.3 min, 0.50 s/step
  epoch 1/2 step 8100/45858 loss 0.3236 ce 0.5610 reward 0.061 lr 2.45e-05 67.8 min, 0.50 s/step
  epoch 1/2 step 8150/45858 loss 2.4154 ce 3.0267 reward -2.797 lr 2.45e-05 68.2 min, 0.50 s/step
  epoch 1/2 step 8200/45858 loss 0.1037 ce 0.4125 reward 0.236 lr 2.45e-05 68.6 min, 0.50 s/step
  epoch 1/2 step 8250/45858 loss 0.3201 ce 0.6128 reward 0.056 lr 2.45e-05 69.0 min, 0.50 s/step
  epoch 1/2 step 8300/45858 loss 0.8526 ce 0.5117 reward 0.108 lr 2.45e-05 69.3 min, 0.50 s/step
  epoch 1/2 step 8350/45858 loss 3.1819 ce 1.9881 reward -1.397 lr 2.45e-05 69.8 min, 0.50 s/step
  epoch 1/2 step 8400/45858 loss 0.8296 ce 0.9069 reward -0.450 lr 2.45e-05 70.2 min, 0.50 s/step
  epoch 1/2 step 8450/45858 loss 0.8304 ce 0.8114 reward -0.175 lr 2.45e-05 70.6 min, 0.50 s/step
  epoch 1/2 step 8500/45858 loss 0.1513 ce 0.4543 reward 0.195 lr 2.45e-05 71.0 min, 0.50 s/step
  epoch 1/2 step 8550/45858 loss 0.5294 ce 0.8185 reward -0.207 lr 2.45e-05 71.5 min, 0.50 s/step
  epoch 1/2 step 8600/45858 loss 2.4129 ce 2.4508 reward -2.351 lr 2.45e-05 72.0 min, 0.50 s/step
  epoch 1/2 step 8650/45858 loss 0.1562 ce 0.3673 reward 0.277 lr 2.45e-05 72.4 min, 0.50 s/step
  epoch 1/2 step 8700/45858 loss 0.2864 ce 0.6683 reward -0.139 lr 2.45e-05 72.9 min, 0.50 s/step
  epoch 1/2 step 8750/45858 loss 0.5772 ce 0.5322 reward 0.045 lr 2.45e-05 73.3 min, 0.50 s/step
  epoch 1/2 step 8800/45858 loss 0.3876 ce 0.4892 reward 0.115 lr 2.45e-05 73.7 min, 0.50 s/step
  epoch 1/2 step 8850/45858 loss -0.1390 ce 0.3875 reward 0.273 lr 2.45e-05 74.1 min, 0.50 s/step
  epoch 1/2 step 8900/45858 loss -0.0387 ce 0.3185 reward 0.302 lr 2.44e-05 74.5 min, 0.50 s/step
  epoch 1/2 step 8950/45858 loss 0.1676 ce 1.3469 reward -0.813 lr 2.44e-05 74.8 min, 0.50 s/step
  epoch 1/2 step 9000/45858 loss 0.2698 ce 0.6036 reward -0.085 lr 2.44e-05 75.3 min, 0.50 s/step
  epoch 1/2 step 9050/45858 loss 0.4275 ce 0.6103 reward -0.071 lr 2.44e-05 75.8 min, 0.50 s/step
  epoch 1/2 step 9100/45858 loss 0.4601 ce 0.4654 reward 0.136 lr 2.44e-05 76.1 min, 0.50 s/step
  epoch 1/2 step 9150/45858 loss -0.0443 ce 0.7278 reward -0.248 lr 2.44e-05 76.6 min, 0.50 s/step
  epoch 1/2 step 9200/45858 loss 0.7020 ce 0.7700 reward -0.149 lr 2.44e-05 77.0 min, 0.50 s/step
  epoch 1/2 step 9250/45858 loss 0.6166 ce 0.8724 reward -0.331 lr 2.44e-05 77.4 min, 0.50 s/step
  epoch 1/2 step 9300/45858 loss 1.3448 ce 1.1857 reward -0.605 lr 2.44e-05 77.7 min, 0.50 s/step
  epoch 1/2 step 9350/45858 loss 0.6605 ce 0.6992 reward -0.148 lr 2.44e-05 78.1 min, 0.50 s/step
  epoch 1/2 step 9400/45858 loss 0.3221 ce 0.5261 reward 0.127 lr 2.44e-05 78.5 min, 0.50 s/step
  epoch 1/2 step 9450/45858 loss 0.5044 ce 0.4544 reward 0.152 lr 2.44e-05 78.9 min, 0.50 s/step
  epoch 1/2 step 9500/45858 loss 0.4780 ce 1.1958 reward -0.646 lr 2.44e-05 79.3 min, 0.50 s/step
  epoch 1/2 step 9550/45858 loss 0.5862 ce 0.5391 reward 0.046 lr 2.44e-05 79.7 min, 0.50 s/step
  epoch 1/2 step 9600/45858 loss 1.2481 ce 0.7248 reward -0.147 lr 2.44e-05 80.2 min, 0.50 s/step
  epoch 1/2 step 9650/45858 loss 0.4697 ce 0.5286 reward 0.097 lr 2.44e-05 80.5 min, 0.50 s/step
  epoch 1/2 step 9700/45858 loss 2.6540 ce 2.5525 reward -2.186 lr 2.43e-05 80.9 min, 0.50 s/step
  epoch 1/2 step 9750/45858 loss 0.1165 ce 0.3218 reward 0.347 lr 2.43e-05 81.4 min, 0.50 s/step
  epoch 1/2 step 9800/45858 loss 0.4183 ce 0.6307 reward -0.061 lr 2.43e-05 81.8 min, 0.50 s/step
  epoch 1/2 step 9850/45858 loss 0.8293 ce 0.6926 reward -0.029 lr 2.43e-05 82.3 min, 0.50 s/step
  epoch 1/2 step 9900/45858 loss 2.7806 ce 0.9398 reward -0.431 lr 2.43e-05 82.7 min, 0.50 s/step
  epoch 1/2 step 9950/45858 loss 0.5033 ce 0.6071 reward 0.049 lr 2.43e-05 83.1 min, 0.50 s/step
  epoch 1/2 step 10000/45858 loss 0.0043 ce 0.6900 reward -0.029 lr 2.43e-05 83.6 min, 0.50 s/step
  epoch 1/2 step 10050/45858 loss 0.2648 ce 0.4252 reward 0.144 lr 2.43e-05 84.0 min, 0.50 s/step
  epoch 1/2 step 10100/45858 loss 0.1604 ce 0.7825 reward -0.360 lr 2.43e-05 84.5 min, 0.50 s/step
  epoch 1/2 step 10150/45858 loss -0.0596 ce 0.5131 reward 0.102 lr 2.43e-05 85.0 min, 0.50 s/step
  epoch 1/2 step 10200/45858 loss 0.7887 ce 0.9696 reward -0.492 lr 2.43e-05 85.4 min, 0.50 s/step
  epoch 1/2 step 10250/45858 loss -0.1727 ce 0.5770 reward 0.012 lr 2.43e-05 85.8 min, 0.50 s/step
  epoch 1/2 step 10300/45858 loss 0.4870 ce 0.5346 reward 0.051 lr 2.43e-05 86.2 min, 0.50 s/step
  epoch 1/2 step 10350/45858 loss 0.4172 ce 0.3962 reward 0.220 lr 2.43e-05 86.7 min, 0.50 s/step
  epoch 1/2 step 10400/45858 loss 0.8532 ce 1.1104 reward -0.635 lr 2.42e-05 87.1 min, 0.50 s/step
  epoch 1/2 step 10450/45858 loss 1.6442 ce 1.1408 reward -0.522 lr 2.42e-05 87.5 min, 0.50 s/step
  epoch 1/2 step 10500/45858 loss -0.2813 ce 0.5052 reward 0.084 lr 2.42e-05 88.0 min, 0.50 s/step
  epoch 1/2 step 10550/45858 loss 0.7163 ce 0.7124 reward -0.113 lr 2.42e-05 88.4 min, 0.50 s/step
  epoch 1/2 step 10600/45858 loss 0.5115 ce 0.5886 reward 0.019 lr 2.42e-05 88.8 min, 0.50 s/step
  epoch 1/2 step 10650/45858 loss 1.4847 ce 1.4029 reward -0.939 lr 2.42e-05 89.3 min, 0.50 s/step
  epoch 1/2 step 10700/45858 loss -0.0817 ce 0.6367 reward -0.192 lr 2.42e-05 89.7 min, 0.50 s/step
  epoch 1/2 step 10750/45858 loss -0.0077 ce 0.3650 reward 0.303 lr 2.42e-05 90.1 min, 0.50 s/step
  epoch 1/2 step 10800/45858 loss 1.8528 ce 0.9339 reward -0.389 lr 2.42e-05 90.6 min, 0.50 s/step
  epoch 1/2 step 10850/45858 loss 0.2574 ce 0.6756 reward -0.174 lr 2.42e-05 90.9 min, 0.50 s/step
  epoch 1/2 step 10900/45858 loss 2.9541 ce 1.2352 reward -0.678 lr 2.42e-05 91.5 min, 0.50 s/step
  epoch 1/2 step 10950/45858 loss 0.6574 ce 0.6181 reward -0.066 lr 2.42e-05 91.9 min, 0.50 s/step
  epoch 1/2 step 11000/45858 loss 0.4161 ce 0.5354 reward 0.101 lr 2.42e-05 92.4 min, 0.50 s/step
  epoch 1/2 step 11050/45858 loss 0.1631 ce 0.3915 reward 0.221 lr 2.42e-05 92.7 min, 0.50 s/step
  epoch 1/2 step 11100/45858 loss 0.9549 ce 1.1513 reward -0.682 lr 2.41e-05 93.1 min, 0.50 s/step
  epoch 1/2 step 11150/45858 loss 1.1431 ce 0.7172 reward -0.167 lr 2.41e-05 93.5 min, 0.50 s/step
  epoch 1/2 step 11200/45858 loss 0.1746 ce 0.6969 reward -0.142 lr 2.41e-05 93.9 min, 0.50 s/step
  epoch 1/2 step 11250/45858 loss 0.7197 ce 0.6297 reward -0.019 lr 2.41e-05 94.3 min, 0.50 s/step
  epoch 1/2 step 11300/45858 loss -0.0314 ce 0.5026 reward 0.104 lr 2.41e-05 94.7 min, 0.50 s/step
  epoch 1/2 step 11350/45858 loss 0.3101 ce 0.2858 reward 0.381 lr 2.41e-05 95.1 min, 0.50 s/step
  epoch 1/2 step 11400/45858 loss 0.8405 ce 1.0416 reward -0.566 lr 2.41e-05 95.6 min, 0.50 s/step
  epoch 1/2 step 11450/45858 loss -0.5318 ce 1.1959 reward -0.707 lr 2.41e-05 96.0 min, 0.50 s/step
  epoch 1/2 step 11500/45858 loss 0.3679 ce 0.3940 reward 0.287 lr 2.41e-05 96.4 min, 0.50 s/step
  epoch 1/2 step 11550/45858 loss 0.8196 ce 1.3592 reward -0.908 lr 2.41e-05 97.0 min, 0.50 s/step
  epoch 1/2 step 11600/45858 loss -0.0800 ce 0.5295 reward 0.028 lr 2.41e-05 97.3 min, 0.50 s/step
  epoch 1/2 step 11650/45858 loss 0.6156 ce 0.9269 reward -0.385 lr 2.41e-05 97.8 min, 0.50 s/step
  epoch 1/2 step 11700/45858 loss 0.3565 ce 0.5229 reward 0.088 lr 2.40e-05 98.2 min, 0.50 s/step
  epoch 1/2 step 11750/45858 loss 0.0802 ce 0.4969 reward 0.110 lr 2.40e-05 98.6 min, 0.50 s/step
  epoch 1/2 step 11800/45858 loss 1.4501 ce 1.5047 reward -0.981 lr 2.40e-05 98.9 min, 0.50 s/step
  epoch 1/2 step 11850/45858 loss 0.1120 ce 0.4382 reward 0.175 lr 2.40e-05 99.3 min, 0.50 s/step
  epoch 1/2 step 11900/45858 loss 0.4373 ce 0.6294 reward 0.047 lr 2.40e-05 99.8 min, 0.50 s/step
  epoch 1/2 step 11950/45858 loss 0.5948 ce 0.6191 reward 0.050 lr 2.40e-05 100.3 min, 0.50 s/step
  epoch 1/2 step 12000/45858 loss 0.3905 ce 0.6597 reward -0.103 lr 2.40e-05 100.7 min, 0.50 s/step
  epoch 1/2 step 12050/45858 loss 0.5219 ce 0.3803 reward 0.253 lr 2.40e-05 101.1 min, 0.50 s/step
  epoch 1/2 step 12100/45858 loss 0.1376 ce 0.4446 reward 0.105 lr 2.40e-05 101.6 min, 0.50 s/step
  epoch 1/2 step 12150/45858 loss -0.1260 ce 0.2871 reward 0.388 lr 2.40e-05 102.0 min, 0.50 s/step
  epoch 1/2 step 12200/45858 loss 0.5486 ce 0.5993 reward 0.032 lr 2.40e-05 102.6 min, 0.50 s/step
  epoch 1/2 step 12250/45858 loss 0.1661 ce 0.4305 reward 0.192 lr 2.40e-05 102.9 min, 0.50 s/step
  epoch 1/2 step 12300/45858 loss 0.5259 ce 0.5280 reward 0.057 lr 2.40e-05 103.3 min, 0.50 s/step
  epoch 1/2 step 12350/45858 loss 0.1964 ce 0.3419 reward 0.329 lr 2.39e-05 103.7 min, 0.50 s/step
  epoch 1/2 step 12400/45858 loss 0.3803 ce 0.3104 reward 0.353 lr 2.39e-05 104.2 min, 0.50 s/step
  epoch 1/2 step 12450/45858 loss 0.9218 ce 0.4535 reward 0.205 lr 2.39e-05 104.5 min, 0.50 s/step
  epoch 1/2 step 12500/45858 loss 0.2765 ce 0.6869 reward -0.121 lr 2.39e-05 104.9 min, 0.50 s/step
  epoch 1/2 step 12550/45858 loss -0.4256 ce 0.5037 reward 0.138 lr 2.39e-05 105.4 min, 0.50 s/step
  epoch 1/2 step 12600/45858 loss 1.0295 ce 1.1771 reward -0.770 lr 2.39e-05 105.8 min, 0.50 s/step
  epoch 1/2 step 12650/45858 loss 0.4016 ce 0.5935 reward -0.037 lr 2.39e-05 106.1 min, 0.50 s/step
  epoch 1/2 step 12700/45858 loss 0.4508 ce 0.6675 reward -0.115 lr 2.39e-05 106.5 min, 0.50 s/step
  epoch 1/2 step 12750/45858 loss -0.3949 ce 0.2962 reward 0.371 lr 2.39e-05 106.9 min, 0.50 s/step
  epoch 1/2 step 12800/45858 loss 0.5178 ce 0.9125 reward -0.387 lr 2.39e-05 107.3 min, 0.50 s/step
  epoch 1/2 step 12850/45858 loss 0.0880 ce 0.3976 reward 0.241 lr 2.39e-05 107.7 min, 0.50 s/step
  epoch 1/2 step 12900/45858 loss 0.4424 ce 0.5219 reward 0.082 lr 2.38e-05 108.1 min, 0.50 s/step
  epoch 1/2 step 12950/45858 loss -0.3887 ce 0.3726 reward 0.248 lr 2.38e-05 108.5 min, 0.50 s/step
  epoch 1/2 step 13000/45858 loss 0.8720 ce 0.7261 reward -0.108 lr 2.38e-05 108.9 min, 0.50 s/step
  epoch 1/2 step 13050/45858 loss 0.0147 ce 0.4223 reward 0.130 lr 2.38e-05 109.4 min, 0.50 s/step
  epoch 1/2 step 13100/45858 loss 0.0442 ce 0.4130 reward 0.102 lr 2.38e-05 109.8 min, 0.50 s/step
  epoch 1/2 step 13150/45858 loss 0.9453 ce 1.0843 reward -0.560 lr 2.38e-05 110.2 min, 0.50 s/step
  epoch 1/2 step 13200/45858 loss 0.1263 ce 0.5705 reward -0.095 lr 2.38e-05 110.7 min, 0.50 s/step
  epoch 1/2 step 13250/45858 loss -0.2924 ce 0.3909 reward 0.284 lr 2.38e-05 111.2 min, 0.50 s/step
  epoch 1/2 step 13300/45858 loss 0.3509 ce 0.5851 reward -0.007 lr 2.38e-05 111.5 min, 0.50 s/step
  epoch 1/2 step 13350/45858 loss 0.3707 ce 0.6077 reward -0.018 lr 2.38e-05 112.0 min, 0.50 s/step
  epoch 1/2 step 13400/45858 loss 0.0802 ce 0.4926 reward 0.108 lr 2.38e-05 112.4 min, 0.50 s/step
  epoch 1/2 step 13450/45858 loss 0.9890 ce 0.9112 reward -0.411 lr 2.37e-05 112.7 min, 0.50 s/step
  epoch 1/2 step 13500/45858 loss -0.1291 ce 0.3294 reward 0.361 lr 2.37e-05 113.1 min, 0.50 s/step
  epoch 1/2 step 13550/45858 loss 0.0419 ce 0.5537 reward 0.000 lr 2.37e-05 113.6 min, 0.50 s/step
  epoch 1/2 step 13600/45858 loss -0.8159 ce 0.6095 reward 0.057 lr 2.37e-05 114.0 min, 0.50 s/step
  epoch 1/2 step 13650/45858 loss 0.4971 ce 0.7195 reward -0.317 lr 2.37e-05 114.5 min, 0.50 s/step
  epoch 1/2 step 13700/45858 loss -0.1969 ce 0.5681 reward -0.022 lr 2.37e-05 114.9 min, 0.50 s/step
  epoch 1/2 step 13750/45858 loss 0.2812 ce 0.3833 reward 0.287 lr 2.37e-05 115.3 min, 0.50 s/step
  epoch 1/2 step 13800/45858 loss 0.4617 ce 0.9517 reward -0.465 lr 2.37e-05 115.7 min, 0.50 s/step
  epoch 1/2 step 13850/45858 loss 0.5043 ce 0.5879 reward 0.023 lr 2.37e-05 116.0 min, 0.50 s/step
  epoch 1/2 step 13900/45858 loss 0.0192 ce 0.4654 reward 0.155 lr 2.37e-05 116.3 min, 0.50 s/step
  epoch 1/2 step 13950/45858 loss 1.2112 ce 0.7226 reward -0.071 lr 2.37e-05 116.8 min, 0.50 s/step
  epoch 1/2 step 14000/45858 loss 0.2565 ce 0.6644 reward -0.077 lr 2.36e-05 117.2 min, 0.50 s/step
  epoch 1/2 step 14050/45858 loss -0.1476 ce 0.3510 reward 0.332 lr 2.36e-05 117.6 min, 0.50 s/step
  epoch 1/2 step 14100/45858 loss 0.7948 ce 0.7561 reward -0.256 lr 2.36e-05 118.0 min, 0.50 s/step
  epoch 1/2 step 14150/45858 loss -0.1328 ce 0.6081 reward 0.056 lr 2.36e-05 118.4 min, 0.50 s/step
  epoch 1/2 step 14200/45858 loss 0.1923 ce 0.5013 reward 0.160 lr 2.36e-05 118.7 min, 0.50 s/step
  epoch 1/2 step 14250/45858 loss 0.1398 ce 0.4048 reward 0.276 lr 2.36e-05 119.1 min, 0.50 s/step
  epoch 1/2 step 14300/45858 loss 1.0144 ce 1.0302 reward -0.675 lr 2.36e-05 119.5 min, 0.50 s/step
  epoch 1/2 step 14350/45858 loss -0.0228 ce 0.4788 reward 0.093 lr 2.36e-05 120.1 min, 0.50 s/step
  epoch 1/2 step 14400/45858 loss 1.1151 ce 0.8529 reward -0.287 lr 2.36e-05 120.5 min, 0.50 s/step
  epoch 1/2 step 14450/45858 loss 2.5104 ce 1.7818 reward -1.307 lr 2.36e-05 120.9 min, 0.50 s/step
  epoch 1/2 step 14500/45858 loss 1.2539 ce 1.1498 reward -0.693 lr 2.35e-05 121.4 min, 0.50 s/step
  epoch 1/2 step 14550/45858 loss 1.9519 ce 1.8230 reward -1.296 lr 2.35e-05 121.8 min, 0.50 s/step
  epoch 1/2 step 14600/45858 loss -0.1937 ce 0.2763 reward 0.414 lr 2.35e-05 122.2 min, 0.50 s/step
  epoch 1/2 step 14650/45858 loss 1.0791 ce 0.6295 reward -0.007 lr 2.35e-05 122.7 min, 0.50 s/step
  epoch 1/2 step 14700/45858 loss 0.4799 ce 0.6913 reward -0.168 lr 2.35e-05 123.2 min, 0.50 s/step
  epoch 1/2 step 14750/45858 loss 0.6320 ce 0.6359 reward -0.091 lr 2.35e-05 123.6 min, 0.50 s/step
  epoch 1/2 step 14800/45858 loss 1.5003 ce 0.8654 reward -0.309 lr 2.35e-05 124.0 min, 0.50 s/step
  epoch 1/2 step 14850/45858 loss 0.5277 ce 0.4373 reward 0.199 lr 2.35e-05 124.5 min, 0.50 s/step
  epoch 1/2 step 14900/45858 loss 0.0071 ce 0.5378 reward 0.007 lr 2.35e-05 124.9 min, 0.50 s/step
  epoch 1/2 step 14950/45858 loss 0.3337 ce 0.3722 reward 0.260 lr 2.35e-05 125.3 min, 0.50 s/step
  epoch 1/2 step 15000/45858 loss 0.7691 ce 0.7599 reward -0.256 lr 2.35e-05 125.8 min, 0.50 s/step
  epoch 1/2 step 15050/45858 loss 0.4783 ce 0.5914 reward 0.026 lr 2.34e-05 126.4 min, 0.50 s/step
  epoch 1/2 step 15100/45858 loss 0.7638 ce 0.7678 reward -0.272 lr 2.34e-05 127.0 min, 0.50 s/step
  epoch 1/2 step 15150/45858 loss 1.3187 ce 1.0870 reward -0.551 lr 2.34e-05 127.4 min, 0.50 s/step
  epoch 1/2 step 15200/45858 loss -0.3948 ce 0.4145 reward 0.206 lr 2.34e-05 127.9 min, 0.50 s/step
  epoch 1/2 step 15250/45858 loss 0.6406 ce 0.7181 reward -0.186 lr 2.34e-05 128.3 min, 0.50 s/step
  epoch 1/2 step 15300/45858 loss 2.4073 ce 1.8358 reward -1.383 lr 2.34e-05 128.7 min, 0.50 s/step
  epoch 1/2 step 15350/45858 loss 0.5353 ce 0.9679 reward -0.426 lr 2.34e-05 129.1 min, 0.50 s/step
  epoch 1/2 step 15400/45858 loss -0.2157 ce 0.4347 reward 0.232 lr 2.34e-05 129.5 min, 0.50 s/step
  epoch 1/2 step 15450/45858 loss 0.2888 ce 0.4938 reward 0.102 lr 2.34e-05 129.9 min, 0.50 s/step
  epoch 1/2 step 15500/45858 loss 0.4214 ce 0.4383 reward 0.190 lr 2.33e-05 130.3 min, 0.50 s/step
  epoch 1/2 step 15550/45858 loss -0.7725 ce 0.6124 reward 0.058 lr 2.33e-05 130.8 min, 0.50 s/step
  epoch 1/2 step 15600/45858 loss 0.3437 ce 0.7463 reward -0.199 lr 2.33e-05 131.3 min, 0.50 s/step
  epoch 1/2 step 15650/45858 loss 0.3355 ce 0.7499 reward -0.276 lr 2.33e-05 131.7 min, 0.50 s/step
  epoch 1/2 step 15700/45858 loss 0.5825 ce 0.6944 reward -0.033 lr 2.33e-05 132.2 min, 0.51 s/step
  epoch 1/2 step 15750/45858 loss -0.1339 ce 0.6078 reward 0.056 lr 2.33e-05 132.5 min, 0.50 s/step
  epoch 1/2 step 15800/45858 loss 0.6484 ce 0.7346 reward -0.094 lr 2.33e-05 133.0 min, 0.51 s/step
  epoch 1/2 step 15850/45858 loss 0.6410 ce 1.0011 reward -0.624 lr 2.33e-05 133.4 min, 0.50 s/step
  epoch 1/2 step 15900/45858 loss 0.5475 ce 0.7987 reward -0.336 lr 2.33e-05 133.8 min, 0.50 s/step
  epoch 1/2 step 15950/45858 loss 0.6611 ce 0.7465 reward -0.173 lr 2.33e-05 134.2 min, 0.50 s/step
  epoch 1/2 step 16000/45858 loss 0.0334 ce 0.3186 reward 0.340 lr 2.32e-05 134.7 min, 0.51 s/step
  epoch 1/2 step 16050/45858 loss 0.3867 ce 0.3932 reward 0.299 lr 2.32e-05 135.1 min, 0.51 s/step
  epoch 1/2 step 16100/45858 loss 0.3467 ce 0.6742 reward -0.067 lr 2.32e-05 135.6 min, 0.51 s/step
  epoch 1/2 step 16150/45858 loss -0.1926 ce 0.3029 reward 0.332 lr 2.32e-05 135.9 min, 0.50 s/step
  epoch 1/2 step 16200/45858 loss 0.3016 ce 0.4962 reward 0.138 lr 2.32e-05 136.3 min, 0.50 s/step
  epoch 1/2 step 16250/45858 loss 0.5382 ce 0.4171 reward 0.230 lr 2.32e-05 136.7 min, 0.50 s/step
  epoch 1/2 step 16300/45858 loss 0.5808 ce 0.5361 reward 0.086 lr 2.32e-05 137.1 min, 0.50 s/step
  epoch 1/2 step 16350/45858 loss -0.8019 ce 0.6070 reward 0.061 lr 2.32e-05 137.6 min, 0.50 s/step
  epoch 1/2 step 16400/45858 loss -1.5015 ce 0.6981 reward -0.049 lr 2.32e-05 137.9 min, 0.50 s/step
  epoch 1/2 step 16450/45858 loss 0.5236 ce 0.5865 reward 0.098 lr 2.31e-05 138.4 min, 0.50 s/step
  epoch 1/2 step 16500/45858 loss 0.5743 ce 0.5779 reward -0.000 lr 2.31e-05 138.8 min, 0.50 s/step
  epoch 1/2 step 16550/45858 loss 0.1346 ce 0.3392 reward 0.325 lr 2.31e-05 139.2 min, 0.50 s/step
  epoch 1/2 step 16600/45858 loss -0.6009 ce 0.6100 reward 0.053 lr 2.31e-05 139.6 min, 0.50 s/step
  epoch 1/2 step 16650/45858 loss 1.2323 ce 0.8929 reward -0.342 lr 2.31e-05 140.0 min, 0.50 s/step
  epoch 1/2 step 16700/45858 loss 1.3392 ce 1.2046 reward -0.729 lr 2.31e-05 140.5 min, 0.50 s/step
  epoch 1/2 step 16750/45858 loss -0.0243 ce 0.4021 reward 0.270 lr 2.31e-05 140.9 min, 0.50 s/step
  epoch 1/2 step 16800/45858 loss 0.4373 ce 0.6456 reward -0.107 lr 2.31e-05 141.3 min, 0.50 s/step
  epoch 1/2 step 16850/45858 loss 0.5951 ce 0.5763 reward 0.042 lr 2.31e-05 141.6 min, 0.50 s/step
  epoch 1/2 step 16900/45858 loss 0.5534 ce 0.8847 reward -0.371 lr 2.30e-05 142.0 min, 0.50 s/step
  epoch 1/2 step 16950/45858 loss -0.0835 ce 0.3166 reward 0.381 lr 2.30e-05 142.5 min, 0.50 s/step
  epoch 1/2 step 17000/45858 loss 0.4680 ce 0.4194 reward 0.244 lr 2.30e-05 142.9 min, 0.50 s/step
  epoch 1/2 step 17050/45858 loss 1.3492 ce 1.0753 reward -0.494 lr 2.30e-05 143.2 min, 0.50 s/step
  epoch 1/2 step 17100/45858 loss 0.7564 ce 0.6918 reward -0.140 lr 2.30e-05 143.7 min, 0.50 s/step
  epoch 1/2 step 17150/45858 loss -0.0073 ce 0.6661 reward -0.152 lr 2.30e-05 144.1 min, 0.50 s/step
  epoch 1/2 step 17200/45858 loss 0.0670 ce 0.5554 reward 0.067 lr 2.30e-05 144.5 min, 0.50 s/step
  epoch 1/2 step 17250/45858 loss 0.5195 ce 0.7702 reward -0.221 lr 2.30e-05 144.9 min, 0.50 s/step
  epoch 1/2 step 17300/45858 loss 0.2559 ce 0.4891 reward 0.096 lr 2.30e-05 145.5 min, 0.50 s/step
  epoch 1/2 step 17350/45858 loss 0.1920 ce 0.5716 reward -0.042 lr 2.29e-05 145.8 min, 0.50 s/step
  epoch 1/2 step 17400/45858 loss 0.2641 ce 0.7498 reward -0.173 lr 2.29e-05 146.2 min, 0.50 s/step
  epoch 1/2 step 17450/45858 loss 0.3024 ce 0.6694 reward -0.116 lr 2.29e-05 146.6 min, 0.50 s/step
  epoch 1/2 step 17500/45858 loss 0.0220 ce 0.3740 reward 0.256 lr 2.29e-05 147.1 min, 0.50 s/step
  epoch 1/2 step 17550/45858 loss 0.7548 ce 0.7383 reward -0.193 lr 2.29e-05 147.5 min, 0.50 s/step
  epoch 1/2 step 17600/45858 loss 1.4146 ce 1.5464 reward -1.154 lr 2.29e-05 147.9 min, 0.50 s/step
  epoch 1/2 step 17650/45858 loss 1.1564 ce 0.8126 reward -0.299 lr 2.29e-05 148.3 min, 0.50 s/step
  epoch 1/2 step 17700/45858 loss 0.3291 ce 0.5696 reward -0.013 lr 2.29e-05 148.7 min, 0.50 s/step
  epoch 1/2 step 17750/45858 loss 0.8753 ce 0.6823 reward -0.110 lr 2.28e-05 149.1 min, 0.50 s/step
  epoch 1/2 step 17800/45858 loss 0.0546 ce 0.4784 reward 0.172 lr 2.28e-05 149.5 min, 0.50 s/step
  epoch 1/2 step 17850/45858 loss -0.3555 ce 0.6086 reward 0.059 lr 2.28e-05 149.9 min, 0.50 s/step
  epoch 1/2 step 17900/45858 loss 0.3426 ce 0.4830 reward 0.134 lr 2.28e-05 150.4 min, 0.50 s/step
  epoch 1/2 step 17950/45858 loss -0.1376 ce 0.3869 reward 0.256 lr 2.28e-05 150.8 min, 0.50 s/step
  epoch 1/2 step 18000/45858 loss 0.5670 ce 0.6663 reward -0.151 lr 2.28e-05 151.2 min, 0.50 s/step
  epoch 1/2 step 18050/45858 loss 0.5427 ce 0.4506 reward 0.189 lr 2.28e-05 151.6 min, 0.50 s/step
  epoch 1/2 step 18100/45858 loss -0.0533 ce 0.4122 reward 0.217 lr 2.28e-05 151.9 min, 0.50 s/step
  epoch 1/2 step 18150/45858 loss 0.3188 ce 0.4908 reward 0.100 lr 2.28e-05 152.4 min, 0.50 s/step
  epoch 1/2 step 18200/45858 loss -0.3705 ce 0.3925 reward 0.285 lr 2.27e-05 152.8 min, 0.50 s/step
  epoch 1/2 step 18250/45858 loss 0.1805 ce 0.4158 reward 0.204 lr 2.27e-05 153.2 min, 0.50 s/step
  epoch 1/2 step 18300/45858 loss -0.0932 ce 0.3870 reward 0.213 lr 2.27e-05 153.6 min, 0.50 s/step
  epoch 1/2 step 18350/45858 loss 0.5602 ce 0.6335 reward -0.024 lr 2.27e-05 154.1 min, 0.50 s/step
  epoch 1/2 step 18400/45858 loss 0.3686 ce 0.6608 reward -0.146 lr 2.27e-05 154.5 min, 0.50 s/step
  epoch 1/2 step 18450/45858 loss -0.2282 ce 0.1812 reward 0.523 lr 2.27e-05 154.9 min, 0.50 s/step
  epoch 1/2 step 18500/45858 loss 0.5191 ce 0.6579 reward -0.137 lr 2.27e-05 155.4 min, 0.50 s/step
  epoch 1/2 step 18550/45858 loss 1.2092 ce 0.8150 reward -0.201 lr 2.27e-05 155.8 min, 0.50 s/step
  epoch 1/2 step 18600/45858 loss 0.4152 ce 0.6942 reward -0.241 lr 2.26e-05 156.2 min, 0.50 s/step
  epoch 1/2 step 18650/45858 loss 2.3765 ce 2.1286 reward -1.655 lr 2.26e-05 156.7 min, 0.50 s/step
  epoch 1/2 step 18700/45858 loss 1.9913 ce 1.9316 reward -1.465 lr 2.26e-05 157.3 min, 0.50 s/step
  epoch 1/2 step 18750/45858 loss 0.1528 ce 0.5534 reward 0.003 lr 2.26e-05 157.6 min, 0.50 s/step
  epoch 1/2 step 18800/45858 loss -0.3938 ce 0.6907 reward -0.025 lr 2.26e-05 158.0 min, 0.50 s/step
  epoch 1/2 step 18850/45858 loss 0.2921 ce 0.5751 reward -0.006 lr 2.26e-05 158.4 min, 0.50 s/step
  epoch 1/2 step 18900/45858 loss 0.7438 ce 0.7146 reward -0.157 lr 2.26e-05 158.9 min, 0.50 s/step
  epoch 1/2 step 18950/45858 loss 0.4614 ce 0.5263 reward 0.083 lr 2.26e-05 159.3 min, 0.50 s/step
  epoch 1/2 step 19000/45858 loss -0.1507 ce 0.2446 reward 0.442 lr 2.25e-05 159.8 min, 0.50 s/step
  epoch 1/2 step 19050/45858 loss 0.6676 ce 1.1842 reward -0.730 lr 2.25e-05 160.3 min, 0.50 s/step
  epoch 1/2 step 19100/45858 loss 0.2841 ce 0.4070 reward 0.262 lr 2.25e-05 160.7 min, 0.50 s/step
  epoch 1/2 step 19150/45858 loss 0.1427 ce 0.4248 reward 0.248 lr 2.25e-05 161.2 min, 0.50 s/step
  epoch 1/2 step 19200/45858 loss 0.4411 ce 0.4928 reward 0.128 lr 2.25e-05 161.6 min, 0.51 s/step
  epoch 1/2 step 19250/45858 loss 0.3440 ce 0.6810 reward -0.014 lr 2.25e-05 162.1 min, 0.51 s/step
  epoch 1/2 step 19300/45858 loss 0.5508 ce 0.8098 reward -0.303 lr 2.25e-05 162.4 min, 0.50 s/step
  epoch 1/2 step 19350/45858 loss 0.0047 ce 0.4289 reward 0.225 lr 2.25e-05 163.0 min, 0.51 s/step
  epoch 1/2 step 19400/45858 loss 0.3042 ce 0.6453 reward -0.124 lr 2.24e-05 163.4 min, 0.51 s/step
  epoch 1/2 step 19450/45858 loss 0.2617 ce 0.5607 reward -0.078 lr 2.24e-05 163.8 min, 0.51 s/step
  epoch 1/2 step 19500/45858 loss 0.3562 ce 0.5161 reward 0.081 lr 2.24e-05 164.2 min, 0.51 s/step
  epoch 1/2 step 19550/45858 loss 0.4131 ce 0.5906 reward -0.006 lr 2.24e-05 164.6 min, 0.51 s/step
  epoch 1/2 step 19600/45858 loss 0.7272 ce 0.6729 reward -0.080 lr 2.24e-05 165.0 min, 0.50 s/step
  epoch 1/2 step 19650/45858 loss 2.3623 ce 0.7680 reward -0.158 lr 2.24e-05 165.3 min, 0.50 s/step
  epoch 1/2 step 19700/45858 loss 0.2416 ce 0.3354 reward 0.336 lr 2.24e-05 165.7 min, 0.50 s/step
  epoch 1/2 step 19750/45858 loss 0.7777 ce 1.0142 reward -0.399 lr 2.24e-05 166.1 min, 0.50 s/step
  epoch 1/2 step 19800/45858 loss -0.2374 ce 0.4371 reward 0.179 lr 2.23e-05 166.5 min, 0.50 s/step
  epoch 1/2 step 19850/45858 loss 0.4605 ce 0.6157 reward -0.029 lr 2.23e-05 167.0 min, 0.50 s/step
  epoch 1/2 step 19900/45858 loss -1.0408 ce 0.5082 reward 0.166 lr 2.23e-05 167.4 min, 0.50 s/step
  epoch 1/2 step 19950/45858 loss 0.5160 ce 0.8116 reward -0.237 lr 2.23e-05 167.9 min, 0.51 s/step
  epoch 1/2 step 20000/45858 loss 0.1021 ce 0.5380 reward 0.014 lr 2.23e-05 168.3 min, 0.50 s/step
  epoch 1/2 step 20050/45858 loss 0.6980 ce 0.6598 reward -0.096 lr 2.23e-05 168.6 min, 0.50 s/step
  epoch 1/2 step 20100/45858 loss -0.1094 ce 0.4374 reward 0.214 lr 2.23e-05 169.0 min, 0.50 s/step
  epoch 1/2 step 20150/45858 loss -0.5774 ce 0.6063 reward 0.058 lr 2.23e-05 169.4 min, 0.50 s/step
  epoch 1/2 step 20200/45858 loss 0.8909 ce 0.7365 reward -0.213 lr 2.22e-05 169.8 min, 0.50 s/step
  epoch 1/2 step 20250/45858 loss 0.8383 ce 0.8848 reward -0.295 lr 2.22e-05 170.2 min, 0.50 s/step
  epoch 1/2 step 20300/45858 loss 0.7507 ce 0.6788 reward -0.016 lr 2.22e-05 170.6 min, 0.50 s/step
  epoch 1/2 step 20350/45858 loss 0.1973 ce 0.6238 reward -0.046 lr 2.22e-05 171.0 min, 0.50 s/step
  epoch 1/2 step 20400/45858 loss -1.8919 ce 0.6802 reward -0.020 lr 2.22e-05 171.4 min, 0.50 s/step
  epoch 1/2 step 20450/45858 loss 0.3895 ce 0.4497 reward 0.173 lr 2.22e-05 171.8 min, 0.50 s/step
  epoch 1/2 step 20500/45858 loss -0.6001 ce 0.3587 reward 0.323 lr 2.22e-05 172.3 min, 0.50 s/step
  epoch 1/2 step 20550/45858 loss 0.5657 ce 0.4057 reward 0.268 lr 2.21e-05 172.8 min, 0.50 s/step
  epoch 1/2 step 20600/45858 loss 0.1304 ce 0.6488 reward -0.196 lr 2.21e-05 173.3 min, 0.50 s/step
  epoch 1/2 step 20650/45858 loss 0.3409 ce 0.4493 reward 0.164 lr 2.21e-05 173.7 min, 0.50 s/step
  epoch 1/2 step 20700/45858 loss 0.7327 ce 0.9582 reward -0.387 lr 2.21e-05 174.1 min, 0.50 s/step
  epoch 1/2 step 20750/45858 loss 0.1020 ce 0.3777 reward 0.268 lr 2.21e-05 174.6 min, 0.50 s/step
  epoch 1/2 step 20800/45858 loss 0.6757 ce 0.4376 reward 0.228 lr 2.21e-05 175.0 min, 0.50 s/step
  epoch 1/2 step 20850/45858 loss 1.5943 ce 1.2442 reward -0.705 lr 2.21e-05 175.4 min, 0.50 s/step
  epoch 1/2 step 20900/45858 loss -0.0197 ce 0.2493 reward 0.438 lr 2.21e-05 175.8 min, 0.50 s/step
  epoch 1/2 step 20950/45858 loss -0.2831 ce 0.3365 reward 0.308 lr 2.20e-05 176.3 min, 0.50 s/step
  epoch 1/2 step 21000/45858 loss 1.8211 ce 1.2150 reward -0.631 lr 2.20e-05 176.6 min, 0.50 s/step
  epoch 1/2 step 21050/45858 loss -0.2984 ce 0.3914 reward 0.283 lr 2.20e-05 177.0 min, 0.50 s/step
  epoch 1/2 step 21100/45858 loss 1.0207 ce 0.6180 reward 0.043 lr 2.20e-05 177.4 min, 0.50 s/step
  epoch 1/2 step 21150/45858 loss -0.2612 ce 0.3945 reward 0.296 lr 2.20e-05 177.8 min, 0.50 s/step
  epoch 1/2 step 21200/45858 loss 0.3422 ce 0.6354 reward -0.127 lr 2.20e-05 178.2 min, 0.50 s/step
  epoch 1/2 step 21250/45858 loss 0.5298 ce 0.5693 reward 0.039 lr 2.20e-05 178.5 min, 0.50 s/step
  epoch 1/2 step 21300/45858 loss 0.0014 ce 0.3651 reward 0.274 lr 2.19e-05 179.0 min, 0.50 s/step
  epoch 1/2 step 21350/45858 loss 0.4591 ce 0.7361 reward -0.210 lr 2.19e-05 179.4 min, 0.50 s/step
  epoch 1/2 step 21400/45858 loss -0.3442 ce 0.3518 reward 0.327 lr 2.19e-05 179.8 min, 0.50 s/step
  epoch 1/2 step 21450/45858 loss 0.2852 ce 0.6039 reward -0.050 lr 2.19e-05 180.2 min, 0.50 s/step
  epoch 1/2 step 21500/45858 loss -0.4967 ce 0.3502 reward 0.326 lr 2.19e-05 180.6 min, 0.50 s/step
  epoch 1/2 step 21550/45858 loss 0.1333 ce 0.2813 reward 0.399 lr 2.19e-05 181.0 min, 0.50 s/step
  epoch 1/2 step 21600/45858 loss 0.4638 ce 0.8545 reward -0.423 lr 2.19e-05 181.5 min, 0.50 s/step
  epoch 1/2 step 21650/45858 loss 0.0984 ce 0.4481 reward 0.183 lr 2.18e-05 181.9 min, 0.50 s/step
  epoch 1/2 step 21700/45858 loss -0.2631 ce 0.5263 reward -0.004 lr 2.18e-05 182.3 min, 0.50 s/step
  epoch 1/2 step 21750/45858 loss 0.0009 ce 0.2543 reward 0.449 lr 2.18e-05 182.7 min, 0.50 s/step
  epoch 1/2 step 21800/45858 loss 0.2424 ce 0.5721 reward -0.035 lr 2.18e-05 183.1 min, 0.50 s/step
  epoch 1/2 step 21850/45858 loss 0.2589 ce 0.7470 reward -0.108 lr 2.18e-05 183.6 min, 0.50 s/step
  epoch 1/2 step 21900/45858 loss 0.3548 ce 0.5612 reward 0.082 lr 2.18e-05 184.0 min, 0.50 s/step
  epoch 1/2 step 21950/45858 loss 0.7096 ce 0.6947 reward -0.071 lr 2.18e-05 184.5 min, 0.50 s/step
  epoch 1/2 step 22000/45858 loss -0.0718 ce 0.3795 reward 0.305 lr 2.18e-05 184.9 min, 0.50 s/step
  epoch 1/2 step 22050/45858 loss 0.0954 ce 0.4681 reward 0.111 lr 2.17e-05 185.2 min, 0.50 s/step
  epoch 1/2 step 22100/45858 loss 0.0188 ce 0.5276 reward 0.073 lr 2.17e-05 185.6 min, 0.50 s/step
  epoch 1/2 step 22150/45858 loss 0.1824 ce 0.4956 reward 0.080 lr 2.17e-05 186.0 min, 0.50 s/step
  epoch 1/2 step 22200/45858 loss -0.4152 ce 0.2818 reward 0.380 lr 2.17e-05 186.4 min, 0.50 s/step
  epoch 1/2 step 22250/45858 loss 2.7172 ce 1.4631 reward -0.928 lr 2.17e-05 186.8 min, 0.50 s/step
  epoch 1/2 step 22300/45858 loss 0.4344 ce 0.3878 reward 0.261 lr 2.17e-05 187.2 min, 0.50 s/step
  epoch 1/2 step 22350/45858 loss 0.3079 ce 0.5218 reward 0.035 lr 2.17e-05 187.7 min, 0.50 s/step
  epoch 1/2 step 22400/45858 loss 0.4260 ce 0.6473 reward -0.093 lr 2.16e-05 188.2 min, 0.50 s/step
  epoch 1/2 step 22450/45858 loss 0.1526 ce 0.3894 reward 0.292 lr 2.16e-05 188.6 min, 0.50 s/step
  epoch 1/2 step 22500/45858 loss 1.2563 ce 1.1883 reward -0.625 lr 2.16e-05 189.1 min, 0.50 s/step
  epoch 1/2 step 22550/45858 loss 1.0030 ce 1.2193 reward -0.627 lr 2.16e-05 189.5 min, 0.50 s/step
  epoch 1/2 step 22600/45858 loss 0.3672 ce 0.4080 reward 0.183 lr 2.16e-05 189.9 min, 0.50 s/step
  epoch 1/2 step 22650/45858 loss 0.2320 ce 0.6063 reward -0.034 lr 2.16e-05 190.4 min, 0.50 s/step
  epoch 1/2 step 22700/45858 loss 2.4828 ce 2.0012 reward -1.592 lr 2.16e-05 190.8 min, 0.50 s/step
  epoch 1/2 step 22750/45858 loss 1.2339 ce 0.8202 reward -0.196 lr 2.15e-05 191.3 min, 0.50 s/step
  epoch 1/2 step 22800/45858 loss -0.1401 ce 0.3363 reward 0.287 lr 2.15e-05 191.7 min, 0.50 s/step
  epoch 1/2 step 22850/45858 loss 0.2979 ce 0.8191 reward -0.289 lr 2.15e-05 192.1 min, 0.50 s/step
  epoch 1/2 step 22900/45858 loss 0.1938 ce 0.4620 reward 0.146 lr 2.15e-05 192.5 min, 0.50 s/step
  epoch 1/2 step 22950/45858 loss 0.0362 ce 0.5805 reward 0.001 lr 2.15e-05 192.8 min, 0.50 s/step
  epoch 1/2 step 23000/45858 loss 0.2216 ce 0.7652 reward -0.316 lr 2.15e-05 193.3 min, 0.50 s/step
  epoch 1/2 step 23050/45858 loss 0.6993 ce 0.6425 reward -0.069 lr 2.15e-05 193.6 min, 0.50 s/step
  epoch 1/2 step 23100/45858 loss 0.7353 ce 0.9650 reward -0.442 lr 2.14e-05 194.1 min, 0.50 s/step
  epoch 1/2 step 23150/45858 loss -0.0776 ce 0.3025 reward 0.394 lr 2.14e-05 194.5 min, 0.50 s/step
  epoch 1/2 step 23200/45858 loss 0.3804 ce 0.4127 reward 0.218 lr 2.14e-05 194.9 min, 0.50 s/step
  epoch 1/2 step 23250/45858 loss 0.4497 ce 0.5679 reward -0.004 lr 2.14e-05 195.3 min, 0.50 s/step
  epoch 1/2 step 23300/45858 loss 0.1963 ce 0.5462 reward 0.031 lr 2.14e-05 195.8 min, 0.50 s/step
  epoch 1/2 step 23350/45858 loss -0.0404 ce 0.7375 reward -0.112 lr 2.14e-05 196.2 min, 0.50 s/step
  epoch 1/2 step 23400/45858 loss 0.4202 ce 0.3949 reward 0.215 lr 2.13e-05 196.6 min, 0.50 s/step
  epoch 1/2 step 23450/45858 loss 0.3162 ce 0.6016 reward -0.089 lr 2.13e-05 197.0 min, 0.50 s/step
  epoch 1/2 step 23500/45858 loss 0.6455 ce 0.5839 reward 0.032 lr 2.13e-05 197.4 min, 0.50 s/step
  epoch 1/2 step 23550/45858 loss -0.0428 ce 0.3919 reward 0.298 lr 2.13e-05 197.9 min, 0.50 s/step
  epoch 1/2 step 23600/45858 loss 0.1186 ce 0.3156 reward 0.319 lr 2.13e-05 198.2 min, 0.50 s/step
  epoch 1/2 step 23650/45858 loss -0.5222 ce 0.3714 reward 0.307 lr 2.13e-05 198.6 min, 0.50 s/step
  epoch 1/2 step 23700/45858 loss -0.4477 ce 0.3304 reward 0.322 lr 2.13e-05 199.1 min, 0.50 s/step
  epoch 1/2 step 23750/45858 loss 0.0315 ce 0.6082 reward -0.039 lr 2.12e-05 199.5 min, 0.50 s/step
  epoch 1/2 step 23800/45858 loss -0.4172 ce 0.5158 reward 0.115 lr 2.12e-05 200.0 min, 0.50 s/step
  epoch 1/2 step 23850/45858 loss -0.9308 ce 0.6874 reward -0.026 lr 2.12e-05 200.4 min, 0.50 s/step
  epoch 1/2 step 23900/45858 loss 0.3846 ce 0.5856 reward -0.029 lr 2.12e-05 200.9 min, 0.50 s/step
  epoch 1/2 step 23950/45858 loss -0.1694 ce 0.4133 reward 0.241 lr 2.12e-05 201.4 min, 0.50 s/step
  epoch 1/2 step 24000/45858 loss -1.0151 ce 0.5953 reward 0.079 lr 2.12e-05 201.9 min, 0.50 s/step
  epoch 1/2 step 24050/45858 loss 0.3731 ce 0.4035 reward 0.250 lr 2.12e-05 202.3 min, 0.50 s/step
  epoch 1/2 step 24100/45858 loss 0.3602 ce 0.3188 reward 0.352 lr 2.11e-05 202.7 min, 0.50 s/step
  epoch 1/2 step 24150/45858 loss 2.6790 ce 0.7388 reward -0.089 lr 2.11e-05 203.1 min, 0.50 s/step
  epoch 1/2 step 24200/45858 loss 0.2693 ce 0.8421 reward -0.519 lr 2.11e-05 203.5 min, 0.50 s/step
  epoch 1/2 step 24250/45858 loss 0.1956 ce 0.4809 reward 0.146 lr 2.11e-05 204.0 min, 0.50 s/step
  epoch 1/2 step 24300/45858 loss 0.3055 ce 0.4632 reward 0.212 lr 2.11e-05 204.4 min, 0.50 s/step
  epoch 1/2 step 24350/45858 loss 0.9728 ce 0.9278 reward -0.489 lr 2.11e-05 204.8 min, 0.50 s/step
  epoch 1/2 step 24400/45858 loss 1.5922 ce 0.6901 reward -0.041 lr 2.10e-05 205.3 min, 0.50 s/step
  epoch 1/2 step 24450/45858 loss 1.7234 ce 1.3485 reward -0.787 lr 2.10e-05 205.8 min, 0.50 s/step
  epoch 1/2 step 24500/45858 loss 0.4406 ce 0.6419 reward -0.106 lr 2.10e-05 206.2 min, 0.50 s/step
  epoch 1/2 step 24550/45858 loss 0.4558 ce 0.4547 reward 0.158 lr 2.10e-05 206.6 min, 0.50 s/step
  epoch 1/2 step 24600/45858 loss 0.2685 ce 0.3759 reward 0.236 lr 2.10e-05 207.0 min, 0.50 s/step
  epoch 1/2 step 24650/45858 loss 0.1988 ce 0.6515 reward -0.099 lr 2.10e-05 207.4 min, 0.50 s/step
  epoch 1/2 step 24700/45858 loss -0.7425 ce 0.5320 reward 0.137 lr 2.10e-05 207.9 min, 0.51 s/step
  epoch 1/2 step 24750/45858 loss 0.6570 ce 0.5775 reward 0.033 lr 2.09e-05 208.3 min, 0.51 s/step
  epoch 1/2 step 24800/45858 loss -0.6742 ce 0.3708 reward 0.309 lr 2.09e-05 208.8 min, 0.51 s/step
  epoch 1/2 step 24850/45858 loss 0.0115 ce 0.2652 reward 0.407 lr 2.09e-05 209.1 min, 0.50 s/step
  epoch 1/2 step 24900/45858 loss 1.0947 ce 1.2538 reward -0.729 lr 2.09e-05 209.6 min, 0.50 s/step
  epoch 1/2 step 24950/45858 loss 0.5410 ce 0.5089 reward 0.114 lr 2.09e-05 210.1 min, 0.51 s/step
  epoch 1/2 step 25000/45858 loss 0.3254 ce 0.5634 reward 0.028 lr 2.09e-05 210.5 min, 0.51 s/step
  epoch 1/2 step 25050/45858 loss 0.1598 ce 0.5746 reward 0.041 lr 2.08e-05 210.9 min, 0.51 s/step
  epoch 1/2 step 25100/45858 loss 0.2178 ce 0.2385 reward 0.441 lr 2.08e-05 211.3 min, 0.51 s/step
  epoch 1/2 step 25150/45858 loss -0.0722 ce 0.6907 reward -0.042 lr 2.08e-05 211.8 min, 0.51 s/step
  epoch 1/2 step 25200/45858 loss 0.0974 ce 0.4822 reward 0.132 lr 2.08e-05 212.2 min, 0.51 s/step
  epoch 1/2 step 25250/45858 loss 0.2432 ce 0.6211 reward 0.017 lr 2.08e-05 212.8 min, 0.51 s/step
  epoch 1/2 step 25300/45858 loss 0.0726 ce 0.3754 reward 0.299 lr 2.08e-05 213.2 min, 0.51 s/step
  epoch 1/2 step 25350/45858 loss 0.4759 ce 0.4867 reward 0.101 lr 2.08e-05 213.6 min, 0.51 s/step
  epoch 1/2 step 25400/45858 loss 0.1491 ce 0.4167 reward 0.224 lr 2.07e-05 214.0 min, 0.51 s/step
  epoch 1/2 step 25450/45858 loss 0.2407 ce 0.3834 reward 0.282 lr 2.07e-05 214.5 min, 0.51 s/step
  epoch 1/2 step 25500/45858 loss 0.8261 ce 1.3731 reward -1.023 lr 2.07e-05 214.8 min, 0.51 s/step
  epoch 1/2 step 25550/45858 loss -0.2616 ce 0.5601 reward 0.005 lr 2.07e-05 215.2 min, 0.51 s/step
  epoch 1/2 step 25600/45858 loss 0.3382 ce 0.4360 reward 0.206 lr 2.07e-05 215.7 min, 0.51 s/step
  epoch 1/2 step 25650/45858 loss 0.3781 ce 0.4340 reward 0.172 lr 2.07e-05 216.0 min, 0.51 s/step
  epoch 1/2 step 25700/45858 loss 0.8322 ce 0.3788 reward 0.266 lr 2.06e-05 216.5 min, 0.51 s/step
  epoch 1/2 step 25750/45858 loss 0.5011 ce 0.5537 reward 0.035 lr 2.06e-05 217.1 min, 0.51 s/step
  epoch 1/2 step 25800/45858 loss 0.2927 ce 0.3338 reward 0.331 lr 2.06e-05 217.5 min, 0.51 s/step
  epoch 1/2 step 25850/45858 loss 0.3548 ce 0.5578 reward 0.052 lr 2.06e-05 217.8 min, 0.51 s/step
  epoch 1/2 step 25900/45858 loss 0.2958 ce 0.5028 reward 0.138 lr 2.06e-05 218.3 min, 0.51 s/step
  epoch 1/2 step 25950/45858 loss 0.2961 ce 0.6147 reward -0.066 lr 2.06e-05 218.7 min, 0.51 s/step
  epoch 1/2 step 26000/45858 loss 0.3167 ce 0.4003 reward 0.275 lr 2.05e-05 219.3 min, 0.51 s/step
  epoch 1/2 step 26050/45858 loss 0.6708 ce 1.8838 reward -1.483 lr 2.05e-05 219.7 min, 0.51 s/step
  epoch 1/2 step 26100/45858 loss 0.6588 ce 0.9588 reward -0.437 lr 2.05e-05 220.2 min, 0.51 s/step
  epoch 1/2 step 26150/45858 loss -0.0188 ce 0.5815 reward 0.021 lr 2.05e-05 220.7 min, 0.51 s/step
  epoch 1/2 step 26200/45858 loss 0.3316 ce 0.3665 reward 0.326 lr 2.05e-05 221.1 min, 0.51 s/step
  epoch 1/2 step 26250/45858 loss 0.3779 ce 0.6783 reward -0.143 lr 2.05e-05 221.6 min, 0.51 s/step
  epoch 1/2 step 26300/45858 loss 0.2198 ce 0.3565 reward 0.287 lr 2.05e-05 221.9 min, 0.51 s/step
  epoch 1/2 step 26350/45858 loss 0.2567 ce 0.5588 reward 0.011 lr 2.04e-05 222.3 min, 0.51 s/step
  epoch 1/2 step 26400/45858 loss -0.0074 ce 0.5127 reward 0.008 lr 2.04e-05 222.7 min, 0.51 s/step
  epoch 1/2 step 26450/45858 loss 0.8687 ce 0.5690 reward 0.043 lr 2.04e-05 223.2 min, 0.51 s/step
  epoch 1/2 step 26500/45858 loss -0.6352 ce 0.7312 reward -0.079 lr 2.04e-05 223.6 min, 0.51 s/step
  epoch 1/2 step 26550/45858 loss 0.4814 ce 0.5865 reward -0.074 lr 2.04e-05 224.1 min, 0.51 s/step
  epoch 1/2 step 26600/45858 loss 0.4942 ce 0.7027 reward -0.153 lr 2.04e-05 224.5 min, 0.51 s/step
  epoch 1/2 step 26650/45858 loss -0.6288 ce 0.8067 reward -0.230 lr 2.03e-05 224.9 min, 0.51 s/step
  epoch 1/2 step 26700/45858 loss 0.1873 ce 0.4422 reward 0.175 lr 2.03e-05 225.3 min, 0.51 s/step
  epoch 1/2 step 26750/45858 loss 0.5634 ce 0.4720 reward 0.198 lr 2.03e-05 225.6 min, 0.51 s/step
  epoch 1/2 step 26800/45858 loss 0.1444 ce 0.4633 reward 0.156 lr 2.03e-05 226.0 min, 0.51 s/step
  epoch 1/2 step 26850/45858 loss 0.0463 ce 0.4272 reward 0.244 lr 2.03e-05 226.5 min, 0.51 s/step
  epoch 1/2 step 26900/45858 loss -0.2652 ce 0.6838 reward -0.019 lr 2.03e-05 227.0 min, 0.51 s/step
  epoch 1/2 step 26950/45858 loss 0.6633 ce 0.7675 reward -0.297 lr 2.02e-05 227.5 min, 0.51 s/step
  epoch 1/2 step 27000/45858 loss -0.0204 ce 0.3658 reward 0.290 lr 2.02e-05 227.9 min, 0.51 s/step
  epoch 1/2 step 27050/45858 loss 0.1110 ce 0.3987 reward 0.213 lr 2.02e-05 228.4 min, 0.51 s/step
  epoch 1/2 step 27100/45858 loss 0.3998 ce 0.8573 reward -0.280 lr 2.02e-05 228.8 min, 0.51 s/step
  epoch 1/2 step 27150/45858 loss 0.0564 ce 0.3079 reward 0.363 lr 2.02e-05 229.2 min, 0.51 s/step
  epoch 1/2 step 27200/45858 loss -0.4731 ce 0.6335 reward 0.033 lr 2.02e-05 229.7 min, 0.51 s/step
  epoch 1/2 step 27250/45858 loss 0.1003 ce 0.3626 reward 0.316 lr 2.01e-05 230.0 min, 0.51 s/step
  epoch 1/2 step 27300/45858 loss 0.4477 ce 0.6499 reward -0.100 lr 2.01e-05 230.5 min, 0.51 s/step
  epoch 1/2 step 27350/45858 loss -1.5478 ce 0.6527 reward 0.014 lr 2.01e-05 230.9 min, 0.51 s/step
  epoch 1/2 step 27400/45858 loss -0.0067 ce 0.3599 reward 0.310 lr 2.01e-05 231.4 min, 0.51 s/step
  epoch 1/2 step 27450/45858 loss -0.0097 ce 0.5890 reward 0.025 lr 2.01e-05 231.8 min, 0.51 s/step
  epoch 1/2 step 27500/45858 loss -0.1748 ce 0.3461 reward 0.340 lr 2.01e-05 232.3 min, 0.51 s/step
  epoch 1/2 step 27550/45858 loss 0.3808 ce 0.4036 reward 0.249 lr 2.00e-05 232.6 min, 0.51 s/step
  epoch 1/2 step 27600/45858 loss 0.2384 ce 0.4964 reward 0.106 lr 2.00e-05 233.0 min, 0.51 s/step
  epoch 1/2 step 27650/45858 loss 0.2205 ce 0.4161 reward 0.208 lr 2.00e-05 233.5 min, 0.51 s/step
  epoch 1/2 step 27700/45858 loss 0.5552 ce 0.8604 reward -0.435 lr 2.00e-05 233.8 min, 0.51 s/step
  epoch 1/2 step 27750/45858 loss 0.6034 ce 0.5623 reward 0.044 lr 2.00e-05 234.1 min, 0.51 s/step
  epoch 1/2 step 27800/45858 loss 0.2361 ce 0.6174 reward -0.074 lr 2.00e-05 234.5 min, 0.51 s/step
  epoch 1/2 step 27850/45858 loss 1.0167 ce 0.9534 reward -0.374 lr 1.99e-05 234.9 min, 0.51 s/step
  epoch 1/2 step 27900/45858 loss -0.0849 ce 0.4487 reward 0.127 lr 1.99e-05 235.3 min, 0.51 s/step
  epoch 1/2 step 27950/45858 loss 0.3383 ce 0.6509 reward -0.096 lr 1.99e-05 235.7 min, 0.51 s/step
  epoch 1/2 step 28000/45858 loss 0.1495 ce 0.6404 reward 0.020 lr 1.99e-05 236.1 min, 0.51 s/step
  epoch 1/2 step 28050/45858 loss -0.2410 ce 0.3788 reward 0.301 lr 1.99e-05 236.5 min, 0.51 s/step
  epoch 1/2 step 28100/45858 loss 0.0946 ce 0.3929 reward 0.228 lr 1.99e-05 236.9 min, 0.51 s/step
  epoch 1/2 step 28150/45858 loss -0.1143 ce 0.4119 reward 0.251 lr 1.98e-05 237.3 min, 0.51 s/step
  epoch 1/2 step 28200/45858 loss 1.7489 ce 1.8154 reward -1.399 lr 1.98e-05 237.8 min, 0.51 s/step
  epoch 1/2 step 28250/45858 loss 0.1141 ce 0.3944 reward 0.252 lr 1.98e-05 238.3 min, 0.51 s/step
  epoch 1/2 step 28300/45858 loss 0.0039 ce 0.6374 reward -0.093 lr 1.98e-05 238.6 min, 0.51 s/step
  epoch 1/2 step 28350/45858 loss -0.3443 ce 0.4101 reward 0.196 lr 1.98e-05 239.1 min, 0.51 s/step
  epoch 1/2 step 28400/45858 loss 0.7635 ce 0.6618 reward -0.070 lr 1.98e-05 239.5 min, 0.51 s/step
  epoch 1/2 step 28450/45858 loss 0.8376 ce 0.6579 reward 0.002 lr 1.97e-05 239.9 min, 0.51 s/step
  epoch 1/2 step 28500/45858 loss 1.0753 ce 0.6556 reward -0.089 lr 1.97e-05 240.3 min, 0.51 s/step
  epoch 1/2 step 28550/45858 loss 0.1490 ce 0.4982 reward 0.107 lr 1.97e-05 240.7 min, 0.51 s/step
  epoch 1/2 step 28600/45858 loss 0.3350 ce 0.4104 reward 0.226 lr 1.97e-05 241.1 min, 0.51 s/step
  epoch 1/2 step 28650/45858 loss 0.5104 ce 0.4963 reward 0.155 lr 1.97e-05 241.5 min, 0.51 s/step
  epoch 1/2 step 28700/45858 loss 0.6819 ce 0.7310 reward -0.180 lr 1.97e-05 242.0 min, 0.51 s/step
  epoch 1/2 step 28750/45858 loss 1.8949 ce 1.2608 reward -0.694 lr 1.96e-05 242.5 min, 0.51 s/step
  epoch 1/2 step 28800/45858 loss 2.5163 ce 1.4781 reward -0.950 lr 1.96e-05 242.9 min, 0.51 s/step
  epoch 1/2 step 28850/45858 loss 0.0444 ce 0.6889 reward -0.032 lr 1.96e-05 243.3 min, 0.51 s/step
  epoch 1/2 step 28900/45858 loss 0.8721 ce 0.9270 reward -0.353 lr 1.96e-05 243.6 min, 0.51 s/step
  epoch 1/2 step 28950/45858 loss 0.7067 ce 0.4303 reward 0.239 lr 1.96e-05 244.0 min, 0.51 s/step
  epoch 1/2 step 29000/45858 loss 0.0621 ce 0.4627 reward 0.178 lr 1.96e-05 244.4 min, 0.51 s/step
  epoch 1/2 step 29050/45858 loss 0.4582 ce 0.6223 reward -0.096 lr 1.95e-05 244.8 min, 0.51 s/step
  epoch 1/2 step 29100/45858 loss 0.7370 ce 0.4097 reward 0.252 lr 1.95e-05 245.2 min, 0.51 s/step
  epoch 1/2 step 29150/45858 loss 0.6011 ce 0.6735 reward -0.122 lr 1.95e-05 245.6 min, 0.51 s/step
  epoch 1/2 step 29200/45858 loss 0.2754 ce 0.4277 reward 0.180 lr 1.95e-05 246.0 min, 0.51 s/step
  epoch 1/2 step 29250/45858 loss -0.5226 ce 0.6083 reward 0.059 lr 1.95e-05 246.4 min, 0.51 s/step
  epoch 1/2 step 29300/45858 loss 2.3611 ce 1.1332 reward -0.562 lr 1.94e-05 246.8 min, 0.51 s/step
  epoch 1/2 step 29350/45858 loss -0.1785 ce 0.3807 reward 0.292 lr 1.94e-05 247.2 min, 0.51 s/step
  epoch 1/2 step 29400/45858 loss 0.3189 ce 0.4609 reward 0.134 lr 1.94e-05 247.6 min, 0.51 s/step
  epoch 1/2 step 29450/45858 loss 2.3370 ce 1.9872 reward -1.574 lr 1.94e-05 248.1 min, 0.51 s/step
  epoch 1/2 step 29500/45858 loss 1.1934 ce 0.7313 reward -0.186 lr 1.94e-05 248.5 min, 0.51 s/step
  epoch 1/2 step 29550/45858 loss -0.0570 ce 0.3765 reward 0.304 lr 1.94e-05 249.0 min, 0.51 s/step
  epoch 1/2 step 29600/45858 loss -0.0912 ce 0.2763 reward 0.375 lr 1.93e-05 249.5 min, 0.51 s/step
  epoch 1/2 step 29650/45858 loss 0.1318 ce 0.4179 reward 0.188 lr 1.93e-05 249.9 min, 0.51 s/step
  epoch 1/2 step 29700/45858 loss -0.3077 ce 0.3021 reward 0.383 lr 1.93e-05 250.3 min, 0.51 s/step
  epoch 1/2 step 29750/45858 loss 0.5843 ce 0.6554 reward -0.053 lr 1.93e-05 250.6 min, 0.51 s/step
  epoch 1/2 step 29800/45858 loss 0.5147 ce 0.8707 reward -0.447 lr 1.93e-05 251.0 min, 0.51 s/step
  epoch 1/2 step 29850/45858 loss -0.0284 ce 0.6655 reward -0.226 lr 1.93e-05 251.3 min, 0.51 s/step
  epoch 1/2 step 29900/45858 loss 0.1232 ce 0.4982 reward 0.079 lr 1.92e-05 251.8 min, 0.51 s/step
  epoch 1/2 step 29950/45858 loss 0.5194 ce 0.6420 reward -0.095 lr 1.92e-05 252.2 min, 0.51 s/step
  epoch 1/2 step 30000/45858 loss 0.9428 ce 0.7677 reward -0.198 lr 1.92e-05 252.6 min, 0.51 s/step
  epoch 1/2 step 30050/45858 loss 0.7757 ce 0.8535 reward -0.331 lr 1.92e-05 253.1 min, 0.51 s/step
  epoch 1/2 step 30100/45858 loss 0.3594 ce 0.4731 reward 0.186 lr 1.92e-05 253.6 min, 0.51 s/step
  epoch 1/2 step 30150/45858 loss -0.7473 ce 0.6068 reward 0.057 lr 1.91e-05 254.0 min, 0.51 s/step
  epoch 1/2 step 30200/45858 loss 0.3578 ce 0.5443 reward 0.036 lr 1.91e-05 254.5 min, 0.51 s/step
  epoch 1/2 step 30250/45858 loss 0.1407 ce 0.5197 reward 0.033 lr 1.91e-05 254.8 min, 0.51 s/step
  epoch 1/2 step 30300/45858 loss 0.8451 ce 0.6970 reward -0.100 lr 1.91e-05 255.3 min, 0.51 s/step
  epoch 1/2 step 30350/45858 loss -0.5178 ce 0.6073 reward 0.060 lr 1.91e-05 255.7 min, 0.51 s/step
  epoch 1/2 step 30400/45858 loss 0.5185 ce 0.4963 reward 0.105 lr 1.91e-05 256.2 min, 0.51 s/step
  epoch 1/2 step 30450/45858 loss 1.2843 ce 0.7057 reward -0.053 lr 1.90e-05 256.6 min, 0.51 s/step
  epoch 1/2 step 30500/45858 loss 0.2105 ce 0.4154 reward 0.287 lr 1.90e-05 257.1 min, 0.51 s/step
  epoch 1/2 step 30550/45858 loss 1.2645 ce 0.8777 reward -0.294 lr 1.90e-05 257.5 min, 0.51 s/step
  epoch 1/2 step 30600/45858 loss 0.3443 ce 0.4308 reward 0.214 lr 1.90e-05 257.9 min, 0.51 s/step
  epoch 1/2 step 30650/45858 loss 1.9295 ce 0.9656 reward -0.346 lr 1.90e-05 258.4 min, 0.51 s/step
  epoch 1/2 step 30700/45858 loss 0.3065 ce 0.5175 reward 0.101 lr 1.90e-05 258.9 min, 0.51 s/step
  epoch 1/2 step 30750/45858 loss 2.4609 ce 1.3003 reward -0.720 lr 1.89e-05 259.4 min, 0.51 s/step
  epoch 1/2 step 30800/45858 loss -0.1627 ce 0.4539 reward 0.168 lr 1.89e-05 259.9 min, 0.51 s/step
  epoch 1/2 step 30850/45858 loss 0.1573 ce 0.4145 reward 0.207 lr 1.89e-05 260.3 min, 0.51 s/step
  epoch 1/2 step 30900/45858 loss 0.0698 ce 0.3874 reward 0.260 lr 1.89e-05 260.7 min, 0.51 s/step
  epoch 1/2 step 30950/45858 loss 0.6591 ce 0.8821 reward -0.415 lr 1.89e-05 261.1 min, 0.51 s/step
  epoch 1/2 step 31000/45858 loss -0.1692 ce 0.5364 reward 0.085 lr 1.88e-05 261.5 min, 0.51 s/step
  epoch 1/2 step 31050/45858 loss 0.2321 ce 0.4871 reward 0.119 lr 1.88e-05 262.0 min, 0.51 s/step
  epoch 1/2 step 31100/45858 loss 0.3859 ce 0.4653 reward 0.162 lr 1.88e-05 262.5 min, 0.51 s/step
  epoch 1/2 step 31150/45858 loss 0.3830 ce 0.6993 reward -0.144 lr 1.88e-05 262.8 min, 0.51 s/step
  epoch 1/2 step 31200/45858 loss 0.2300 ce 0.6932 reward -0.033 lr 1.88e-05 263.3 min, 0.51 s/step
  epoch 1/2 step 31250/45858 loss 0.8251 ce 0.6917 reward -0.059 lr 1.88e-05 263.7 min, 0.51 s/step
  epoch 1/2 step 31300/45858 loss -0.2465 ce 0.4370 reward 0.206 lr 1.87e-05 264.1 min, 0.51 s/step
  epoch 1/2 step 31350/45858 loss 0.0615 ce 0.3716 reward 0.270 lr 1.87e-05 264.6 min, 0.51 s/step
  epoch 1/2 step 31400/45858 loss -0.0836 ce 0.4178 reward 0.205 lr 1.87e-05 265.1 min, 0.51 s/step
  epoch 1/2 step 31450/45858 loss -0.3862 ce 0.6083 reward 0.057 lr 1.87e-05 265.6 min, 0.51 s/step
  epoch 1/2 step 31500/45858 loss 0.5527 ce 0.7092 reward -0.173 lr 1.87e-05 266.0 min, 0.51 s/step
  epoch 1/2 step 31550/45858 loss -0.2524 ce 0.3492 reward 0.325 lr 1.86e-05 266.4 min, 0.51 s/step
  epoch 1/2 step 31600/45858 loss -0.0669 ce 0.3917 reward 0.257 lr 1.86e-05 266.8 min, 0.51 s/step
  epoch 1/2 step 31650/45858 loss 0.4700 ce 0.5357 reward 0.044 lr 1.86e-05 267.2 min, 0.51 s/step
  epoch 1/2 step 31700/45858 loss -0.3340 ce 0.3538 reward 0.330 lr 1.86e-05 267.6 min, 0.51 s/step
  epoch 1/2 step 31750/45858 loss 1.1766 ce 0.7207 reward -0.139 lr 1.86e-05 268.1 min, 0.51 s/step
  epoch 1/2 step 31800/45858 loss 0.3065 ce 0.5827 reward -0.004 lr 1.86e-05 268.5 min, 0.51 s/step
  epoch 1/2 step 31850/45858 loss 0.5405 ce 0.8509 reward -0.451 lr 1.85e-05 268.9 min, 0.51 s/step
  epoch 1/2 step 31900/45858 loss 0.2208 ce 0.3656 reward 0.281 lr 1.85e-05 269.3 min, 0.51 s/step
  epoch 1/2 step 31950/45858 loss 0.4889 ce 0.6698 reward -0.128 lr 1.85e-05 269.7 min, 0.51 s/step
  epoch 1/2 step 32000/45858 loss 0.4709 ce 0.4606 reward 0.196 lr 1.85e-05 270.1 min, 0.51 s/step
  epoch 1/2 step 32050/45858 loss 0.7301 ce 0.8373 reward -0.231 lr 1.85e-05 270.6 min, 0.51 s/step
  epoch 1/2 step 32100/45858 loss 0.2114 ce 0.5099 reward 0.094 lr 1.84e-05 271.1 min, 0.51 s/step
  epoch 1/2 step 32150/45858 loss 1.8992 ce 0.7980 reward -0.221 lr 1.84e-05 271.5 min, 0.51 s/step
  epoch 1/2 step 32200/45858 loss 0.4267 ce 1.1809 reward -0.786 lr 1.84e-05 271.8 min, 0.51 s/step
  epoch 1/2 step 32250/45858 loss 0.6558 ce 0.6962 reward -0.196 lr 1.84e-05 272.2 min, 0.51 s/step
  epoch 1/2 step 32300/45858 loss -0.2832 ce 0.3107 reward 0.343 lr 1.84e-05 272.7 min, 0.51 s/step
  epoch 1/2 step 32350/45858 loss 0.2218 ce 0.7171 reward -0.171 lr 1.84e-05 273.2 min, 0.51 s/step
  epoch 1/2 step 32400/45858 loss 0.5320 ce 0.5529 reward 0.045 lr 1.83e-05 273.7 min, 0.51 s/step
  epoch 1/2 step 32450/45858 loss 0.8206 ce 0.6795 reward -0.014 lr 1.83e-05 274.1 min, 0.51 s/step
  epoch 1/2 step 32500/45858 loss 0.2585 ce 0.4969 reward 0.096 lr 1.83e-05 274.6 min, 0.51 s/step
  epoch 1/2 step 32550/45858 loss -0.6169 ce 0.6312 reward 0.035 lr 1.83e-05 274.9 min, 0.51 s/step
  epoch 1/2 step 32600/45858 loss -0.2797 ce 0.6825 reward -0.025 lr 1.83e-05 275.4 min, 0.51 s/step
  epoch 1/2 step 32650/45858 loss 0.1439 ce 0.4047 reward 0.214 lr 1.82e-05 275.8 min, 0.51 s/step
  epoch 1/2 step 32700/45858 loss -0.1039 ce 0.5591 reward 0.024 lr 1.82e-05 276.4 min, 0.51 s/step
  epoch 1/2 step 32750/45858 loss -0.4963 ce 0.3920 reward 0.287 lr 1.82e-05 276.7 min, 0.51 s/step
  epoch 1/2 step 32800/45858 loss 0.2175 ce 0.6244 reward -0.107 lr 1.82e-05 277.1 min, 0.51 s/step
  epoch 1/2 step 32850/45858 loss -0.3259 ce 0.6868 reward -0.024 lr 1.82e-05 277.5 min, 0.51 s/step
  epoch 1/2 step 32900/45858 loss 0.3340 ce 0.3968 reward 0.229 lr 1.82e-05 278.0 min, 0.51 s/step
  epoch 1/2 step 32950/45858 loss 0.2213 ce 0.4675 reward 0.120 lr 1.81e-05 278.4 min, 0.51 s/step
  epoch 1/2 step 33000/45858 loss 0.1760 ce 0.6801 reward -0.025 lr 1.81e-05 278.9 min, 0.51 s/step
  epoch 1/2 step 33050/45858 loss 0.3285 ce 0.3695 reward 0.315 lr 1.81e-05 279.3 min, 0.51 s/step
  epoch 1/2 step 33100/45858 loss 1.5259 ce 1.5310 reward -1.117 lr 1.81e-05 279.7 min, 0.51 s/step
  epoch 1/2 step 33150/45858 loss 0.0909 ce 0.6077 reward 0.059 lr 1.81e-05 280.2 min, 0.51 s/step
  epoch 1/2 step 33200/45858 loss 0.8007 ce 0.6952 reward -0.046 lr 1.80e-05 280.5 min, 0.51 s/step
  epoch 1/2 step 33250/45858 loss 0.1282 ce 0.7574 reward -0.253 lr 1.80e-05 281.0 min, 0.51 s/step
  epoch 1/2 step 33300/45858 loss 1.1618 ce 0.9507 reward -0.344 lr 1.80e-05 281.4 min, 0.51 s/step
  epoch 1/2 step 33350/45858 loss -0.1141 ce 0.4847 reward 0.119 lr 1.80e-05 281.8 min, 0.51 s/step
  epoch 1/2 step 33400/45858 loss 0.3242 ce 0.5708 reward -0.013 lr 1.80e-05 282.3 min, 0.51 s/step
  epoch 1/2 step 33450/45858 loss 1.0232 ce 1.2341 reward -0.752 lr 1.79e-05 282.6 min, 0.51 s/step
  epoch 1/2 step 33500/45858 loss 0.3314 ce 0.5401 reward 0.048 lr 1.79e-05 283.0 min, 0.51 s/step
  epoch 1/2 step 33550/45858 loss 0.5095 ce 0.5510 reward 0.037 lr 1.79e-05 283.6 min, 0.51 s/step
  epoch 1/2 step 33600/45858 loss 0.3542 ce 0.4286 reward 0.238 lr 1.79e-05 284.0 min, 0.51 s/step
  epoch 1/2 step 33650/45858 loss 0.4591 ce 0.5933 reward 0.014 lr 1.79e-05 284.3 min, 0.51 s/step
  epoch 1/2 step 33700/45858 loss 0.2576 ce 0.6090 reward 0.056 lr 1.79e-05 284.8 min, 0.51 s/step
  epoch 1/2 step 33750/45858 loss 0.5309 ce 0.5421 reward 0.054 lr 1.78e-05 285.3 min, 0.51 s/step
  epoch 1/2 step 33800/45858 loss -0.2864 ce 0.5256 reward 0.041 lr 1.78e-05 285.6 min, 0.51 s/step
  epoch 1/2 step 33850/45858 loss 0.3477 ce 0.6790 reward -0.114 lr 1.78e-05 286.0 min, 0.51 s/step
  epoch 1/2 step 33900/45858 loss 0.8052 ce 0.6163 reward -0.010 lr 1.78e-05 286.4 min, 0.51 s/step
  epoch 1/2 step 33950/45858 loss 0.3384 ce 0.5866 reward 0.008 lr 1.78e-05 286.8 min, 0.51 s/step
  epoch 1/2 step 34000/45858 loss -0.1786 ce 0.4228 reward 0.235 lr 1.77e-05 287.2 min, 0.51 s/step
  epoch 1/2 step 34050/45858 loss 1.0165 ce 0.6348 reward -0.002 lr 1.77e-05 287.6 min, 0.51 s/step
  epoch 1/2 step 34100/45858 loss -0.2799 ce 0.3110 reward 0.375 lr 1.77e-05 287.9 min, 0.51 s/step
  epoch 1/2 step 34150/45858 loss 0.3583 ce 0.5000 reward 0.074 lr 1.77e-05 288.3 min, 0.51 s/step
  epoch 1/2 step 34200/45858 loss 0.0875 ce 0.4766 reward 0.165 lr 1.77e-05 288.8 min, 0.51 s/step
  epoch 1/2 step 34250/45858 loss 0.3646 ce 0.7760 reward -0.133 lr 1.76e-05 289.2 min, 0.51 s/step
  epoch 1/2 step 34300/45858 loss -0.3246 ce 0.6069 reward 0.056 lr 1.76e-05 289.6 min, 0.51 s/step
  epoch 1/2 step 34350/45858 loss -0.0826 ce 0.6460 reward 0.016 lr 1.76e-05 289.9 min, 0.51 s/step
  epoch 1/2 step 34400/45858 loss 1.2467 ce 1.4138 reward -1.102 lr 1.76e-05 290.4 min, 0.51 s/step
  epoch 1/2 step 34450/45858 loss -0.1376 ce 0.4220 reward 0.177 lr 1.76e-05 290.7 min, 0.51 s/step
  epoch 1/2 step 34500/45858 loss 0.1348 ce 0.5157 reward 0.033 lr 1.76e-05 291.2 min, 0.51 s/step
  epoch 1/2 step 34550/45858 loss 0.2807 ce 0.3677 reward 0.277 lr 1.75e-05 291.6 min, 0.51 s/step
  epoch 1/2 step 34600/45858 loss 0.3062 ce 0.3908 reward 0.257 lr 1.75e-05 292.0 min, 0.51 s/step
  epoch 1/2 step 34650/45858 loss 0.0370 ce 0.5627 reward 0.008 lr 1.75e-05 292.3 min, 0.51 s/step
  epoch 1/2 step 34700/45858 loss 0.5033 ce 0.5259 reward 0.067 lr 1.75e-05 292.7 min, 0.51 s/step
  epoch 1/2 step 34750/45858 loss -0.1392 ce 0.4595 reward 0.158 lr 1.75e-05 293.2 min, 0.51 s/step
  epoch 1/2 step 34800/45858 loss 0.5067 ce 0.6467 reward -0.128 lr 1.74e-05 293.7 min, 0.51 s/step
  epoch 1/2 step 34850/45858 loss 0.0967 ce 0.4945 reward 0.083 lr 1.74e-05 294.1 min, 0.51 s/step
  epoch 1/2 step 34900/45858 loss 0.0499 ce 0.5429 reward 0.018 lr 1.74e-05 294.5 min, 0.51 s/step
  epoch 1/2 step 34950/45858 loss -0.4323 ce 0.2762 reward 0.438 lr 1.74e-05 295.0 min, 0.51 s/step
  epoch 1/2 step 35000/45858 loss -0.4127 ce 0.4760 reward 0.148 lr 1.74e-05 295.5 min, 0.51 s/step
  epoch 1/2 step 35050/45858 loss 0.6852 ce 0.9524 reward -0.401 lr 1.73e-05 296.0 min, 0.51 s/step
  epoch 1/2 step 35100/45858 loss 0.2704 ce 0.3271 reward 0.360 lr 1.73e-05 296.3 min, 0.51 s/step
  epoch 1/2 step 35150/45858 loss 0.4631 ce 0.3660 reward 0.299 lr 1.73e-05 296.6 min, 0.51 s/step
  epoch 1/2 step 35200/45858 loss 0.4315 ce 0.7484 reward -0.158 lr 1.73e-05 296.9 min, 0.51 s/step
  epoch 1/2 step 35250/45858 loss 0.4595 ce 0.3003 reward 0.370 lr 1.73e-05 297.4 min, 0.51 s/step
  epoch 1/2 step 35300/45858 loss 0.0995 ce 0.6492 reward -0.139 lr 1.72e-05 297.8 min, 0.51 s/step
  epoch 1/2 step 35350/45858 loss 0.4001 ce 0.4282 reward 0.203 lr 1.72e-05 298.2 min, 0.51 s/step
  epoch 1/2 step 35400/45858 loss 1.0954 ce 0.8558 reward -0.276 lr 1.72e-05 298.7 min, 0.51 s/step
  epoch 1/2 step 35450/45858 loss -0.4642 ce 0.6105 reward 0.056 lr 1.72e-05 299.1 min, 0.51 s/step
  epoch 1/2 step 35500/45858 loss 0.3394 ce 0.5777 reward 0.073 lr 1.72e-05 299.6 min, 0.51 s/step
  epoch 1/2 step 35550/45858 loss -0.5499 ce 0.3430 reward 0.345 lr 1.71e-05 299.9 min, 0.51 s/step
  epoch 1/2 step 35600/45858 loss 1.7434 ce 0.9834 reward -0.423 lr 1.71e-05 300.3 min, 0.51 s/step
  epoch 1/2 step 35650/45858 loss 0.8421 ce 0.7242 reward -0.135 lr 1.71e-05 300.6 min, 0.51 s/step
  epoch 1/2 step 35700/45858 loss -0.2410 ce 0.6860 reward -0.027 lr 1.71e-05 301.0 min, 0.51 s/step
  epoch 1/2 step 35750/45858 loss 1.7468 ce 0.9662 reward -0.403 lr 1.71e-05 301.4 min, 0.51 s/step
  epoch 1/2 step 35800/45858 loss -0.7626 ce 0.6852 reward -0.038 lr 1.71e-05 301.8 min, 0.51 s/step
  epoch 1/2 step 35850/45858 loss -0.0624 ce 0.6885 reward -0.026 lr 1.70e-05 302.2 min, 0.51 s/step
  epoch 1/2 step 35900/45858 loss 1.1058 ce 0.7913 reward -0.154 lr 1.70e-05 302.6 min, 0.51 s/step
  epoch 1/2 step 35950/45858 loss 0.7642 ce 0.7366 reward -0.156 lr 1.70e-05 303.0 min, 0.51 s/step
  epoch 1/2 step 36000/45858 loss 0.0817 ce 0.2744 reward 0.406 lr 1.70e-05 303.5 min, 0.51 s/step
  epoch 1/2 step 36050/45858 loss -0.1057 ce 0.5484 reward 0.079 lr 1.70e-05 303.9 min, 0.51 s/step
  epoch 1/2 step 36100/45858 loss 0.2773 ce 0.4600 reward 0.186 lr 1.69e-05 304.4 min, 0.51 s/step
  epoch 1/2 step 36150/45858 loss -0.1442 ce 0.5653 reward 0.094 lr 1.69e-05 304.8 min, 0.51 s/step
  epoch 1/2 step 36200/45858 loss -0.4053 ce 0.4625 reward 0.177 lr 1.69e-05 305.1 min, 0.51 s/step
  epoch 1/2 step 36250/45858 loss -0.9313 ce 0.6090 reward 0.058 lr 1.69e-05 305.6 min, 0.51 s/step
  epoch 1/2 step 36300/45858 loss -0.1636 ce 0.6083 reward 0.056 lr 1.69e-05 306.0 min, 0.51 s/step
  epoch 1/2 step 36350/45858 loss -0.0750 ce 0.5230 reward 0.034 lr 1.68e-05 306.4 min, 0.51 s/step
  epoch 1/2 step 36400/45858 loss 1.7895 ce 1.2461 reward -0.733 lr 1.68e-05 306.8 min, 0.51 s/step
  epoch 1/2 step 36450/45858 loss 0.8034 ce 0.8535 reward -0.265 lr 1.68e-05 307.2 min, 0.51 s/step
  epoch 1/2 step 36500/45858 loss 0.7568 ce 0.5581 reward 0.049 lr 1.68e-05 307.7 min, 0.51 s/step
  epoch 1/2 step 36550/45858 loss -0.4765 ce 0.6085 reward 0.056 lr 1.68e-05 308.1 min, 0.51 s/step
  epoch 1/2 step 36600/45858 loss 0.3493 ce 0.4609 reward 0.146 lr 1.67e-05 308.5 min, 0.51 s/step
  epoch 1/2 step 36650/45858 loss 0.2585 ce 0.4595 reward 0.150 lr 1.67e-05 308.9 min, 0.51 s/step
  epoch 1/2 step 36700/45858 loss 0.3290 ce 0.4833 reward 0.130 lr 1.67e-05 309.3 min, 0.51 s/step
  epoch 1/2 step 36750/45858 loss 0.8398 ce 1.1201 reward -0.718 lr 1.67e-05 309.7 min, 0.51 s/step
  epoch 1/2 step 36800/45858 loss 1.3082 ce 1.1287 reward -0.629 lr 1.67e-05 310.0 min, 0.51 s/step
  epoch 1/2 step 36850/45858 loss -0.1865 ce 0.6885 reward -0.023 lr 1.66e-05 310.4 min, 0.51 s/step
  epoch 1/2 step 36900/45858 loss 0.7153 ce 1.3086 reward -0.744 lr 1.66e-05 310.8 min, 0.51 s/step
  epoch 1/2 step 36950/45858 loss 0.4319 ce 0.8387 reward -0.384 lr 1.66e-05 311.3 min, 0.51 s/step
  epoch 1/2 step 37000/45858 loss 0.2668 ce 0.4968 reward 0.099 lr 1.66e-05 311.8 min, 0.51 s/step
  epoch 1/2 step 37050/45858 loss -0.2740 ce 0.5866 reward -0.076 lr 1.66e-05 312.3 min, 0.51 s/step
  epoch 1/2 step 37100/45858 loss 0.2187 ce 0.4423 reward 0.166 lr 1.65e-05 312.7 min, 0.51 s/step
  epoch 1/2 step 37150/45858 loss -0.2027 ce 0.3914 reward 0.287 lr 1.65e-05 313.1 min, 0.51 s/step
  epoch 1/2 step 37200/45858 loss 0.5954 ce 0.6696 reward -0.040 lr 1.65e-05 313.5 min, 0.51 s/step
  epoch 1/2 step 37250/45858 loss 0.8068 ce 0.6154 reward -0.014 lr 1.65e-05 313.9 min, 0.51 s/step
  epoch 1/2 step 37300/45858 loss 0.9460 ce 0.9303 reward -0.458 lr 1.65e-05 314.3 min, 0.51 s/step
  epoch 1/2 step 37350/45858 loss -0.0202 ce 0.3949 reward 0.272 lr 1.64e-05 314.7 min, 0.51 s/step
  epoch 1/2 step 37400/45858 loss 0.0917 ce 0.3985 reward 0.234 lr 1.64e-05 315.2 min, 0.51 s/step
  epoch 1/2 step 37450/45858 loss 1.0366 ce 0.7617 reward -0.179 lr 1.64e-05 315.6 min, 0.51 s/step
  epoch 1/2 step 37500/45858 loss -0.0118 ce 0.4825 reward 0.081 lr 1.64e-05 316.0 min, 0.51 s/step
  epoch 1/2 step 37550/45858 loss 1.3023 ce 1.2966 reward -0.893 lr 1.64e-05 316.5 min, 0.51 s/step
  epoch 1/2 step 37600/45858 loss 0.8642 ce 1.2808 reward -0.668 lr 1.63e-05 316.9 min, 0.51 s/step
  epoch 1/2 step 37650/45858 loss 0.3313 ce 0.3886 reward 0.278 lr 1.63e-05 317.3 min, 0.51 s/step
  epoch 1/2 step 37700/45858 loss 0.2880 ce 0.3747 reward 0.271 lr 1.63e-05 317.7 min, 0.51 s/step
  epoch 1/2 step 37750/45858 loss -0.1010 ce 0.5444 reward 0.065 lr 1.63e-05 318.2 min, 0.51 s/step
  epoch 1/2 step 37800/45858 loss -0.1407 ce 0.3533 reward 0.334 lr 1.63e-05 318.6 min, 0.51 s/step
  epoch 1/2 step 37850/45858 loss 0.6433 ce 0.3396 reward 0.310 lr 1.63e-05 319.0 min, 0.51 s/step
  epoch 1/2 step 37900/45858 loss 0.9759 ce 0.6098 reward -0.006 lr 1.62e-05 319.4 min, 0.51 s/step
  epoch 1/2 step 37950/45858 loss 0.5000 ce 0.4927 reward 0.188 lr 1.62e-05 319.8 min, 0.51 s/step
  epoch 1/2 step 38000/45858 loss -0.1281 ce 0.6565 reward 0.002 lr 1.62e-05 320.3 min, 0.51 s/step
  epoch 1/2 step 38050/45858 loss -0.5494 ce 0.3270 reward 0.362 lr 1.62e-05 320.7 min, 0.51 s/step
  epoch 1/2 step 38100/45858 loss 0.2417 ce 0.4542 reward 0.147 lr 1.62e-05 321.2 min, 0.51 s/step
  epoch 1/2 step 38150/45858 loss 0.3661 ce 0.6761 reward -0.011 lr 1.61e-05 321.7 min, 0.51 s/step
  epoch 1/2 step 38200/45858 loss 0.1225 ce 0.2921 reward 0.370 lr 1.61e-05 322.1 min, 0.51 s/step
  epoch 1/2 step 38250/45858 loss 0.2999 ce 0.5539 reward 0.062 lr 1.61e-05 322.5 min, 0.51 s/step
  epoch 1/2 step 38300/45858 loss -1.5732 ce 0.6780 reward -0.019 lr 1.61e-05 322.9 min, 0.51 s/step
  epoch 1/2 step 38350/45858 loss 0.4595 ce 0.4829 reward 0.136 lr 1.61e-05 323.3 min, 0.51 s/step
  epoch 1/2 step 38400/45858 loss -0.1522 ce 0.6117 reward 0.055 lr 1.60e-05 323.6 min, 0.51 s/step
  epoch 1/2 step 38450/45858 loss 0.9639 ce 0.6539 reward -0.021 lr 1.60e-05 323.9 min, 0.51 s/step
  epoch 1/2 step 38500/45858 loss 2.0596 ce 1.0470 reward -0.374 lr 1.60e-05 324.4 min, 0.51 s/step
  epoch 1/2 step 38550/45858 loss -0.2692 ce 0.6890 reward -0.028 lr 1.60e-05 324.9 min, 0.51 s/step
  epoch 1/2 step 38600/45858 loss 0.5317 ce 0.5814 reward -0.064 lr 1.60e-05 325.3 min, 0.51 s/step
  epoch 1/2 step 38650/45858 loss 0.9171 ce 0.6160 reward -0.001 lr 1.59e-05 325.7 min, 0.51 s/step
  epoch 1/2 step 38700/45858 loss 0.5025 ce 0.8378 reward -0.335 lr 1.59e-05 326.0 min, 0.51 s/step
  epoch 1/2 step 38750/45858 loss 0.2540 ce 0.5597 reward 0.038 lr 1.59e-05 326.4 min, 0.51 s/step
  epoch 1/2 step 38800/45858 loss 0.1204 ce 0.5341 reward 0.042 lr 1.59e-05 326.7 min, 0.51 s/step
  epoch 1/2 step 38850/45858 loss 0.4304 ce 0.6020 reward -0.052 lr 1.59e-05 327.1 min, 0.51 s/step
  epoch 1/2 step 38900/45858 loss 0.5962 ce 0.6102 reward -0.024 lr 1.58e-05 327.5 min, 0.51 s/step
  epoch 1/2 step 38950/45858 loss 1.1670 ce 0.9314 reward -0.471 lr 1.58e-05 327.8 min, 0.50 s/step
  epoch 1/2 step 39000/45858 loss 0.6087 ce 0.4938 reward 0.127 lr 1.58e-05 328.3 min, 0.51 s/step
  epoch 1/2 step 39050/45858 loss 0.1813 ce 0.4309 reward 0.137 lr 1.58e-05 328.7 min, 0.51 s/step
  epoch 1/2 step 39100/45858 loss 0.2757 ce 0.4301 reward 0.193 lr 1.58e-05 329.1 min, 0.51 s/step
  epoch 1/2 step 39150/45858 loss 0.3037 ce 0.4872 reward 0.147 lr 1.57e-05 329.5 min, 0.51 s/step
  epoch 1/2 step 39200/45858 loss 0.1698 ce 0.3353 reward 0.323 lr 1.57e-05 329.9 min, 0.50 s/step
  epoch 1/2 step 39250/45858 loss 0.5034 ce 0.5877 reward 0.009 lr 1.57e-05 330.2 min, 0.50 s/step
  epoch 1/2 step 39300/45858 loss 1.3873 ce 0.7366 reward -0.094 lr 1.57e-05 330.6 min, 0.50 s/step
  epoch 1/2 step 39350/45858 loss 2.4727 ce 1.2896 reward -0.665 lr 1.57e-05 331.1 min, 0.50 s/step
  epoch 1/2 step 39400/45858 loss 0.6010 ce 0.7411 reward -0.214 lr 1.56e-05 331.5 min, 0.50 s/step
  epoch 1/2 step 39450/45858 loss -0.0485 ce 0.4556 reward 0.149 lr 1.56e-05 331.8 min, 0.50 s/step
  epoch 1/2 step 39500/45858 loss -0.0495 ce 0.4121 reward 0.209 lr 1.56e-05 332.1 min, 0.50 s/step
  epoch 1/2 step 39550/45858 loss 2.1015 ce 1.3966 reward -0.837 lr 1.56e-05 332.6 min, 0.50 s/step
  epoch 1/2 step 39600/45858 loss 0.3079 ce 0.4299 reward 0.216 lr 1.56e-05 333.0 min, 0.50 s/step
  epoch 1/2 step 39650/45858 loss 0.6430 ce 1.3319 reward -0.803 lr 1.55e-05 333.3 min, 0.50 s/step
  epoch 1/2 step 39700/45858 loss 0.2867 ce 0.7328 reward -0.146 lr 1.55e-05 333.7 min, 0.50 s/step
  epoch 1/2 step 39750/45858 loss 0.1421 ce 0.6932 reward -0.029 lr 1.55e-05 334.2 min, 0.50 s/step
  epoch 1/2 step 39800/45858 loss 0.4162 ce 0.5221 reward 0.052 lr 1.55e-05 334.6 min, 0.50 s/step
  epoch 1/2 step 39850/45858 loss 0.2600 ce 0.6026 reward -0.041 lr 1.55e-05 335.1 min, 0.50 s/step
  epoch 1/2 step 39900/45858 loss 0.1840 ce 0.2592 reward 0.426 lr 1.54e-05 335.6 min, 0.50 s/step
  epoch 1/2 step 39950/45858 loss -0.0956 ce 0.6176 reward -0.059 lr 1.54e-05 336.0 min, 0.50 s/step
  epoch 1/2 step 40000/45858 loss 0.3802 ce 0.4495 reward 0.157 lr 1.54e-05 336.3 min, 0.50 s/step
  epoch 1/2 step 40050/45858 loss -0.2256 ce 0.3524 reward 0.276 lr 1.54e-05 336.6 min, 0.50 s/step
  epoch 1/2 step 40100/45858 loss 0.5178 ce 0.7399 reward -0.289 lr 1.54e-05 337.1 min, 0.50 s/step
  epoch 1/2 step 40150/45858 loss 1.0289 ce 0.8311 reward -0.260 lr 1.53e-05 337.5 min, 0.50 s/step
  epoch 1/2 step 40200/45858 loss -1.7638 ce 0.6065 reward 0.061 lr 1.53e-05 337.9 min, 0.50 s/step
  epoch 1/2 step 40250/45858 loss -0.0721 ce 0.6834 reward -0.019 lr 1.53e-05 338.5 min, 0.50 s/step
  epoch 1/2 step 40300/45858 loss 0.1440 ce 0.3799 reward 0.300 lr 1.53e-05 338.9 min, 0.50 s/step
  epoch 1/2 step 40350/45858 loss 0.1503 ce 0.3434 reward 0.301 lr 1.53e-05 339.3 min, 0.50 s/step
  epoch 1/2 step 40400/45858 loss 0.1553 ce 0.2207 reward 0.478 lr 1.52e-05 339.8 min, 0.50 s/step
  epoch 1/2 step 40450/45858 loss -0.2417 ce 0.4501 reward 0.116 lr 1.52e-05 340.2 min, 0.50 s/step
  epoch 1/2 step 40500/45858 loss 0.7254 ce 0.5887 reward 0.080 lr 1.52e-05 340.7 min, 0.50 s/step
  epoch 1/2 step 40550/45858 loss 0.3053 ce 0.5967 reward -0.052 lr 1.52e-05 341.1 min, 0.50 s/step
  epoch 1/2 step 40600/45858 loss 0.5084 ce 0.5450 reward 0.038 lr 1.51e-05 341.5 min, 0.50 s/step
  epoch 1/2 step 40650/45858 loss -0.1230 ce 0.3692 reward 0.302 lr 1.51e-05 342.0 min, 0.50 s/step
  epoch 1/2 step 40700/45858 loss -0.0266 ce 0.5865 reward 0.013 lr 1.51e-05 342.4 min, 0.50 s/step
  epoch 1/2 step 40750/45858 loss 1.1025 ce 0.6867 reward -0.021 lr 1.51e-05 342.8 min, 0.50 s/step
  epoch 1/2 step 40800/45858 loss -0.0218 ce 0.3720 reward 0.290 lr 1.51e-05 343.2 min, 0.50 s/step
  epoch 1/2 step 40850/45858 loss 1.8401 ce 1.1290 reward -0.582 lr 1.50e-05 343.6 min, 0.50 s/step
  epoch 1/2 step 40900/45858 loss 0.0439 ce 0.6886 reward -0.032 lr 1.50e-05 344.0 min, 0.50 s/step
  epoch 1/2 step 40950/45858 loss 0.4024 ce 0.4249 reward 0.213 lr 1.50e-05 344.5 min, 0.50 s/step
  epoch 1/2 step 41000/45858 loss -0.1400 ce 0.4020 reward 0.150 lr 1.50e-05 344.9 min, 0.50 s/step
  epoch 1/2 step 41050/45858 loss 0.5229 ce 0.5530 reward 0.060 lr 1.50e-05 345.3 min, 0.50 s/step
  epoch 1/2 step 41100/45858 loss 0.3908 ce 0.5650 reward -0.065 lr 1.49e-05 345.9 min, 0.50 s/step
  epoch 1/2 step 41150/45858 loss 0.2712 ce 0.4320 reward 0.191 lr 1.49e-05 346.3 min, 0.50 s/step
  epoch 1/2 step 41200/45858 loss -0.0850 ce 0.3437 reward 0.303 lr 1.49e-05 346.7 min, 0.50 s/step
  epoch 1/2 step 41250/45858 loss 0.4039 ce 0.6852 reward -0.022 lr 1.49e-05 347.1 min, 0.50 s/step
  epoch 1/2 step 41300/45858 loss 0.8899 ce 1.0145 reward -0.530 lr 1.49e-05 347.6 min, 0.50 s/step
  epoch 1/2 step 41350/45858 loss 0.3213 ce 0.5401 reward 0.044 lr 1.48e-05 348.1 min, 0.51 s/step
  epoch 1/2 step 41400/45858 loss -0.3911 ce 0.3627 reward 0.316 lr 1.48e-05 348.5 min, 0.51 s/step
  epoch 1/2 step 41450/45858 loss 0.3539 ce 0.7406 reward -0.273 lr 1.48e-05 348.9 min, 0.51 s/step
  epoch 1/2 step 41500/45858 loss 0.1098 ce 0.3937 reward 0.249 lr 1.48e-05 349.3 min, 0.50 s/step
  epoch 1/2 step 41550/45858 loss -0.1150 ce 0.6876 reward -0.027 lr 1.48e-05 349.6 min, 0.50 s/step
  epoch 1/2 step 41600/45858 loss 0.3818 ce 0.4657 reward 0.172 lr 1.47e-05 350.1 min, 0.50 s/step
  epoch 1/2 step 41650/45858 loss 0.3089 ce 0.4872 reward 0.134 lr 1.47e-05 350.5 min, 0.50 s/step
  epoch 1/2 step 41700/45858 loss -0.6552 ce 0.6837 reward -0.030 lr 1.47e-05 350.8 min, 0.50 s/step
  epoch 1/2 step 41750/45858 loss 0.0166 ce 0.3415 reward 0.296 lr 1.47e-05 351.2 min, 0.50 s/step
  epoch 1/2 step 41800/45858 loss 0.2996 ce 0.4707 reward 0.133 lr 1.47e-05 351.7 min, 0.50 s/step
  epoch 1/2 step 41850/45858 loss 0.6605 ce 0.8156 reward -0.283 lr 1.46e-05 352.1 min, 0.50 s/step
  epoch 1/2 step 41900/45858 loss 0.6051 ce 0.4620 reward 0.145 lr 1.46e-05 352.7 min, 0.51 s/step
  epoch 1/2 step 41950/45858 loss 0.3105 ce 0.4212 reward 0.226 lr 1.46e-05 353.1 min, 0.50 s/step
  epoch 1/2 step 42000/45858 loss -0.1795 ce 0.3795 reward 0.248 lr 1.46e-05 353.4 min, 0.50 s/step
  epoch 1/2 step 42050/45858 loss 0.5335 ce 0.5679 reward 0.005 lr 1.46e-05 353.9 min, 0.50 s/step
  epoch 1/2 step 42100/45858 loss 0.5460 ce 0.2697 reward 0.416 lr 1.45e-05 354.2 min, 0.50 s/step
  epoch 1/2 step 42150/45858 loss 0.3456 ce 0.5758 reward -0.016 lr 1.45e-05 354.6 min, 0.50 s/step
  epoch 1/2 step 42200/45858 loss -0.0259 ce 0.3835 reward 0.270 lr 1.45e-05 355.0 min, 0.50 s/step
  epoch 1/2 step 42250/45858 loss 1.2493 ce 1.0745 reward -0.441 lr 1.45e-05 355.5 min, 0.50 s/step
  epoch 1/2 step 42300/45858 loss 0.3902 ce 0.4850 reward 0.135 lr 1.45e-05 355.8 min, 0.50 s/step
  epoch 1/2 step 42350/45858 loss 0.3963 ce 0.5774 reward 0.004 lr 1.44e-05 356.3 min, 0.50 s/step
  epoch 1/2 step 42400/45858 loss 0.5406 ce 1.1624 reward -0.583 lr 1.44e-05 356.8 min, 0.50 s/step
  epoch 1/2 step 42450/45858 loss 0.7303 ce 0.8891 reward -0.337 lr 1.44e-05 357.2 min, 0.50 s/step
  epoch 1/2 step 42500/45858 loss 0.3999 ce 0.4225 reward 0.249 lr 1.44e-05 357.5 min, 0.50 s/step
  epoch 1/2 step 42550/45858 loss 1.0797 ce 0.8322 reward -0.246 lr 1.44e-05 357.9 min, 0.50 s/step
  epoch 1/2 step 42600/45858 loss 0.8270 ce 0.9428 reward -0.480 lr 1.43e-05 358.3 min, 0.50 s/step
  epoch 1/2 step 42650/45858 loss 0.4310 ce 0.7800 reward -0.200 lr 1.43e-05 358.8 min, 0.50 s/step
  epoch 1/2 step 42700/45858 loss -0.8601 ce 0.3829 reward 0.292 lr 1.43e-05 359.1 min, 0.50 s/step
  epoch 1/2 step 42750/45858 loss -0.0137 ce 0.2929 reward 0.363 lr 1.43e-05 359.5 min, 0.50 s/step
  epoch 1/2 step 42800/45858 loss 0.6536 ce 0.6316 reward -0.018 lr 1.43e-05 360.0 min, 0.50 s/step
  epoch 1/2 step 42850/45858 loss 0.3941 ce 0.3838 reward 0.260 lr 1.42e-05 360.3 min, 0.50 s/step
  epoch 1/2 step 42900/45858 loss -0.0605 ce 0.4320 reward 0.161 lr 1.42e-05 360.8 min, 0.50 s/step
  epoch 1/2 step 42950/45858 loss 0.4141 ce 0.7412 reward -0.193 lr 1.42e-05 361.3 min, 0.50 s/step
  epoch 1/2 step 43000/45858 loss 0.8336 ce 0.3898 reward 0.290 lr 1.42e-05 361.7 min, 0.50 s/step
  epoch 1/2 step 43050/45858 loss -0.6357 ce 0.6064 reward 0.059 lr 1.42e-05 362.1 min, 0.50 s/step
  epoch 1/2 step 43100/45858 loss 0.3146 ce 0.3249 reward 0.332 lr 1.41e-05 362.6 min, 0.50 s/step
  epoch 1/2 step 43150/45858 loss 0.6744 ce 0.6870 reward -0.027 lr 1.41e-05 363.1 min, 0.50 s/step
  epoch 1/2 step 43200/45858 loss 0.4040 ce 0.6233 reward -0.116 lr 1.41e-05 363.5 min, 0.50 s/step
  epoch 1/2 step 43250/45858 loss 0.5650 ce 0.7624 reward -0.223 lr 1.41e-05 363.9 min, 0.50 s/step
  epoch 1/2 step 43300/45858 loss -0.7335 ce 0.4162 reward 0.243 lr 1.40e-05 364.4 min, 0.50 s/step
  epoch 1/2 step 43350/45858 loss 1.2601 ce 0.4673 reward 0.129 lr 1.40e-05 364.8 min, 0.50 s/step
  epoch 1/2 step 43400/45858 loss 0.8194 ce 0.6938 reward -0.137 lr 1.40e-05 365.3 min, 0.51 s/step
  epoch 1/2 step 43450/45858 loss 0.0322 ce 0.3105 reward 0.350 lr 1.40e-05 365.7 min, 0.51 s/step
  epoch 1/2 step 43500/45858 loss 0.5147 ce 0.5855 reward -0.012 lr 1.40e-05 366.1 min, 0.51 s/step
  epoch 1/2 step 43550/45858 loss -0.1244 ce 0.4020 reward 0.258 lr 1.39e-05 366.5 min, 0.50 s/step
  epoch 1/2 step 43600/45858 loss 0.6031 ce 0.4789 reward 0.135 lr 1.39e-05 366.9 min, 0.50 s/step
  epoch 1/2 step 43650/45858 loss 0.1510 ce 0.4411 reward 0.191 lr 1.39e-05 367.4 min, 0.51 s/step
  epoch 1/2 step 43700/45858 loss 0.1060 ce 0.3887 reward 0.246 lr 1.39e-05 367.8 min, 0.50 s/step
  epoch 1/2 step 43750/45858 loss 0.8780 ce 0.4908 reward 0.175 lr 1.39e-05 368.3 min, 0.51 s/step
  epoch 1/2 step 43800/45858 loss -0.0110 ce 0.3590 reward 0.289 lr 1.38e-05 368.7 min, 0.51 s/step
  epoch 1/2 step 43850/45858 loss -1.1450 ce 0.3914 reward 0.283 lr 1.38e-05 369.1 min, 0.51 s/step
  epoch 1/2 step 43900/45858 loss 2.0096 ce 1.8740 reward -1.405 lr 1.38e-05 369.6 min, 0.51 s/step
  epoch 1/2 step 43950/45858 loss 0.3641 ce 0.6238 reward -0.080 lr 1.38e-05 370.0 min, 0.51 s/step
  epoch 1/2 step 44000/45858 loss -0.0077 ce 0.2832 reward 0.388 lr 1.38e-05 370.4 min, 0.51 s/step
  epoch 1/2 step 44050/45858 loss -0.0489 ce 0.3624 reward 0.318 lr 1.37e-05 370.8 min, 0.51 s/step
  epoch 1/2 step 44100/45858 loss -0.7663 ce 0.6801 reward -0.017 lr 1.37e-05 371.2 min, 0.51 s/step
  epoch 1/2 step 44150/45858 loss 1.1161 ce 1.4616 reward -1.167 lr 1.37e-05 371.6 min, 0.50 s/step
  epoch 1/2 step 44200/45858 loss 0.4418 ce 0.4091 reward 0.222 lr 1.37e-05 372.0 min, 0.50 s/step
  epoch 1/2 step 44250/45858 loss -0.1279 ce 0.3644 reward 0.281 lr 1.37e-05 372.4 min, 0.50 s/step
  epoch 1/2 step 44300/45858 loss -1.5092 ce 0.6747 reward -0.010 lr 1.36e-05 372.8 min, 0.50 s/step
  epoch 1/2 step 44350/45858 loss -0.0647 ce 0.5189 reward 0.092 lr 1.36e-05 373.2 min, 0.50 s/step
  epoch 1/2 step 44400/45858 loss 0.2227 ce 0.4028 reward 0.228 lr 1.36e-05 373.7 min, 0.51 s/step
  epoch 1/2 step 44450/45858 loss 0.4911 ce 0.4330 reward 0.192 lr 1.36e-05 374.2 min, 0.51 s/step
  epoch 1/2 step 44500/45858 loss 0.0222 ce 0.3819 reward 0.294 lr 1.36e-05 374.6 min, 0.51 s/step
  epoch 1/2 step 44550/45858 loss -1.7474 ce 0.6844 reward -0.018 lr 1.35e-05 374.9 min, 0.50 s/step
  epoch 1/2 step 44600/45858 loss 0.1290 ce 0.6135 reward -0.011 lr 1.35e-05 375.4 min, 0.50 s/step
  epoch 1/2 step 44650/45858 loss -0.5689 ce 0.4515 reward 0.140 lr 1.35e-05 375.8 min, 0.51 s/step
  epoch 1/2 step 44700/45858 loss 0.0121 ce 0.6364 reward -0.040 lr 1.35e-05 376.3 min, 0.51 s/step
  epoch 1/2 step 44750/45858 loss 0.3758 ce 1.2742 reward -0.721 lr 1.35e-05 376.7 min, 0.51 s/step
  epoch 1/2 step 44800/45858 loss 0.2196 ce 0.5568 reward 0.025 lr 1.34e-05 377.1 min, 0.51 s/step
  epoch 1/2 step 44850/45858 loss 0.7637 ce 1.0502 reward -0.602 lr 1.34e-05 377.4 min, 0.50 s/step
  epoch 1/2 step 44900/45858 loss -0.8035 ce 0.3793 reward 0.302 lr 1.34e-05 377.8 min, 0.50 s/step
  epoch 1/2 step 44950/45858 loss -0.0572 ce 0.3736 reward 0.271 lr 1.34e-05 378.3 min, 0.50 s/step
  epoch 1/2 step 45000/45858 loss 1.2397 ce 0.7356 reward -0.131 lr 1.34e-05 378.7 min, 0.50 s/step
  epoch 1/2 step 45050/45858 loss -0.0898 ce 0.2760 reward 0.380 lr 1.33e-05 379.1 min, 0.50 s/step
  epoch 1/2 step 45100/45858 loss 0.6656 ce 0.6530 reward -0.047 lr 1.33e-05 379.5 min, 0.50 s/step
  epoch 1/2 step 45150/45858 loss 0.0671 ce 0.6631 reward -0.114 lr 1.33e-05 379.9 min, 0.50 s/step
  epoch 1/2 step 45200/45858 loss 0.1210 ce 0.3663 reward 0.272 lr 1.33e-05 380.3 min, 0.50 s/step
  epoch 1/2 step 45250/45858 loss 0.0810 ce 0.2857 reward 0.395 lr 1.32e-05 380.8 min, 0.50 s/step
  epoch 1/2 step 45300/45858 loss 0.2126 ce 0.3973 reward 0.223 lr 1.32e-05 381.1 min, 0.50 s/step
  epoch 1/2 step 45350/45858 loss -0.2382 ce 0.2333 reward 0.464 lr 1.32e-05 381.5 min, 0.50 s/step
  epoch 1/2 step 45400/45858 loss 0.5828 ce 1.0045 reward -0.463 lr 1.32e-05 382.0 min, 0.50 s/step
  epoch 1/2 step 45450/45858 loss 0.5400 ce 0.6778 reward -0.162 lr 1.32e-05 382.4 min, 0.50 s/step
  epoch 1/2 step 45500/45858 loss 0.2094 ce 0.4183 reward 0.201 lr 1.31e-05 382.9 min, 0.50 s/step
  epoch 1/2 step 45550/45858 loss 0.1612 ce 0.3065 reward 0.369 lr 1.31e-05 383.3 min, 0.50 s/step
  epoch 1/2 step 45600/45858 loss 0.4738 ce 0.8408 reward -0.412 lr 1.31e-05 383.6 min, 0.50 s/step
  epoch 1/2 step 45650/45858 loss -0.3953 ce 0.3147 reward 0.377 lr 1.31e-05 384.0 min, 0.50 s/step
  epoch 1/2 step 45700/45858 loss 0.2212 ce 0.5299 reward 0.111 lr 1.31e-05 384.4 min, 0.50 s/step
  epoch 1/2 step 45750/45858 loss 0.2460 ce 0.5053 reward 0.131 lr 1.30e-05 384.8 min, 0.50 s/step
  epoch 1/2 step 45800/45858 loss 0.2681 ce 0.3246 reward 0.325 lr 1.30e-05 385.3 min, 0.50 s/step
  epoch 1/2 step 45850/45858 loss -0.2518 ce 0.5739 reward 0.018 lr 1.30e-05 385.6 min, 0.50 s/step
=== epoch 1 done, avg loss 0.3473, 385.6 min ===
  epoch 2/2 step 50/45858 loss 0.9779 ce 0.7266 reward -0.095 lr 1.30e-05 386.2 min, 0.50 s/step
  epoch 2/2 step 100/45858 loss 0.5803 ce 0.5072 reward 0.103 lr 1.30e-05 386.6 min, 0.50 s/step
  epoch 2/2 step 150/45858 loss -0.2266 ce 0.3298 reward 0.369 lr 1.29e-05 387.0 min, 0.50 s/step
  epoch 2/2 step 200/45858 loss -0.0008 ce 0.2790 reward 0.408 lr 1.29e-05 387.5 min, 0.50 s/step
  epoch 2/2 step 250/45858 loss 0.5362 ce 0.5439 reward 0.055 lr 1.29e-05 387.9 min, 0.50 s/step
  epoch 2/2 step 300/45858 loss 0.3948 ce 0.5555 reward 0.093 lr 1.29e-05 388.3 min, 0.50 s/step
  epoch 2/2 step 350/45858 loss 0.6863 ce 0.5679 reward 0.041 lr 1.29e-05 388.8 min, 0.50 s/step
  epoch 2/2 step 400/45858 loss -0.0112 ce 0.6805 reward -0.004 lr 1.28e-05 389.4 min, 0.51 s/step
  epoch 2/2 step 450/45858 loss -0.2309 ce 0.6793 reward -0.003 lr 1.28e-05 389.7 min, 0.50 s/step
  epoch 2/2 step 500/45858 loss 0.9749 ce 0.6880 reward -0.114 lr 1.28e-05 390.2 min, 0.51 s/step
  epoch 2/2 step 550/45858 loss 0.9106 ce 0.7006 reward -0.109 lr 1.28e-05 390.6 min, 0.50 s/step
  epoch 2/2 step 600/45858 loss -0.0740 ce 0.6172 reward 0.060 lr 1.28e-05 391.0 min, 0.50 s/step
  epoch 2/2 step 650/45858 loss -0.4339 ce 0.3899 reward 0.300 lr 1.27e-05 391.5 min, 0.51 s/step
  epoch 2/2 step 700/45858 loss 0.3748 ce 0.5172 reward 0.131 lr 1.27e-05 391.8 min, 0.50 s/step
  epoch 2/2 step 750/45858 loss 0.5351 ce 0.7177 reward -0.155 lr 1.27e-05 392.2 min, 0.50 s/step
  epoch 2/2 step 800/45858 loss -0.1043 ce 0.3899 reward 0.300 lr 1.27e-05 392.5 min, 0.50 s/step
  epoch 2/2 step 850/45858 loss 0.2869 ce 0.4726 reward 0.145 lr 1.26e-05 393.0 min, 0.50 s/step
  epoch 2/2 step 900/45858 loss 0.5328 ce 0.5966 reward -0.002 lr 1.26e-05 393.4 min, 0.50 s/step
  epoch 2/2 step 950/45858 loss 0.3949 ce 0.3269 reward 0.346 lr 1.26e-05 393.7 min, 0.50 s/step
  epoch 2/2 step 1000/45858 loss 0.1327 ce 0.3374 reward 0.332 lr 1.26e-05 394.2 min, 0.50 s/step
  epoch 2/2 step 1050/45858 loss 0.4505 ce 0.4791 reward 0.140 lr 1.26e-05 394.7 min, 0.50 s/step
  epoch 2/2 step 1100/45858 loss 0.3324 ce 0.6310 reward -0.051 lr 1.25e-05 395.1 min, 0.50 s/step
  epoch 2/2 step 1150/45858 loss 0.8277 ce 0.5791 reward 0.023 lr 1.25e-05 395.5 min, 0.50 s/step
  epoch 2/2 step 1200/45858 loss 0.0239 ce 0.3948 reward 0.259 lr 1.25e-05 396.0 min, 0.50 s/step
  epoch 2/2 step 1250/45858 loss 0.1668 ce 0.4918 reward 0.140 lr 1.25e-05 396.3 min, 0.50 s/step
  epoch 2/2 step 1300/45858 loss 0.1303 ce 0.4505 reward 0.187 lr 1.25e-05 396.8 min, 0.50 s/step
  epoch 2/2 step 1350/45858 loss -0.0661 ce 0.3648 reward 0.328 lr 1.24e-05 397.2 min, 0.50 s/step
  epoch 2/2 step 1400/45858 loss 0.1985 ce 0.5521 reward 0.045 lr 1.24e-05 397.6 min, 0.50 s/step
  epoch 2/2 step 1450/45858 loss 0.6428 ce 0.5087 reward 0.121 lr 1.24e-05 398.0 min, 0.50 s/step
  epoch 2/2 step 1500/45858 loss 0.4006 ce 0.3656 reward 0.296 lr 1.24e-05 398.5 min, 0.50 s/step
  epoch 2/2 step 1550/45858 loss 0.7585 ce 0.7100 reward -0.159 lr 1.24e-05 398.8 min, 0.50 s/step
  epoch 2/2 step 1600/45858 loss 0.3309 ce 0.7231 reward -0.188 lr 1.23e-05 399.3 min, 0.50 s/step
  epoch 2/2 step 1650/45858 loss 0.1647 ce 0.4463 reward 0.196 lr 1.23e-05 399.6 min, 0.50 s/step
  epoch 2/2 step 1700/45858 loss 0.3862 ce 0.5360 reward 0.079 lr 1.23e-05 400.1 min, 0.50 s/step
  epoch 2/2 step 1750/45858 loss 0.1987 ce 0.4340 reward 0.213 lr 1.23e-05 400.6 min, 0.50 s/step
  epoch 2/2 step 1800/45858 loss 0.5282 ce 0.6965 reward -0.091 lr 1.23e-05 401.1 min, 0.50 s/step
  epoch 2/2 step 1850/45858 loss 0.5166 ce 0.5293 reward 0.085 lr 1.22e-05 401.6 min, 0.51 s/step
  epoch 2/2 step 1900/45858 loss -1.8482 ce 0.6851 reward -0.009 lr 1.22e-05 402.1 min, 0.51 s/step
  epoch 2/2 step 1950/45858 loss 0.6093 ce 0.5880 reward -0.004 lr 1.22e-05 402.6 min, 0.51 s/step
  epoch 2/2 step 2000/45858 loss 0.9083 ce 1.2202 reward -0.639 lr 1.22e-05 403.0 min, 0.51 s/step
  epoch 2/2 step 2050/45858 loss 0.4340 ce 0.3832 reward 0.273 lr 1.22e-05 403.3 min, 0.51 s/step
  epoch 2/2 step 2100/45858 loss 0.5106 ce 0.4576 reward 0.171 lr 1.21e-05 403.7 min, 0.51 s/step
  epoch 2/2 step 2150/45858 loss 0.0499 ce 0.5380 reward 0.079 lr 1.21e-05 404.2 min, 0.51 s/step
  epoch 2/2 step 2200/45858 loss 0.1902 ce 0.4300 reward 0.240 lr 1.21e-05 404.6 min, 0.51 s/step
  epoch 2/2 step 2250/45858 loss 0.3913 ce 0.6007 reward 0.085 lr 1.21e-05 405.0 min, 0.51 s/step
  epoch 2/2 step 2300/45858 loss -1.9404 ce 0.6815 reward -0.005 lr 1.21e-05 405.3 min, 0.50 s/step
  epoch 2/2 step 2350/45858 loss -0.2964 ce 0.6058 reward 0.072 lr 1.20e-05 405.8 min, 0.51 s/step
  epoch 2/2 step 2400/45858 loss 0.6143 ce 0.5794 reward 0.002 lr 1.20e-05 406.3 min, 0.51 s/step
  epoch 2/2 step 2450/45858 loss 1.2471 ce 1.0210 reward -0.508 lr 1.20e-05 406.8 min, 0.51 s/step
  epoch 2/2 step 2500/45858 loss -0.0621 ce 0.4565 reward 0.215 lr 1.20e-05 407.3 min, 0.51 s/step
  epoch 2/2 step 2550/45858 loss 0.4277 ce 0.6313 reward -0.018 lr 1.20e-05 407.7 min, 0.51 s/step
  epoch 2/2 step 2600/45858 loss 0.4110 ce 0.4774 reward 0.143 lr 1.19e-05 408.2 min, 0.51 s/step
  epoch 2/2 step 2650/45858 loss -0.5507 ce 0.6062 reward 0.071 lr 1.19e-05 408.6 min, 0.51 s/step
  epoch 2/2 step 2700/45858 loss 1.3257 ce 0.8425 reward -0.250 lr 1.19e-05 409.1 min, 0.51 s/step
  epoch 2/2 step 2750/45858 loss -0.2499 ce 0.6058 reward 0.072 lr 1.19e-05 409.5 min, 0.51 s/step
  epoch 2/2 step 2800/45858 loss 0.0867 ce 0.4048 reward 0.236 lr 1.18e-05 409.9 min, 0.51 s/step
  epoch 2/2 step 2850/45858 loss 0.4119 ce 0.4748 reward 0.153 lr 1.18e-05 410.3 min, 0.51 s/step
  epoch 2/2 step 2900/45858 loss 0.5855 ce 0.4729 reward 0.153 lr 1.18e-05 410.6 min, 0.51 s/step
  epoch 2/2 step 2950/45858 loss 0.4201 ce 0.6576 reward 0.019 lr 1.18e-05 411.0 min, 0.51 s/step
  epoch 2/2 step 3000/45858 loss 0.2737 ce 0.4801 reward 0.147 lr 1.18e-05 411.3 min, 0.51 s/step
  epoch 2/2 step 3050/45858 loss 0.4228 ce 0.4327 reward 0.219 lr 1.17e-05 411.7 min, 0.51 s/step
  epoch 2/2 step 3100/45858 loss 0.9814 ce 0.8512 reward -0.288 lr 1.17e-05 412.1 min, 0.51 s/step
  epoch 2/2 step 3150/45858 loss 0.1738 ce 0.3814 reward 0.304 lr 1.17e-05 412.6 min, 0.51 s/step
  epoch 2/2 step 3200/45858 loss -0.6457 ce 0.6831 reward -0.007 lr 1.17e-05 413.0 min, 0.51 s/step
  epoch 2/2 step 3250/45858 loss 0.6059 ce 0.5688 reward 0.014 lr 1.17e-05 413.4 min, 0.51 s/step
  epoch 2/2 step 3300/45858 loss 0.4423 ce 0.3710 reward 0.308 lr 1.16e-05 413.8 min, 0.51 s/step
  epoch 2/2 step 3350/45858 loss 0.0539 ce 0.4408 reward 0.190 lr 1.16e-05 414.2 min, 0.50 s/step
  epoch 2/2 step 3400/45858 loss -1.3833 ce 0.6760 reward -0.000 lr 1.16e-05 414.5 min, 0.50 s/step
  epoch 2/2 step 3450/45858 loss 0.4060 ce 0.5825 reward 0.054 lr 1.16e-05 414.9 min, 0.50 s/step
  epoch 2/2 step 3500/45858 loss 0.2907 ce 0.3237 reward 0.350 lr 1.16e-05 415.3 min, 0.50 s/step
  epoch 2/2 step 3550/45858 loss 0.4141 ce 0.4396 reward 0.239 lr 1.15e-05 415.8 min, 0.50 s/step
  epoch 2/2 step 3600/45858 loss 0.3157 ce 0.4401 reward 0.227 lr 1.15e-05 416.4 min, 0.51 s/step
  epoch 2/2 step 3650/45858 loss 0.6126 ce 0.2864 reward 0.401 lr 1.15e-05 416.8 min, 0.51 s/step
  epoch 2/2 step 3700/45858 loss 0.3282 ce 0.6819 reward -0.006 lr 1.15e-05 417.1 min, 0.51 s/step
  epoch 2/2 step 3750/45858 loss 0.3298 ce 0.5005 reward 0.114 lr 1.15e-05 417.5 min, 0.50 s/step
  epoch 2/2 step 3800/45858 loss 0.4003 ce 0.3225 reward 0.348 lr 1.14e-05 418.0 min, 0.51 s/step
  epoch 2/2 step 3850/45858 loss 0.8305 ce 0.5965 reward 0.037 lr 1.14e-05 418.4 min, 0.51 s/step
  epoch 2/2 step 3900/45858 loss 0.3665 ce 0.4268 reward 0.244 lr 1.14e-05 418.9 min, 0.51 s/step
  epoch 2/2 step 3950/45858 loss -1.4550 ce 0.6669 reward 0.010 lr 1.14e-05 419.3 min, 0.51 s/step
  epoch 2/2 step 4000/45858 loss 1.4145 ce 0.6837 reward -0.008 lr 1.14e-05 419.7 min, 0.51 s/step
  epoch 2/2 step 4050/45858 loss 1.0805 ce 1.2644 reward -0.684 lr 1.13e-05 420.2 min, 0.51 s/step
  epoch 2/2 step 4100/45858 loss -0.0193 ce 0.3783 reward 0.313 lr 1.13e-05 420.6 min, 0.51 s/step
  epoch 2/2 step 4150/45858 loss 1.2400 ce 0.6371 reward -0.023 lr 1.13e-05 421.2 min, 0.51 s/step
  epoch 2/2 step 4200/45858 loss 0.1364 ce 0.3700 reward 0.294 lr 1.13e-05 421.6 min, 0.51 s/step
  epoch 2/2 step 4250/45858 loss 0.0970 ce 0.2895 reward 0.396 lr 1.13e-05 422.0 min, 0.51 s/step
  epoch 2/2 step 4300/45858 loss -0.2731 ce 0.3561 reward 0.339 lr 1.12e-05 422.5 min, 0.51 s/step
  epoch 2/2 step 4350/45858 loss 0.7428 ce 0.3867 reward 0.264 lr 1.12e-05 422.9 min, 0.51 s/step
  epoch 2/2 step 4400/45858 loss 0.7584 ce 0.4993 reward 0.115 lr 1.12e-05 423.3 min, 0.51 s/step
  epoch 2/2 step 4450/45858 loss 0.6083 ce 0.7443 reward -0.197 lr 1.12e-05 423.6 min, 0.51 s/step
  epoch 2/2 step 4500/45858 loss 0.1934 ce 0.6260 reward -0.036 lr 1.12e-05 424.0 min, 0.51 s/step
  epoch 2/2 step 4550/45858 loss 0.5264 ce 0.6862 reward -0.128 lr 1.11e-05 424.4 min, 0.51 s/step
  epoch 2/2 step 4600/45858 loss -1.3214 ce 0.6057 reward 0.072 lr 1.11e-05 424.8 min, 0.51 s/step
  epoch 2/2 step 4650/45858 loss 0.7309 ce 0.7195 reward -0.094 lr 1.11e-05 425.2 min, 0.51 s/step
  epoch 2/2 step 4700/45858 loss 0.4787 ce 0.5252 reward 0.097 lr 1.11e-05 425.6 min, 0.51 s/step
  epoch 2/2 step 4750/45858 loss 0.4279 ce 0.6722 reward -0.063 lr 1.11e-05 426.0 min, 0.51 s/step
  epoch 2/2 step 4800/45858 loss 0.1306 ce 0.1530 reward 0.556 lr 1.10e-05 426.4 min, 0.51 s/step
  epoch 2/2 step 4850/45858 loss 0.7024 ce 0.7056 reward -0.143 lr 1.10e-05 426.9 min, 0.51 s/step
  epoch 2/2 step 4900/45858 loss 0.3500 ce 0.2899 reward 0.399 lr 1.10e-05 427.3 min, 0.51 s/step
  epoch 2/2 step 4950/45858 loss -0.1172 ce 0.3995 reward 0.249 lr 1.10e-05 427.6 min, 0.51 s/step
  epoch 2/2 step 5000/45858 loss 0.1397 ce 0.4464 reward 0.219 lr 1.10e-05 428.1 min, 0.51 s/step
  epoch 2/2 step 5050/45858 loss 0.1179 ce 0.3500 reward 0.313 lr 1.09e-05 428.6 min, 0.51 s/step
  epoch 2/2 step 5100/45858 loss 0.1736 ce 0.4518 reward 0.190 lr 1.09e-05 428.9 min, 0.51 s/step
  epoch 2/2 step 5150/45858 loss 0.3457 ce 0.4222 reward 0.257 lr 1.09e-05 429.5 min, 0.51 s/step
  epoch 2/2 step 5200/45858 loss 0.5611 ce 0.6002 reward 0.023 lr 1.09e-05 429.9 min, 0.51 s/step
  epoch 2/2 step 5250/45858 loss 0.7224 ce 0.5858 reward 0.036 lr 1.09e-05 430.4 min, 0.51 s/step
  epoch 2/2 step 5300/45858 loss -0.9080 ce 0.6704 reward 0.006 lr 1.08e-05 430.8 min, 0.51 s/step
  epoch 2/2 step 5350/45858 loss 0.6456 ce 0.5399 reward 0.083 lr 1.08e-05 431.2 min, 0.51 s/step
  epoch 2/2 step 5400/45858 loss 1.2303 ce 0.3747 reward 0.320 lr 1.08e-05 431.7 min, 0.51 s/step
  epoch 2/2 step 5450/45858 loss 0.5143 ce 1.1642 reward -0.569 lr 1.08e-05 432.1 min, 0.51 s/step
  epoch 2/2 step 5500/45858 loss 0.3009 ce 0.4529 reward 0.177 lr 1.08e-05 432.5 min, 0.51 s/step
  epoch 2/2 step 5550/45858 loss 0.4618 ce 0.3358 reward 0.339 lr 1.07e-05 432.9 min, 0.51 s/step
  epoch 2/2 step 5600/45858 loss 0.6442 ce 0.4774 reward 0.157 lr 1.07e-05 433.3 min, 0.51 s/step
  epoch 2/2 step 5650/45858 loss -0.3021 ce 0.6389 reward 0.038 lr 1.07e-05 433.7 min, 0.51 s/step
  epoch 2/2 step 5700/45858 loss 0.0692 ce 0.3577 reward 0.332 lr 1.07e-05 434.1 min, 0.51 s/step
  epoch 2/2 step 5750/45858 loss 0.2490 ce 0.5797 reward 0.019 lr 1.07e-05 434.5 min, 0.51 s/step
  epoch 2/2 step 5800/45858 loss -1.1568 ce 0.5029 reward 0.192 lr 1.06e-05 435.0 min, 0.51 s/step
  epoch 2/2 step 5850/45858 loss 0.2863 ce 0.7045 reward -0.167 lr 1.06e-05 435.4 min, 0.51 s/step
  epoch 2/2 step 5900/45858 loss 0.1928 ce 0.7210 reward -0.111 lr 1.06e-05 435.8 min, 0.51 s/step
  epoch 2/2 step 5950/45858 loss 0.3614 ce 0.7357 reward -0.139 lr 1.06e-05 436.2 min, 0.51 s/step
  epoch 2/2 step 6000/45858 loss 0.5668 ce 0.6807 reward -0.112 lr 1.05e-05 436.6 min, 0.51 s/step
  epoch 2/2 step 6050/45858 loss 0.2997 ce 0.2349 reward 0.464 lr 1.05e-05 437.0 min, 0.51 s/step
  epoch 2/2 step 6100/45858 loss 0.4003 ce 0.6827 reward -0.126 lr 1.05e-05 437.4 min, 0.51 s/step
  epoch 2/2 step 6150/45858 loss 1.1021 ce 0.7074 reward -0.154 lr 1.05e-05 437.8 min, 0.51 s/step
  epoch 2/2 step 6200/45858 loss 0.6337 ce 0.7045 reward -0.102 lr 1.05e-05 438.2 min, 0.51 s/step
  epoch 2/2 step 6250/45858 loss 0.5201 ce 0.5819 reward 0.014 lr 1.04e-05 438.6 min, 0.51 s/step
  epoch 2/2 step 6300/45858 loss 1.1162 ce 0.5180 reward 0.092 lr 1.04e-05 439.1 min, 0.51 s/step
  epoch 2/2 step 6350/45858 loss 0.6495 ce 0.3770 reward 0.283 lr 1.04e-05 439.4 min, 0.51 s/step
  epoch 2/2 step 6400/45858 loss 0.5191 ce 0.4378 reward 0.210 lr 1.04e-05 440.0 min, 0.51 s/step
  epoch 2/2 step 6450/45858 loss -0.0473 ce 0.6084 reward -0.034 lr 1.04e-05 440.4 min, 0.51 s/step
  epoch 2/2 step 6500/45858 loss 0.9808 ce 0.6470 reward -0.055 lr 1.03e-05 440.8 min, 0.51 s/step
  epoch 2/2 step 6550/45858 loss 1.7825 ce 0.7321 reward -0.125 lr 1.03e-05 441.2 min, 0.51 s/step
  epoch 2/2 step 6600/45858 loss -0.2611 ce 0.6796 reward -0.003 lr 1.03e-05 441.7 min, 0.51 s/step
  epoch 2/2 step 6650/45858 loss -0.6971 ce 0.6058 reward 0.072 lr 1.03e-05 442.2 min, 0.51 s/step
  epoch 2/2 step 6700/45858 loss 0.0490 ce 0.4496 reward 0.183 lr 1.03e-05 442.6 min, 0.51 s/step
  epoch 2/2 step 6750/45858 loss 0.4029 ce 0.2379 reward 0.464 lr 1.02e-05 442.9 min, 0.51 s/step
  epoch 2/2 step 6800/45858 loss 0.2640 ce 0.3364 reward 0.337 lr 1.02e-05 443.3 min, 0.51 s/step
  epoch 2/2 step 6850/45858 loss 0.3852 ce 0.4592 reward 0.196 lr 1.02e-05 443.8 min, 0.51 s/step
  epoch 2/2 step 6900/45858 loss 0.2123 ce 0.3702 reward 0.323 lr 1.02e-05 444.2 min, 0.51 s/step
  epoch 2/2 step 6950/45858 loss 0.0950 ce 0.2669 reward 0.416 lr 1.02e-05 444.5 min, 0.51 s/step
  epoch 2/2 step 7000/45858 loss 0.2819 ce 0.3811 reward 0.303 lr 1.01e-05 444.9 min, 0.51 s/step
  epoch 2/2 step 7050/45858 loss 0.3994 ce 0.3675 reward 0.290 lr 1.01e-05 445.3 min, 0.51 s/step
  epoch 2/2 step 7100/45858 loss 0.3475 ce 0.4543 reward 0.180 lr 1.01e-05 445.7 min, 0.50 s/step
  epoch 2/2 step 7150/45858 loss 0.4352 ce 0.4588 reward 0.172 lr 1.01e-05 446.1 min, 0.50 s/step
  epoch 2/2 step 7200/45858 loss 0.6492 ce 0.6736 reward -0.094 lr 1.01e-05 446.5 min, 0.50 s/step
  epoch 2/2 step 7250/45858 loss 0.8023 ce 0.7759 reward -0.163 lr 1.00e-05 446.8 min, 0.50 s/step
  epoch 2/2 step 7300/45858 loss 0.0753 ce 0.3763 reward 0.278 lr 1.00e-05 447.2 min, 0.50 s/step
  epoch 2/2 step 7350/45858 loss 0.1311 ce 0.5998 reward 0.030 lr 1.00e-05 447.6 min, 0.50 s/step
  epoch 2/2 step 7400/45858 loss 1.3816 ce 0.5543 reward 0.092 lr 9.99e-06 448.0 min, 0.50 s/step
  epoch 2/2 step 7450/45858 loss -0.1829 ce 0.1802 reward 0.538 lr 9.97e-06 448.4 min, 0.50 s/step
  epoch 2/2 step 7500/45858 loss 0.7078 ce 0.3234 reward 0.379 lr 9.95e-06 448.8 min, 0.50 s/step
  epoch 2/2 step 7550/45858 loss 0.0207 ce 0.2630 reward 0.432 lr 9.93e-06 449.2 min, 0.50 s/step
  epoch 2/2 step 7600/45858 loss -0.4804 ce 0.3902 reward 0.300 lr 9.91e-06 449.6 min, 0.50 s/step
  epoch 2/2 step 7650/45858 loss 0.5666 ce 0.5055 reward 0.104 lr 9.89e-06 450.0 min, 0.50 s/step
  epoch 2/2 step 7700/45858 loss 0.0998 ce 0.6742 reward 0.002 lr 9.87e-06 450.3 min, 0.50 s/step
  epoch 2/2 step 7750/45858 loss 0.5192 ce 0.3511 reward 0.318 lr 9.85e-06 450.7 min, 0.50 s/step
  epoch 2/2 step 7800/45858 loss 0.2654 ce 0.5655 reward 0.029 lr 9.83e-06 451.1 min, 0.50 s/step
  epoch 2/2 step 7850/45858 loss 0.0435 ce 0.3628 reward 0.285 lr 9.81e-06 451.4 min, 0.50 s/step
  epoch 2/2 step 7900/45858 loss 0.2196 ce 0.4368 reward 0.221 lr 9.79e-06 451.9 min, 0.50 s/step
  epoch 2/2 step 7950/45858 loss 0.4686 ce 0.6811 reward -0.005 lr 9.77e-06 452.3 min, 0.50 s/step
  epoch 2/2 step 8000/45858 loss 0.3429 ce 0.6776 reward -0.002 lr 9.75e-06 452.8 min, 0.50 s/step
  epoch 2/2 step 8050/45858 loss 0.6346 ce 0.4370 reward 0.228 lr 9.73e-06 453.1 min, 0.50 s/step
  epoch 2/2 step 8100/45858 loss 0.5505 ce 0.4631 reward 0.206 lr 9.71e-06 453.5 min, 0.50 s/step
  epoch 2/2 step 8150/45858 loss 0.2823 ce 0.4611 reward 0.205 lr 9.69e-06 453.9 min, 0.50 s/step
  epoch 2/2 step 8200/45858 loss 0.5939 ce 0.6813 reward -0.005 lr 9.67e-06 454.4 min, 0.50 s/step
  epoch 2/2 step 8250/45858 loss -0.8678 ce 0.6743 reward 0.002 lr 9.65e-06 454.8 min, 0.50 s/step
  epoch 2/2 step 8300/45858 loss 0.5264 ce 0.4864 reward 0.149 lr 9.63e-06 455.2 min, 0.50 s/step
  epoch 2/2 step 8350/45858 loss 0.1822 ce 0.3295 reward 0.370 lr 9.61e-06 455.5 min, 0.50 s/step
  epoch 2/2 step 8400/45858 loss 0.0751 ce 0.3489 reward 0.319 lr 9.59e-06 455.9 min, 0.50 s/step
  epoch 2/2 step 8450/45858 loss 0.3052 ce 0.6039 reward 0.016 lr 9.57e-06 456.3 min, 0.50 s/step
  epoch 2/2 step 8500/45858 loss 0.5696 ce 0.7085 reward -0.163 lr 9.55e-06 456.7 min, 0.50 s/step
  epoch 2/2 step 8550/45858 loss 0.0675 ce 0.3900 reward 0.261 lr 9.53e-06 457.2 min, 0.50 s/step
  epoch 2/2 step 8600/45858 loss 0.5804 ce 0.5362 reward 0.080 lr 9.51e-06 457.6 min, 0.50 s/step
  epoch 2/2 step 8650/45858 loss 0.3673 ce 0.5803 reward 0.015 lr 9.50e-06 458.0 min, 0.50 s/step
  epoch 2/2 step 8700/45858 loss -0.6043 ce 0.6913 reward -0.015 lr 9.47e-06 458.4 min, 0.50 s/step
  epoch 2/2 step 8750/45858 loss 0.2767 ce 0.9028 reward -0.360 lr 9.46e-06 458.8 min, 0.50 s/step
  epoch 2/2 step 8800/45858 loss 0.0429 ce 0.5643 reward 0.078 lr 9.44e-06 459.3 min, 0.50 s/step
  epoch 2/2 step 8850/45858 loss 1.8062 ce 1.3387 reward -0.739 lr 9.42e-06 459.7 min, 0.50 s/step
  epoch 2/2 step 8900/45858 loss 0.9209 ce 1.4387 reward -0.884 lr 9.40e-06 460.1 min, 0.50 s/step
  epoch 2/2 step 8950/45858 loss 0.0908 ce 0.6057 reward 0.072 lr 9.38e-06 460.5 min, 0.50 s/step
  epoch 2/2 step 9000/45858 loss 0.5754 ce 0.6913 reward -0.016 lr 9.36e-06 460.9 min, 0.50 s/step
  epoch 2/2 step 9050/45858 loss -0.5552 ce 0.6814 reward -0.006 lr 9.34e-06 461.4 min, 0.50 s/step
  epoch 2/2 step 9100/45858 loss 0.2158 ce 0.4607 reward 0.207 lr 9.32e-06 461.8 min, 0.50 s/step
  epoch 2/2 step 9150/45858 loss 0.5809 ce 0.5423 reward 0.063 lr 9.30e-06 462.2 min, 0.50 s/step
  epoch 2/2 step 9200/45858 loss -0.1939 ce 0.5821 reward 0.050 lr 9.28e-06 462.8 min, 0.50 s/step
  epoch 2/2 step 9250/45858 loss 0.1096 ce 0.3296 reward 0.343 lr 9.26e-06 463.3 min, 0.50 s/step
  epoch 2/2 step 9300/45858 loss -0.9749 ce 0.6812 reward -0.005 lr 9.24e-06 463.7 min, 0.50 s/step
  epoch 2/2 step 9350/45858 loss 1.6238 ce 0.5084 reward 0.150 lr 9.22e-06 464.1 min, 0.50 s/step
  epoch 2/2 step 9400/45858 loss 0.6422 ce 0.5319 reward 0.069 lr 9.20e-06 464.6 min, 0.50 s/step
  epoch 2/2 step 9450/45858 loss 0.6152 ce 0.7390 reward -0.133 lr 9.18e-06 465.0 min, 0.50 s/step
  epoch 2/2 step 9500/45858 loss 0.5060 ce 0.4594 reward 0.216 lr 9.16e-06 465.3 min, 0.50 s/step
  epoch 2/2 step 9550/45858 loss -0.0424 ce 0.3053 reward 0.369 lr 9.14e-06 465.7 min, 0.50 s/step
  epoch 2/2 step 9600/45858 loss -0.2000 ce 0.6864 reward -0.010 lr 9.12e-06 466.2 min, 0.50 s/step
  epoch 2/2 step 9650/45858 loss 0.0789 ce 0.3456 reward 0.330 lr 9.10e-06 466.6 min, 0.50 s/step
  epoch 2/2 step 9700/45858 loss -0.4102 ce 0.4061 reward 0.283 lr 9.08e-06 467.0 min, 0.50 s/step
  epoch 2/2 step 9750/45858 loss 0.0364 ce 0.4625 reward 0.167 lr 9.07e-06 467.4 min, 0.50 s/step
  epoch 2/2 step 9800/45858 loss 0.7544 ce 0.6612 reward -0.083 lr 9.05e-06 467.8 min, 0.50 s/step
  epoch 2/2 step 9850/45858 loss 0.2737 ce 0.5961 reward 0.089 lr 9.03e-06 468.2 min, 0.50 s/step
  epoch 2/2 step 9900/45858 loss 0.4431 ce 0.4569 reward 0.176 lr 9.01e-06 468.7 min, 0.50 s/step
  epoch 2/2 step 9950/45858 loss 0.0004 ce 0.4500 reward 0.174 lr 8.99e-06 469.2 min, 0.50 s/step
  epoch 2/2 step 10000/45858 loss 0.1902 ce 0.5244 reward 0.103 lr 8.97e-06 469.6 min, 0.50 s/step
  epoch 2/2 step 10050/45858 loss 0.0111 ce 0.3621 reward 0.325 lr 8.95e-06 470.0 min, 0.50 s/step
  epoch 2/2 step 10100/45858 loss 0.0356 ce 0.4079 reward 0.235 lr 8.93e-06 470.3 min, 0.50 s/step
  epoch 2/2 step 10150/45858 loss -0.3234 ce 0.6877 reward -0.012 lr 8.91e-06 470.7 min, 0.50 s/step
  epoch 2/2 step 10200/45858 loss 0.4632 ce 0.3133 reward 0.388 lr 8.89e-06 471.1 min, 0.50 s/step
  epoch 2/2 step 10250/45858 loss 0.5526 ce 0.3340 reward 0.341 lr 8.87e-06 471.5 min, 0.50 s/step
  epoch 2/2 step 10300/45858 loss 0.5002 ce 0.5437 reward 0.086 lr 8.85e-06 471.9 min, 0.50 s/step
  epoch 2/2 step 10350/45858 loss -1.6466 ce 0.6860 reward -0.010 lr 8.83e-06 472.4 min, 0.50 s/step
  epoch 2/2 step 10400/45858 loss -0.0907 ce 0.4112 reward 0.247 lr 8.81e-06 472.8 min, 0.50 s/step
  epoch 2/2 step 10450/45858 loss 0.2767 ce 0.3904 reward 0.300 lr 8.79e-06 473.1 min, 0.50 s/step
  epoch 2/2 step 10500/45858 loss 0.1925 ce 0.3657 reward 0.295 lr 8.77e-06 473.6 min, 0.50 s/step
  epoch 2/2 step 10550/45858 loss 0.3135 ce 0.3058 reward 0.369 lr 8.76e-06 474.0 min, 0.50 s/step
  epoch 2/2 step 10600/45858 loss -1.2066 ce 0.6058 reward 0.072 lr 8.74e-06 474.4 min, 0.50 s/step
  epoch 2/2 step 10650/45858 loss -0.4238 ce 0.4545 reward 0.241 lr 8.72e-06 474.8 min, 0.50 s/step
  epoch 2/2 step 10700/45858 loss 0.0739 ce 0.3499 reward 0.339 lr 8.70e-06 475.2 min, 0.50 s/step
  epoch 2/2 step 10750/45858 loss 0.0969 ce 0.2870 reward 0.403 lr 8.68e-06 475.6 min, 0.50 s/step
  epoch 2/2 step 10800/45858 loss 0.5597 ce 0.4998 reward 0.095 lr 8.66e-06 476.1 min, 0.50 s/step
  epoch 2/2 step 10850/45858 loss 0.9526 ce 0.7838 reward -0.185 lr 8.64e-06 476.5 min, 0.50 s/step
  epoch 2/2 step 10900/45858 loss 0.8562 ce 0.7504 reward -0.136 lr 8.62e-06 476.9 min, 0.50 s/step
  epoch 2/2 step 10950/45858 loss 0.7399 ce 0.4390 reward 0.200 lr 8.60e-06 477.2 min, 0.50 s/step
  epoch 2/2 step 11000/45858 loss 0.4314 ce 0.6733 reward -0.078 lr 8.58e-06 477.7 min, 0.50 s/step
  epoch 2/2 step 11050/45858 loss 0.6442 ce 0.5832 reward 0.053 lr 8.56e-06 478.1 min, 0.50 s/step
  epoch 2/2 step 11100/45858 loss 0.2361 ce 0.4517 reward 0.185 lr 8.54e-06 478.6 min, 0.50 s/step
  epoch 2/2 step 11150/45858 loss 0.6688 ce 0.6046 reward 0.024 lr 8.53e-06 479.0 min, 0.50 s/step
  epoch 2/2 step 11200/45858 loss 0.9005 ce 0.5869 reward 0.005 lr 8.51e-06 479.4 min, 0.50 s/step
  epoch 2/2 step 11250/45858 loss 0.1318 ce 0.3429 reward 0.354 lr 8.49e-06 479.8 min, 0.50 s/step
  epoch 2/2 step 11300/45858 loss 0.6516 ce 0.4077 reward 0.274 lr 8.47e-06 480.3 min, 0.50 s/step
  epoch 2/2 step 11350/45858 loss 0.4006 ce 0.2659 reward 0.427 lr 8.45e-06 480.8 min, 0.50 s/step
  epoch 2/2 step 11400/45858 loss 0.4150 ce 0.1487 reward 0.579 lr 8.43e-06 481.2 min, 0.50 s/step
  epoch 2/2 step 11450/45858 loss 0.1424 ce 0.6838 reward -0.008 lr 8.41e-06 481.6 min, 0.50 s/step
  epoch 2/2 step 11500/45858 loss 0.3985 ce 0.3475 reward 0.319 lr 8.39e-06 482.0 min, 0.50 s/step
  epoch 2/2 step 11550/45858 loss 0.1841 ce 0.4394 reward 0.225 lr 8.37e-06 482.4 min, 0.50 s/step
  epoch 2/2 step 11600/45858 loss 0.2733 ce 0.3734 reward 0.284 lr 8.35e-06 482.7 min, 0.50 s/step
  epoch 2/2 step 11650/45858 loss 1.1380 ce 1.3140 reward -0.731 lr 8.34e-06 483.2 min, 0.50 s/step
  epoch 2/2 step 11700/45858 loss 0.3631 ce 0.6014 reward -0.015 lr 8.32e-06 483.5 min, 0.50 s/step
  epoch 2/2 step 11750/45858 loss 0.1128 ce 0.3798 reward 0.275 lr 8.30e-06 483.9 min, 0.50 s/step
  epoch 2/2 step 11800/45858 loss 0.5349 ce 0.6306 reward 0.023 lr 8.28e-06 484.2 min, 0.50 s/step
  epoch 2/2 step 11850/45858 loss -0.0534 ce 0.6060 reward 0.072 lr 8.26e-06 484.6 min, 0.50 s/step
  epoch 2/2 step 11900/45858 loss 1.2877 ce 0.9787 reward -0.385 lr 8.24e-06 485.0 min, 0.50 s/step
  epoch 2/2 step 11950/45858 loss 0.0420 ce 0.1447 reward 0.583 lr 8.22e-06 485.5 min, 0.50 s/step
  epoch 2/2 step 12000/45858 loss -0.7394 ce 0.3721 reward 0.322 lr 8.20e-06 485.9 min, 0.50 s/step
  epoch 2/2 step 12050/45858 loss 0.2850 ce 0.4787 reward 0.154 lr 8.19e-06 486.4 min, 0.50 s/step
  epoch 2/2 step 12100/45858 loss 0.5441 ce 0.4658 reward 0.172 lr 8.17e-06 486.8 min, 0.50 s/step
  epoch 2/2 step 12150/45858 loss 0.2951 ce 0.2961 reward 0.382 lr 8.15e-06 487.3 min, 0.50 s/step
  epoch 2/2 step 12200/45858 loss 0.6294 ce 0.4847 reward 0.150 lr 8.13e-06 487.6 min, 0.50 s/step
  epoch 2/2 step 12250/45858 loss 0.1701 ce 0.2221 reward 0.485 lr 8.11e-06 488.0 min, 0.50 s/step
  epoch 2/2 step 12300/45858 loss -1.2584 ce 0.6058 reward 0.072 lr 8.09e-06 488.4 min, 0.50 s/step
  epoch 2/2 step 12350/45858 loss 0.1285 ce 0.3320 reward 0.351 lr 8.07e-06 488.7 min, 0.50 s/step
  epoch 2/2 step 12400/45858 loss -0.1450 ce 0.6868 reward -0.011 lr 8.05e-06 489.2 min, 0.50 s/step
  epoch 2/2 step 12450/45858 loss 0.7398 ce 0.7848 reward -0.189 lr 8.04e-06 489.6 min, 0.50 s/step
  epoch 2/2 step 12500/45858 loss 0.8226 ce 0.3796 reward 0.251 lr 8.02e-06 490.1 min, 0.50 s/step
  epoch 2/2 step 12550/45858 loss -1.1767 ce 1.1080 reward -0.519 lr 8.00e-06 490.5 min, 0.50 s/step
  epoch 2/2 step 12600/45858 loss 0.2887 ce 0.4512 reward 0.187 lr 7.98e-06 490.9 min, 0.50 s/step
  epoch 2/2 step 12650/45858 loss 0.2129 ce 0.4174 reward 0.223 lr 7.96e-06 491.3 min, 0.50 s/step
  epoch 2/2 step 12700/45858 loss 0.5342 ce 0.5370 reward 0.111 lr 7.94e-06 491.7 min, 0.50 s/step
  epoch 2/2 step 12750/45858 loss 1.1791 ce 1.2807 reward -0.692 lr 7.92e-06 492.2 min, 0.50 s/step
  epoch 2/2 step 12800/45858 loss -0.0409 ce 0.3775 reward 0.314 lr 7.90e-06 492.5 min, 0.50 s/step
  epoch 2/2 step 12850/45858 loss 0.5661 ce 0.6579 reward -0.091 lr 7.89e-06 493.0 min, 0.50 s/step
  epoch 2/2 step 12900/45858 loss 0.6304 ce 0.4141 reward 0.235 lr 7.87e-06 493.4 min, 0.50 s/step
  epoch 2/2 step 12950/45858 loss -0.0907 ce 0.2788 reward 0.410 lr 7.85e-06 493.8 min, 0.50 s/step
  epoch 2/2 step 13000/45858 loss 0.6647 ce 0.3416 reward 0.334 lr 7.83e-06 494.2 min, 0.50 s/step
  epoch 2/2 step 13050/45858 loss 0.2710 ce 0.5948 reward -0.001 lr 7.81e-06 494.7 min, 0.50 s/step
  epoch 2/2 step 13100/45858 loss 0.5168 ce 0.4595 reward 0.175 lr 7.79e-06 495.1 min, 0.50 s/step
  epoch 2/2 step 13150/45858 loss -0.0279 ce 0.3880 reward 0.263 lr 7.77e-06 495.5 min, 0.50 s/step
  epoch 2/2 step 13200/45858 loss 0.5547 ce 0.6061 reward 0.071 lr 7.76e-06 496.1 min, 0.50 s/step
  epoch 2/2 step 13250/45858 loss -0.0958 ce 0.3645 reward 0.331 lr 7.74e-06 496.5 min, 0.50 s/step
  epoch 2/2 step 13300/45858 loss 0.0835 ce 0.3864 reward 0.279 lr 7.72e-06 496.9 min, 0.50 s/step
  epoch 2/2 step 13350/45858 loss -0.0789 ce 0.4365 reward 0.250 lr 7.70e-06 497.3 min, 0.50 s/step
  epoch 2/2 step 13400/45858 loss -0.8449 ce 0.4973 reward 0.198 lr 7.68e-06 497.7 min, 0.50 s/step
  epoch 2/2 step 13450/45858 loss 0.1368 ce 0.6561 reward -0.085 lr 7.66e-06 498.1 min, 0.50 s/step
  epoch 2/2 step 13500/45858 loss 0.2078 ce 0.4051 reward 0.245 lr 7.64e-06 498.4 min, 0.50 s/step
  epoch 2/2 step 13550/45858 loss 0.7266 ce 0.5148 reward 0.104 lr 7.63e-06 498.9 min, 0.50 s/step
  epoch 2/2 step 13600/45858 loss -0.0951 ce 0.4370 reward 0.225 lr 7.61e-06 499.4 min, 0.50 s/step
  epoch 2/2 step 13650/45858 loss -0.2269 ce 0.6777 reward -0.002 lr 7.59e-06 499.9 min, 0.50 s/step
  epoch 2/2 step 13700/45858 loss 0.4440 ce 0.6736 reward -0.111 lr 7.57e-06 500.3 min, 0.50 s/step
  epoch 2/2 step 13750/45858 loss 0.8042 ce 0.7599 reward -0.134 lr 7.55e-06 500.8 min, 0.50 s/step
  epoch 2/2 step 13800/45858 loss 0.7775 ce 0.5144 reward 0.145 lr 7.53e-06 501.2 min, 0.50 s/step
  epoch 2/2 step 13850/45858 loss 0.4909 ce 0.4154 reward 0.215 lr 7.52e-06 501.6 min, 0.50 s/step
  epoch 2/2 step 13900/45858 loss 0.4602 ce 0.4624 reward 0.205 lr 7.50e-06 502.0 min, 0.50 s/step
  epoch 2/2 step 13950/45858 loss 0.1247 ce 0.2547 reward 0.448 lr 7.48e-06 502.4 min, 0.50 s/step
  epoch 2/2 step 14000/45858 loss -0.5961 ce 0.6720 reward 0.004 lr 7.46e-06 502.8 min, 0.50 s/step
  epoch 2/2 step 14050/45858 loss 1.2740 ce 1.2473 reward -0.790 lr 7.44e-06 503.1 min, 0.50 s/step
  epoch 2/2 step 14100/45858 loss 0.3783 ce 0.3179 reward 0.384 lr 7.43e-06 503.6 min, 0.50 s/step
  epoch 2/2 step 14150/45858 loss 0.4937 ce 0.4944 reward 0.130 lr 7.41e-06 504.0 min, 0.50 s/step
  epoch 2/2 step 14200/45858 loss 0.5460 ce 0.2902 reward 0.391 lr 7.39e-06 504.4 min, 0.50 s/step
  epoch 2/2 step 14250/45858 loss -0.1066 ce 0.6880 reward -0.012 lr 7.37e-06 504.8 min, 0.50 s/step
  epoch 2/2 step 14300/45858 loss 0.1709 ce 0.6028 reward 0.030 lr 7.35e-06 505.2 min, 0.50 s/step
  epoch 2/2 step 14350/45858 loss 0.3546 ce 0.3475 reward 0.320 lr 7.34e-06 505.8 min, 0.50 s/step
  epoch 2/2 step 14400/45858 loss -0.3550 ce 0.6058 reward 0.072 lr 7.32e-06 506.2 min, 0.50 s/step
  epoch 2/2 step 14450/45858 loss 0.4959 ce 0.4289 reward 0.206 lr 7.30e-06 506.6 min, 0.50 s/step
  epoch 2/2 step 14500/45858 loss 0.7622 ce 0.6280 reward -0.008 lr 7.28e-06 507.1 min, 0.50 s/step
  epoch 2/2 step 14550/45858 loss 0.8244 ce 0.6713 reward -0.119 lr 7.26e-06 507.5 min, 0.50 s/step
  epoch 2/2 step 14600/45858 loss 0.4423 ce 0.5621 reward 0.032 lr 7.24e-06 508.0 min, 0.50 s/step
  epoch 2/2 step 14650/45858 loss 0.8422 ce 0.9844 reward -0.432 lr 7.23e-06 508.4 min, 0.50 s/step
  epoch 2/2 step 14700/45858 loss 0.8547 ce 1.0448 reward -0.542 lr 7.21e-06 508.9 min, 0.50 s/step
  epoch 2/2 step 14750/45858 loss 0.3800 ce 0.4433 reward 0.236 lr 7.19e-06 509.5 min, 0.50 s/step
  epoch 2/2 step 14800/45858 loss -0.6790 ce 0.6759 reward 0.000 lr 7.17e-06 509.9 min, 0.50 s/step
  epoch 2/2 step 14850/45858 loss 0.5026 ce 0.4528 reward 0.206 lr 7.15e-06 510.3 min, 0.50 s/step
  epoch 2/2 step 14900/45858 loss 0.3193 ce 0.5014 reward 0.120 lr 7.14e-06 510.7 min, 0.50 s/step
  epoch 2/2 step 14950/45858 loss 0.2693 ce 0.5287 reward 0.141 lr 7.12e-06 511.1 min, 0.50 s/step
  epoch 2/2 step 15000/45858 loss 0.2825 ce 0.5155 reward 0.124 lr 7.10e-06 511.5 min, 0.50 s/step
  epoch 2/2 step 15050/45858 loss 0.4737 ce 0.5120 reward 0.105 lr 7.08e-06 511.9 min, 0.50 s/step
  epoch 2/2 step 15100/45858 loss 0.4315 ce 0.5453 reward 0.101 lr 7.06e-06 512.3 min, 0.50 s/step
  epoch 2/2 step 15150/45858 loss 0.5182 ce 0.5817 reward 0.048 lr 7.05e-06 512.7 min, 0.50 s/step
  epoch 2/2 step 15200/45858 loss 0.0181 ce 0.3482 reward 0.365 lr 7.03e-06 513.2 min, 0.50 s/step
  epoch 2/2 step 15250/45858 loss 0.2069 ce 0.3681 reward 0.326 lr 7.01e-06 513.7 min, 0.50 s/step
  epoch 2/2 step 15300/45858 loss -0.9071 ce 0.6667 reward 0.010 lr 6.99e-06 514.2 min, 0.50 s/step
  epoch 2/2 step 15350/45858 loss 0.2670 ce 0.4189 reward 0.260 lr 6.98e-06 514.6 min, 0.50 s/step
  epoch 2/2 step 15400/45858 loss -0.4743 ce 0.6739 reward 0.002 lr 6.96e-06 515.1 min, 0.50 s/step
  epoch 2/2 step 15450/45858 loss 0.1965 ce 0.6880 reward -0.012 lr 6.94e-06 515.5 min, 0.50 s/step
  epoch 2/2 step 15500/45858 loss 0.6114 ce 0.5933 reward 0.031 lr 6.92e-06 516.0 min, 0.50 s/step
  epoch 2/2 step 15550/45858 loss 0.2759 ce 0.4478 reward 0.224 lr 6.91e-06 516.5 min, 0.50 s/step
  epoch 2/2 step 15600/45858 loss -0.4402 ce 0.6057 reward 0.072 lr 6.89e-06 516.8 min, 0.50 s/step
  epoch 2/2 step 15650/45858 loss 0.2089 ce 0.4758 reward 0.163 lr 6.87e-06 517.3 min, 0.50 s/step
  epoch 2/2 step 15700/45858 loss -0.3672 ce 0.6384 reward -0.066 lr 6.85e-06 517.6 min, 0.50 s/step
  epoch 2/2 step 15750/45858 loss 0.6815 ce 0.6058 reward 0.019 lr 6.83e-06 518.0 min, 0.50 s/step
  epoch 2/2 step 15800/45858 loss 0.6657 ce 0.4892 reward 0.131 lr 6.82e-06 518.4 min, 0.50 s/step
  epoch 2/2 step 15850/45858 loss 0.3398 ce 0.6478 reward -0.038 lr 6.80e-06 518.8 min, 0.50 s/step
  epoch 2/2 step 15900/45858 loss 0.7879 ce 0.8296 reward -0.258 lr 6.78e-06 519.2 min, 0.50 s/step
  epoch 2/2 step 15950/45858 loss 0.3609 ce 0.4644 reward 0.198 lr 6.76e-06 519.6 min, 0.50 s/step
  epoch 2/2 step 16000/45858 loss -0.3066 ce 0.3088 reward 0.363 lr 6.75e-06 520.2 min, 0.50 s/step
  epoch 2/2 step 16050/45858 loss 0.5757 ce 0.3882 reward 0.296 lr 6.73e-06 520.6 min, 0.50 s/step
  epoch 2/2 step 16100/45858 loss -0.0098 ce 0.2314 reward 0.471 lr 6.71e-06 521.0 min, 0.50 s/step
  epoch 2/2 step 16150/45858 loss 0.2181 ce 0.3940 reward 0.243 lr 6.69e-06 521.4 min, 0.50 s/step
  epoch 2/2 step 16200/45858 loss 0.3230 ce 0.4245 reward 0.250 lr 6.68e-06 521.8 min, 0.50 s/step
  epoch 2/2 step 16250/45858 loss 0.0401 ce 0.4253 reward 0.221 lr 6.66e-06 522.3 min, 0.50 s/step
  epoch 2/2 step 16300/45858 loss 0.1308 ce 0.5399 reward 0.089 lr 6.64e-06 522.8 min, 0.50 s/step
  epoch 2/2 step 16350/45858 loss 0.6605 ce 0.5809 reward 0.011 lr 6.62e-06 523.2 min, 0.50 s/step
  epoch 2/2 step 16400/45858 loss 0.4913 ce 0.5507 reward 0.045 lr 6.61e-06 523.6 min, 0.50 s/step
  epoch 2/2 step 16450/45858 loss 0.3707 ce 0.6491 reward 0.028 lr 6.59e-06 524.1 min, 0.50 s/step
  epoch 2/2 step 16500/45858 loss 0.3802 ce 0.3598 reward 0.321 lr 6.57e-06 524.5 min, 0.50 s/step
  epoch 2/2 step 16550/45858 loss 0.1340 ce 0.3604 reward 0.296 lr 6.55e-06 524.8 min, 0.50 s/step
  epoch 2/2 step 16600/45858 loss 0.4988 ce 0.4006 reward 0.254 lr 6.54e-06 525.3 min, 0.50 s/step
  epoch 2/2 step 16650/45858 loss 0.2194 ce 0.3433 reward 0.312 lr 6.52e-06 525.6 min, 0.50 s/step
  epoch 2/2 step 16700/45858 loss 0.6017 ce 0.4499 reward 0.201 lr 6.50e-06 526.0 min, 0.50 s/step
  epoch 2/2 step 16750/45858 loss 1.1157 ce 0.8052 reward -0.183 lr 6.49e-06 526.5 min, 0.50 s/step
  epoch 2/2 step 16800/45858 loss -0.4317 ce 0.3778 reward 0.313 lr 6.47e-06 526.9 min, 0.50 s/step
  epoch 2/2 step 16850/45858 loss 0.4987 ce 0.3657 reward 0.297 lr 6.45e-06 527.3 min, 0.50 s/step
  epoch 2/2 step 16900/45858 loss -0.0073 ce 0.6615 reward 0.015 lr 6.43e-06 527.8 min, 0.50 s/step
  epoch 2/2 step 16950/45858 loss 1.4089 ce 1.3347 reward -0.744 lr 6.42e-06 528.1 min, 0.50 s/step
  epoch 2/2 step 17000/45858 loss -0.0223 ce 0.3769 reward 0.315 lr 6.40e-06 528.6 min, 0.50 s/step
  epoch 2/2 step 17050/45858 loss -1.0852 ce 0.6843 reward -0.008 lr 6.38e-06 529.1 min, 0.50 s/step
  epoch 2/2 step 17100/45858 loss 0.4623 ce 0.4821 reward 0.142 lr 6.36e-06 529.4 min, 0.50 s/step
  epoch 2/2 step 17150/45858 loss 1.8435 ce 1.3183 reward -0.729 lr 6.35e-06 529.8 min, 0.50 s/step
  epoch 2/2 step 17200/45858 loss 0.3404 ce 0.4089 reward 0.239 lr 6.33e-06 530.2 min, 0.50 s/step
  epoch 2/2 step 17250/45858 loss 0.1587 ce 0.4004 reward 0.250 lr 6.31e-06 530.6 min, 0.50 s/step
  epoch 2/2 step 17300/45858 loss 0.4993 ce 0.4321 reward 0.209 lr 6.30e-06 531.0 min, 0.50 s/step
  epoch 2/2 step 17350/45858 loss 0.4165 ce 0.6168 reward 0.006 lr 6.28e-06 531.4 min, 0.50 s/step
  epoch 2/2 step 17400/45858 loss -1.3964 ce 0.6827 reward -0.007 lr 6.26e-06 531.9 min, 0.50 s/step
  epoch 2/2 step 17450/45858 loss -0.1802 ce 0.3530 reward 0.308 lr 6.25e-06 532.3 min, 0.50 s/step
  epoch 2/2 step 17500/45858 loss 0.3099 ce 0.6189 reward -0.032 lr 6.23e-06 532.7 min, 0.50 s/step
  epoch 2/2 step 17550/45858 loss -0.4931 ce 0.6898 reward -0.014 lr 6.21e-06 533.2 min, 0.50 s/step
  epoch 2/2 step 17600/45858 loss -1.7767 ce 0.6827 reward -0.007 lr 6.19e-06 533.6 min, 0.50 s/step
  epoch 2/2 step 17650/45858 loss 0.5990 ce 0.5785 reward 0.061 lr 6.18e-06 534.1 min, 0.50 s/step
  epoch 2/2 step 17700/45858 loss 1.1142 ce 0.7744 reward -0.204 lr 6.16e-06 534.5 min, 0.50 s/step
  epoch 2/2 step 17750/45858 loss 0.4300 ce 0.5873 reward 0.049 lr 6.14e-06 534.8 min, 0.50 s/step
  epoch 2/2 step 17800/45858 loss -0.1050 ce 0.4761 reward 0.145 lr 6.13e-06 535.2 min, 0.50 s/step
  epoch 2/2 step 17850/45858 loss 0.3432 ce 0.3898 reward 0.265 lr 6.11e-06 535.6 min, 0.50 s/step
  epoch 2/2 step 17900/45858 loss 0.3628 ce 0.4110 reward 0.236 lr 6.09e-06 536.1 min, 0.50 s/step
  epoch 2/2 step 17950/45858 loss 0.3371 ce 0.5072 reward 0.146 lr 6.08e-06 536.5 min, 0.50 s/step
  epoch 2/2 step 18000/45858 loss 0.0433 ce 0.4800 reward 0.182 lr 6.06e-06 537.0 min, 0.50 s/step
  epoch 2/2 step 18050/45858 loss 1.0175 ce 0.3780 reward 0.316 lr 6.04e-06 537.4 min, 0.50 s/step
  epoch 2/2 step 18100/45858 loss 0.5033 ce 0.3002 reward 0.385 lr 6.03e-06 537.9 min, 0.50 s/step
  epoch 2/2 step 18150/45858 loss 0.0726 ce 0.4084 reward 0.276 lr 6.01e-06 538.3 min, 0.50 s/step
  epoch 2/2 step 18200/45858 loss 0.4758 ce 0.5247 reward 0.136 lr 5.99e-06 538.6 min, 0.50 s/step
  epoch 2/2 step 18250/45858 loss 0.4484 ce 0.3337 reward 0.352 lr 5.98e-06 539.1 min, 0.50 s/step
  epoch 2/2 step 18300/45858 loss 0.5216 ce 0.6108 reward -0.028 lr 5.96e-06 539.4 min, 0.50 s/step
  epoch 2/2 step 18350/45858 loss 0.0508 ce 0.2548 reward 0.439 lr 5.94e-06 539.9 min, 0.50 s/step
  epoch 2/2 step 18400/45858 loss 1.0168 ce 1.2096 reward -0.604 lr 5.93e-06 540.3 min, 0.50 s/step
  epoch 2/2 step 18450/45858 loss 0.1360 ce 0.3050 reward 0.368 lr 5.91e-06 540.7 min, 0.50 s/step
  epoch 2/2 step 18500/45858 loss -0.1233 ce 0.4344 reward 0.229 lr 5.89e-06 541.2 min, 0.50 s/step
  epoch 2/2 step 18550/45858 loss 0.4241 ce 0.5390 reward 0.115 lr 5.88e-06 541.6 min, 0.50 s/step
  epoch 2/2 step 18600/45858 loss -0.0855 ce 0.6827 reward -0.007 lr 5.86e-06 542.1 min, 0.50 s/step
  epoch 2/2 step 18650/45858 loss 1.3934 ce 1.0959 reward -0.603 lr 5.84e-06 542.5 min, 0.50 s/step
  epoch 2/2 step 18700/45858 loss -0.0546 ce 0.2844 reward 0.396 lr 5.83e-06 542.9 min, 0.50 s/step
  epoch 2/2 step 18750/45858 loss -0.0694 ce 0.3899 reward 0.300 lr 5.81e-06 543.3 min, 0.50 s/step
  epoch 2/2 step 18800/45858 loss 0.3947 ce 0.5294 reward 0.084 lr 5.79e-06 543.7 min, 0.50 s/step
  epoch 2/2 step 18850/45858 loss 0.1424 ce 0.7588 reward -0.113 lr 5.78e-06 544.2 min, 0.50 s/step
  epoch 2/2 step 18900/45858 loss 0.3601 ce 0.4132 reward 0.262 lr 5.76e-06 544.6 min, 0.50 s/step
  epoch 2/2 step 18950/45858 loss 0.0851 ce 0.3505 reward 0.317 lr 5.75e-06 545.0 min, 0.50 s/step
  epoch 2/2 step 19000/45858 loss 0.1112 ce 0.3731 reward 0.313 lr 5.73e-06 545.4 min, 0.50 s/step
  epoch 2/2 step 19050/45858 loss 0.5165 ce 0.4724 reward 0.165 lr 5.71e-06 545.8 min, 0.50 s/step
  epoch 2/2 step 19100/45858 loss 0.3028 ce 0.3620 reward 0.297 lr 5.70e-06 546.3 min, 0.50 s/step
  epoch 2/2 step 19150/45858 loss 0.6233 ce 0.4901 reward 0.130 lr 5.68e-06 546.6 min, 0.50 s/step
  epoch 2/2 step 19200/45858 loss -0.0217 ce 0.3035 reward 0.392 lr 5.66e-06 547.1 min, 0.50 s/step
  epoch 2/2 step 19250/45858 loss -0.0555 ce 0.6507 reward 0.026 lr 5.65e-06 547.5 min, 0.50 s/step
  epoch 2/2 step 19300/45858 loss 0.5556 ce 0.6727 reward -0.072 lr 5.63e-06 548.0 min, 0.50 s/step
  epoch 2/2 step 19350/45858 loss 0.2362 ce 0.5125 reward 0.138 lr 5.62e-06 548.4 min, 0.50 s/step
  epoch 2/2 step 19400/45858 loss 0.1685 ce 0.3674 reward 0.279 lr 5.60e-06 548.9 min, 0.50 s/step
  epoch 2/2 step 19450/45858 loss -0.3122 ce 0.7554 reward -0.104 lr 5.58e-06 549.3 min, 0.50 s/step
  epoch 2/2 step 19500/45858 loss 0.7642 ce 0.5560 reward 0.041 lr 5.57e-06 549.8 min, 0.50 s/step
  epoch 2/2 step 19550/45858 loss 0.8165 ce 0.7437 reward -0.171 lr 5.55e-06 550.3 min, 0.50 s/step
  epoch 2/2 step 19600/45858 loss -0.8807 ce 0.3437 reward 0.369 lr 5.53e-06 550.7 min, 0.50 s/step
  epoch 2/2 step 19650/45858 loss 0.2494 ce 0.3634 reward 0.306 lr 5.52e-06 551.1 min, 0.50 s/step
  epoch 2/2 step 19700/45858 loss 0.3401 ce 0.6522 reward -0.076 lr 5.50e-06 551.5 min, 0.50 s/step
  epoch 2/2 step 19750/45858 loss 0.4232 ce 0.4587 reward 0.171 lr 5.49e-06 551.8 min, 0.50 s/step
  epoch 2/2 step 19800/45858 loss 0.3092 ce 0.3613 reward 0.313 lr 5.47e-06 552.2 min, 0.50 s/step
  epoch 2/2 step 19850/45858 loss -0.0553 ce 0.2736 reward 0.410 lr 5.45e-06 552.7 min, 0.50 s/step
  epoch 2/2 step 19900/45858 loss 0.4703 ce 0.4463 reward 0.193 lr 5.44e-06 553.1 min, 0.50 s/step
  epoch 2/2 step 19950/45858 loss -0.1088 ce 0.4058 reward 0.283 lr 5.42e-06 553.6 min, 0.50 s/step
  epoch 2/2 step 20000/45858 loss 0.0231 ce 0.2482 reward 0.447 lr 5.41e-06 554.0 min, 0.50 s/step
  epoch 2/2 step 20050/45858 loss 0.5815 ce 0.6896 reward -0.014 lr 5.39e-06 554.5 min, 0.50 s/step
  epoch 2/2 step 20100/45858 loss 0.9887 ce 0.7478 reward -0.091 lr 5.37e-06 555.0 min, 0.50 s/step
  epoch 2/2 step 20150/45858 loss 0.9545 ce 1.0084 reward -0.528 lr 5.36e-06 555.4 min, 0.50 s/step
  epoch 2/2 step 20200/45858 loss 0.6101 ce 1.1029 reward -0.489 lr 5.34e-06 555.7 min, 0.50 s/step
  epoch 2/2 step 20250/45858 loss 0.0875 ce 0.3153 reward 0.358 lr 5.33e-06 556.1 min, 0.50 s/step
  epoch 2/2 step 20300/45858 loss 0.0786 ce 0.4083 reward 0.243 lr 5.31e-06 556.5 min, 0.50 s/step
  epoch 2/2 step 20350/45858 loss 0.2828 ce 0.4526 reward 0.184 lr 5.30e-06 556.9 min, 0.50 s/step
  epoch 2/2 step 20400/45858 loss 0.1087 ce 0.2834 reward 0.401 lr 5.28e-06 557.3 min, 0.50 s/step
  epoch 2/2 step 20450/45858 loss 0.8957 ce 0.8023 reward -0.205 lr 5.26e-06 557.7 min, 0.50 s/step
  epoch 2/2 step 20500/45858 loss -0.0995 ce 0.2182 reward 0.489 lr 5.25e-06 558.1 min, 0.50 s/step
  epoch 2/2 step 20550/45858 loss 0.3846 ce 0.4435 reward 0.202 lr 5.23e-06 558.6 min, 0.50 s/step
  epoch 2/2 step 20600/45858 loss 0.5008 ce 0.5019 reward 0.126 lr 5.22e-06 559.0 min, 0.50 s/step
  epoch 2/2 step 20650/45858 loss 0.1577 ce 0.4319 reward 0.216 lr 5.20e-06 559.4 min, 0.50 s/step
  epoch 2/2 step 20700/45858 loss 0.4282 ce 0.5301 reward 0.082 lr 5.19e-06 559.9 min, 0.50 s/step
  epoch 2/2 step 20750/45858 loss -0.3555 ce 1.3121 reward -0.723 lr 5.17e-06 560.3 min, 0.50 s/step
  epoch 2/2 step 20800/45858 loss 0.4022 ce 0.5125 reward 0.112 lr 5.15e-06 560.8 min, 0.50 s/step
  epoch 2/2 step 20850/45858 loss 0.0614 ce 0.3214 reward 0.380 lr 5.14e-06 561.3 min, 0.50 s/step
  epoch 2/2 step 20900/45858 loss -0.0131 ce 0.3898 reward 0.300 lr 5.12e-06 561.8 min, 0.50 s/step
  epoch 2/2 step 20950/45858 loss -0.3898 ce 0.4626 reward 0.228 lr 5.11e-06 562.2 min, 0.50 s/step
  epoch 2/2 step 21000/45858 loss 0.6051 ce 0.6443 reward -0.025 lr 5.09e-06 562.6 min, 0.50 s/step
  epoch 2/2 step 21050/45858 loss -1.5806 ce 0.5301 reward 0.157 lr 5.08e-06 563.0 min, 0.50 s/step
  epoch 2/2 step 21100/45858 loss 0.2943 ce 0.4347 reward 0.198 lr 5.06e-06 563.4 min, 0.50 s/step
  epoch 2/2 step 21150/45858 loss -0.3731 ce 0.6114 reward 0.066 lr 5.05e-06 563.7 min, 0.50 s/step
  epoch 2/2 step 21200/45858 loss 0.9744 ce 0.6962 reward -0.138 lr 5.03e-06 564.1 min, 0.50 s/step
  epoch 2/2 step 21250/45858 loss -0.6701 ce 0.3398 reward 0.357 lr 5.02e-06 564.6 min, 0.50 s/step
  epoch 2/2 step 21300/45858 loss 1.2505 ce 1.2993 reward -0.807 lr 5.00e-06 564.9 min, 0.50 s/step
  epoch 2/2 step 21350/45858 loss -0.1720 ce 0.5124 reward 0.113 lr 4.98e-06 565.4 min, 0.50 s/step
  epoch 2/2 step 21400/45858 loss 0.2550 ce 0.3449 reward 0.327 lr 4.97e-06 565.8 min, 0.50 s/step
  epoch 2/2 step 21450/45858 loss 0.1955 ce 0.4800 reward 0.134 lr 4.95e-06 566.1 min, 0.50 s/step
  epoch 2/2 step 21500/45858 loss 0.0701 ce 0.3653 reward 0.294 lr 4.94e-06 566.5 min, 0.50 s/step
  epoch 2/2 step 21550/45858 loss -0.7769 ce 0.6057 reward 0.072 lr 4.92e-06 566.9 min, 0.50 s/step
  epoch 2/2 step 21600/45858 loss 0.6981 ce 0.6623 reward -0.057 lr 4.91e-06 567.4 min, 0.50 s/step
  epoch 2/2 step 21650/45858 loss 0.6750 ce 0.6640 reward -0.113 lr 4.89e-06 567.9 min, 0.50 s/step
  epoch 2/2 step 21700/45858 loss 1.0419 ce 0.5801 reward 0.055 lr 4.88e-06 568.3 min, 0.50 s/step
  epoch 2/2 step 21750/45858 loss 0.9379 ce 0.7470 reward -0.157 lr 4.86e-06 568.7 min, 0.50 s/step
  epoch 2/2 step 21800/45858 loss 0.2411 ce 0.4062 reward 0.239 lr 4.85e-06 569.2 min, 0.50 s/step
  epoch 2/2 step 21850/45858 loss 0.1555 ce 0.4117 reward 0.247 lr 4.83e-06 569.7 min, 0.50 s/step
  epoch 2/2 step 21900/45858 loss 0.2333 ce 0.5624 reward 0.045 lr 4.82e-06 570.2 min, 0.50 s/step
  epoch 2/2 step 21950/45858 loss 0.9476 ce 0.9040 reward -0.306 lr 4.80e-06 570.6 min, 0.50 s/step
  epoch 2/2 step 22000/45858 loss 1.2201 ce 0.9137 reward -0.356 lr 4.79e-06 571.0 min, 0.50 s/step
  epoch 2/2 step 22050/45858 loss 0.4696 ce 0.6041 reward -0.010 lr 4.77e-06 571.5 min, 0.50 s/step
  epoch 2/2 step 22100/45858 loss 0.2956 ce 0.4109 reward 0.272 lr 4.76e-06 571.9 min, 0.50 s/step
  epoch 2/2 step 22150/45858 loss 0.3983 ce 0.4977 reward 0.156 lr 4.74e-06 572.3 min, 0.50 s/step
  epoch 2/2 step 22200/45858 loss 0.1114 ce 0.5051 reward 0.110 lr 4.73e-06 572.8 min, 0.50 s/step
  epoch 2/2 step 22250/45858 loss 0.5373 ce 0.5161 reward 0.107 lr 4.71e-06 573.2 min, 0.50 s/step
  epoch 2/2 step 22300/45858 loss 0.3097 ce 0.6344 reward -0.028 lr 4.70e-06 573.7 min, 0.51 s/step
  epoch 2/2 step 22350/45858 loss 0.4769 ce 1.2572 reward -0.656 lr 4.68e-06 574.2 min, 0.51 s/step
  epoch 2/2 step 22400/45858 loss 0.2191 ce 0.4257 reward 0.242 lr 4.67e-06 574.5 min, 0.51 s/step
  epoch 2/2 step 22450/45858 loss 0.4268 ce 0.5728 reward 0.017 lr 4.65e-06 575.0 min, 0.51 s/step
  epoch 2/2 step 22500/45858 loss -1.9983 ce 0.6719 reward 0.004 lr 4.64e-06 575.7 min, 0.51 s/step
  epoch 2/2 step 22550/45858 loss 0.1304 ce 0.3800 reward 0.283 lr 4.62e-06 576.0 min, 0.51 s/step
  epoch 2/2 step 22600/45858 loss -1.1456 ce 0.5128 reward 0.182 lr 4.61e-06 576.5 min, 0.51 s/step
  epoch 2/2 step 22650/45858 loss 0.2529 ce 0.4817 reward 0.185 lr 4.60e-06 576.9 min, 0.51 s/step
  epoch 2/2 step 22700/45858 loss 0.4141 ce 0.3783 reward 0.283 lr 4.58e-06 577.3 min, 0.51 s/step
  epoch 2/2 step 22750/45858 loss 0.0928 ce 0.3901 reward 0.300 lr 4.57e-06 577.7 min, 0.51 s/step
  epoch 2/2 step 22800/45858 loss -0.2476 ce 0.6879 reward -0.012 lr 4.55e-06 578.1 min, 0.51 s/step
  epoch 2/2 step 22850/45858 loss 0.4945 ce 0.5920 reward -0.018 lr 4.54e-06 578.6 min, 0.51 s/step
  epoch 2/2 step 22900/45858 loss 0.4215 ce 0.7125 reward -0.112 lr 4.52e-06 579.1 min, 0.51 s/step
  epoch 2/2 step 22950/45858 loss 1.4137 ce 1.4185 reward -0.815 lr 4.51e-06 579.5 min, 0.51 s/step
  epoch 2/2 step 23000/45858 loss 0.1768 ce 0.4351 reward 0.236 lr 4.49e-06 579.9 min, 0.51 s/step
  epoch 2/2 step 23050/45858 loss 0.6290 ce 0.8722 reward -0.334 lr 4.48e-06 580.3 min, 0.51 s/step
  epoch 2/2 step 23100/45858 loss 0.4928 ce 0.5440 reward 0.113 lr 4.46e-06 580.8 min, 0.51 s/step
  epoch 2/2 step 23150/45858 loss 0.4896 ce 0.6138 reward -0.030 lr 4.45e-06 581.1 min, 0.51 s/step
  epoch 2/2 step 23200/45858 loss 0.3718 ce 0.3391 reward 0.333 lr 4.43e-06 581.5 min, 0.51 s/step
  epoch 2/2 step 23250/45858 loss 0.3115 ce 0.5895 reward 0.044 lr 4.42e-06 581.9 min, 0.51 s/step
  epoch 2/2 step 23300/45858 loss -0.2801 ce 0.6827 reward -0.007 lr 4.41e-06 582.2 min, 0.51 s/step
  epoch 2/2 step 23350/45858 loss -0.6353 ce 0.6057 reward 0.072 lr 4.39e-06 582.7 min, 0.51 s/step
  epoch 2/2 step 23400/45858 loss 0.4710 ce 0.4860 reward 0.181 lr 4.38e-06 583.1 min, 0.51 s/step
  epoch 2/2 step 23450/45858 loss 0.1227 ce 0.2836 reward 0.403 lr 4.36e-06 583.5 min, 0.51 s/step
  epoch 2/2 step 23500/45858 loss 0.4355 ce 0.4425 reward 0.191 lr 4.35e-06 583.9 min, 0.51 s/step
  epoch 2/2 step 23550/45858 loss -0.3440 ce 0.3774 reward 0.316 lr 4.34e-06 584.4 min, 0.51 s/step
  epoch 2/2 step 23600/45858 loss 0.9284 ce 0.8117 reward -0.203 lr 4.32e-06 584.8 min, 0.51 s/step
  epoch 2/2 step 23650/45858 loss -1.8737 ce 0.6778 reward -0.002 lr 4.31e-06 585.2 min, 0.51 s/step
  epoch 2/2 step 23700/45858 loss 0.5993 ce 0.6811 reward -0.005 lr 4.29e-06 585.5 min, 0.51 s/step
  epoch 2/2 step 23750/45858 loss 0.3941 ce 0.4686 reward 0.162 lr 4.28e-06 585.8 min, 0.50 s/step
  epoch 2/2 step 23800/45858 loss 0.7569 ce 0.6822 reward -0.090 lr 4.26e-06 586.3 min, 0.51 s/step
  epoch 2/2 step 23850/45858 loss 0.4466 ce 0.3996 reward 0.248 lr 4.25e-06 586.6 min, 0.50 s/step
  epoch 2/2 step 23900/45858 loss 0.4946 ce 0.6608 reward -0.047 lr 4.24e-06 587.1 min, 0.50 s/step
  epoch 2/2 step 23950/45858 loss 0.2614 ce 0.4516 reward 0.188 lr 4.22e-06 587.3 min, 0.50 s/step
  epoch 2/2 step 24000/45858 loss 0.6299 ce 0.5696 reward 0.071 lr 4.21e-06 587.8 min, 0.50 s/step
  epoch 2/2 step 24050/45858 loss -0.4216 ce 0.6755 reward 0.001 lr 4.19e-06 588.3 min, 0.50 s/step
  epoch 2/2 step 24100/45858 loss 0.4777 ce 0.4554 reward 0.180 lr 4.18e-06 588.7 min, 0.50 s/step
  epoch 2/2 step 24150/45858 loss 0.5115 ce 0.4582 reward 0.206 lr 4.17e-06 589.1 min, 0.50 s/step
  epoch 2/2 step 24200/45858 loss -0.7520 ce 0.3776 reward 0.314 lr 4.15e-06 589.5 min, 0.50 s/step
  epoch 2/2 step 24250/45858 loss 0.4560 ce 0.3863 reward 0.267 lr 4.14e-06 590.0 min, 0.50 s/step
  epoch 2/2 step 24300/45858 loss 0.5417 ce 0.7254 reward -0.149 lr 4.12e-06 590.4 min, 0.50 s/step
  epoch 2/2 step 24350/45858 loss 0.6144 ce 0.4990 reward 0.125 lr 4.11e-06 590.9 min, 0.50 s/step
  epoch 2/2 step 24400/45858 loss 0.2722 ce 0.4525 reward 0.194 lr 4.10e-06 591.2 min, 0.50 s/step
  epoch 2/2 step 24450/45858 loss -0.5850 ce 0.3776 reward 0.313 lr 4.08e-06 591.6 min, 0.50 s/step
  epoch 2/2 step 24500/45858 loss 2.5386 ce 1.3750 reward -0.810 lr 4.07e-06 592.1 min, 0.50 s/step
  epoch 2/2 step 24550/45858 loss 0.5599 ce 0.3325 reward 0.371 lr 4.06e-06 592.6 min, 0.50 s/step
  epoch 2/2 step 24600/45858 loss 0.4167 ce 0.3485 reward 0.334 lr 4.04e-06 593.1 min, 0.51 s/step
  epoch 2/2 step 24650/45858 loss 0.5175 ce 0.4334 reward 0.204 lr 4.03e-06 593.5 min, 0.51 s/step
  epoch 2/2 step 24700/45858 loss 0.8256 ce 0.7830 reward -0.171 lr 4.01e-06 593.9 min, 0.51 s/step
  epoch 2/2 step 24750/45858 loss 0.3823 ce 0.5174 reward 0.119 lr 4.00e-06 594.4 min, 0.51 s/step
  epoch 2/2 step 24800/45858 loss 0.5081 ce 0.2282 reward 0.473 lr 3.99e-06 594.8 min, 0.51 s/step
  epoch 2/2 step 24850/45858 loss 0.2050 ce 0.3831 reward 0.275 lr 3.97e-06 595.2 min, 0.51 s/step
  epoch 2/2 step 24900/45858 loss 0.9958 ce 0.8104 reward -0.299 lr 3.96e-06 595.5 min, 0.50 s/step
  epoch 2/2 step 24950/45858 loss -0.2477 ce 0.3898 reward 0.300 lr 3.95e-06 595.9 min, 0.50 s/step
  epoch 2/2 step 25000/45858 loss 0.2179 ce 0.2377 reward 0.459 lr 3.93e-06 596.3 min, 0.50 s/step
  epoch 2/2 step 25050/45858 loss 0.1872 ce 0.3965 reward 0.291 lr 3.92e-06 596.7 min, 0.50 s/step
  epoch 2/2 step 25100/45858 loss 0.3482 ce 0.6795 reward -0.003 lr 3.91e-06 597.0 min, 0.50 s/step
  epoch 2/2 step 25150/45858 loss 0.8126 ce 0.4752 reward 0.163 lr 3.89e-06 597.4 min, 0.50 s/step
  epoch 2/2 step 25200/45858 loss 0.0069 ce 0.4349 reward 0.210 lr 3.88e-06 597.8 min, 0.50 s/step
  epoch 2/2 step 25250/45858 loss 0.0080 ce 0.5018 reward 0.151 lr 3.87e-06 598.3 min, 0.50 s/step
  epoch 2/2 step 25300/45858 loss 0.3165 ce 0.3479 reward 0.322 lr 3.85e-06 598.8 min, 0.50 s/step
  epoch 2/2 step 25350/45858 loss -0.5976 ce 0.6057 reward 0.072 lr 3.84e-06 599.2 min, 0.50 s/step
  epoch 2/2 step 25400/45858 loss 0.8091 ce 0.6540 reward -0.062 lr 3.83e-06 599.6 min, 0.50 s/step
  epoch 2/2 step 25450/45858 loss -0.3778 ce 0.6758 reward 0.000 lr 3.81e-06 600.1 min, 0.50 s/step
  epoch 2/2 step 25500/45858 loss 0.0099 ce 0.4217 reward 0.272 lr 3.80e-06 600.4 min, 0.50 s/step
  epoch 2/2 step 25550/45858 loss 0.1120 ce 0.4701 reward 0.197 lr 3.79e-06 600.8 min, 0.50 s/step
  epoch 2/2 step 25600/45858 loss 0.9802 ce 0.5257 reward 0.113 lr 3.77e-06 601.3 min, 0.50 s/step
  epoch 2/2 step 25650/45858 loss 0.1632 ce 0.3560 reward 0.307 lr 3.76e-06 601.7 min, 0.50 s/step
  epoch 2/2 step 25700/45858 loss 0.5378 ce 0.5075 reward 0.099 lr 3.75e-06 602.0 min, 0.50 s/step
  epoch 2/2 step 25750/45858 loss 0.6287 ce 0.5528 reward 0.078 lr 3.73e-06 602.6 min, 0.50 s/step
  epoch 2/2 step 25800/45858 loss 0.5843 ce 0.5554 reward 0.040 lr 3.72e-06 603.0 min, 0.50 s/step
  epoch 2/2 step 25850/45858 loss 0.4874 ce 0.4814 reward 0.144 lr 3.71e-06 603.4 min, 0.50 s/step
  epoch 2/2 step 25900/45858 loss 0.4998 ce 0.5100 reward 0.101 lr 3.70e-06 603.8 min, 0.50 s/step
  epoch 2/2 step 25950/45858 loss -0.6220 ce 0.5470 reward 0.139 lr 3.68e-06 604.3 min, 0.50 s/step
  epoch 2/2 step 26000/45858 loss 0.4118 ce 0.4581 reward 0.211 lr 3.67e-06 604.7 min, 0.50 s/step
  epoch 2/2 step 26050/45858 loss 0.9177 ce 0.5924 reward 0.037 lr 3.66e-06 605.1 min, 0.50 s/step
  epoch 2/2 step 26100/45858 loss 0.5519 ce 0.6124 reward -0.023 lr 3.64e-06 605.5 min, 0.50 s/step
  epoch 2/2 step 26150/45858 loss -0.5835 ce 0.6562 reward 0.020 lr 3.63e-06 606.0 min, 0.50 s/step
  epoch 2/2 step 26200/45858 loss 0.4175 ce 0.3271 reward 0.364 lr 3.62e-06 606.4 min, 0.50 s/step
  epoch 2/2 step 26250/45858 loss 0.7466 ce 0.6415 reward -0.032 lr 3.61e-06 606.7 min, 0.50 s/step
  epoch 2/2 step 26300/45858 loss -0.4054 ce 0.6863 reward -0.010 lr 3.59e-06 607.3 min, 0.51 s/step
  epoch 2/2 step 26350/45858 loss 0.0586 ce 0.3972 reward 0.284 lr 3.58e-06 607.7 min, 0.50 s/step
  epoch 2/2 step 26400/45858 loss 0.1741 ce 0.5462 reward 0.079 lr 3.57e-06 608.1 min, 0.50 s/step
  epoch 2/2 step 26450/45858 loss -0.0031 ce 0.3954 reward 0.268 lr 3.55e-06 608.4 min, 0.50 s/step
  epoch 2/2 step 26500/45858 loss -0.5534 ce 0.6844 reward -0.008 lr 3.54e-06 608.9 min, 0.50 s/step
  epoch 2/2 step 26550/45858 loss -0.0568 ce 0.3896 reward 0.300 lr 3.53e-06 609.4 min, 0.50 s/step
  epoch 2/2 step 26600/45858 loss 0.1033 ce 0.2431 reward 0.463 lr 3.52e-06 609.8 min, 0.50 s/step
  epoch 2/2 step 26650/45858 loss 0.3118 ce 0.6392 reward -0.021 lr 3.50e-06 610.2 min, 0.50 s/step
  epoch 2/2 step 26700/45858 loss -0.0528 ce 0.3640 reward 0.318 lr 3.49e-06 610.6 min, 0.50 s/step
  epoch 2/2 step 26750/45858 loss 1.0354 ce 0.6688 reward -0.102 lr 3.48e-06 611.0 min, 0.50 s/step
  epoch 2/2 step 26800/45858 loss 0.5742 ce 0.6719 reward 0.004 lr 3.47e-06 611.5 min, 0.50 s/step
  epoch 2/2 step 26850/45858 loss 0.5664 ce 0.5353 reward 0.119 lr 3.45e-06 612.0 min, 0.50 s/step
  epoch 2/2 step 26900/45858 loss 0.1440 ce 1.3119 reward -0.736 lr 3.44e-06 612.3 min, 0.50 s/step
  epoch 2/2 step 26950/45858 loss 0.1582 ce 0.4210 reward 0.248 lr 3.43e-06 612.7 min, 0.50 s/step
  epoch 2/2 step 27000/45858 loss 0.2932 ce 0.4444 reward 0.218 lr 3.42e-06 613.2 min, 0.50 s/step
  epoch 2/2 step 27050/45858 loss -0.0278 ce 0.2579 reward 0.440 lr 3.40e-06 613.5 min, 0.50 s/step
  epoch 2/2 step 27100/45858 loss 0.4682 ce 1.1683 reward -0.583 lr 3.39e-06 614.0 min, 0.50 s/step
  epoch 2/2 step 27150/45858 loss 0.4928 ce 0.3990 reward 0.256 lr 3.38e-06 614.4 min, 0.50 s/step
  epoch 2/2 step 27200/45858 loss 0.3546 ce 0.5054 reward 0.150 lr 3.37e-06 614.8 min, 0.50 s/step
  epoch 2/2 step 27250/45858 loss -1.7054 ce 0.4246 reward 0.279 lr 3.36e-06 615.3 min, 0.51 s/step
  epoch 2/2 step 27300/45858 loss 0.8303 ce 0.7503 reward -0.209 lr 3.34e-06 615.6 min, 0.50 s/step
  epoch 2/2 step 27350/45858 loss 0.1821 ce 0.3553 reward 0.335 lr 3.33e-06 615.9 min, 0.50 s/step
  epoch 2/2 step 27400/45858 loss 0.4832 ce 0.4022 reward 0.251 lr 3.32e-06 616.3 min, 0.50 s/step
  epoch 2/2 step 27450/45858 loss -0.5887 ce 0.6771 reward -0.001 lr 3.31e-06 616.7 min, 0.50 s/step
  epoch 2/2 step 27500/45858 loss 0.1904 ce 0.2504 reward 0.457 lr 3.29e-06 617.0 min, 0.50 s/step
  epoch 2/2 step 27550/45858 loss 0.2037 ce 0.3478 reward 0.313 lr 3.28e-06 617.5 min, 0.50 s/step
  epoch 2/2 step 27600/45858 loss 0.4218 ce 0.5517 reward 0.054 lr 3.27e-06 617.9 min, 0.50 s/step
  epoch 2/2 step 27650/45858 loss 0.1542 ce 0.6771 reward -0.001 lr 3.26e-06 618.3 min, 0.50 s/step
  epoch 2/2 step 27700/45858 loss 0.0634 ce 0.6468 reward -0.066 lr 3.25e-06 618.7 min, 0.50 s/step
  epoch 2/2 step 27750/45858 loss 1.2436 ce 0.6549 reward -0.024 lr 3.23e-06 619.1 min, 0.50 s/step
  epoch 2/2 step 27800/45858 loss 0.3728 ce 0.6314 reward -0.023 lr 3.22e-06 619.5 min, 0.50 s/step
  epoch 2/2 step 27850/45858 loss 0.4668 ce 0.4621 reward 0.166 lr 3.21e-06 619.9 min, 0.50 s/step
  epoch 2/2 step 27900/45858 loss 0.2074 ce 0.4264 reward 0.216 lr 3.20e-06 620.3 min, 0.50 s/step
  epoch 2/2 step 27950/45858 loss 0.2167 ce 0.3017 reward 0.382 lr 3.19e-06 620.8 min, 0.50 s/step
  epoch 2/2 step 28000/45858 loss -0.0678 ce 0.6684 reward 0.008 lr 3.17e-06 621.2 min, 0.50 s/step
  epoch 2/2 step 28050/45858 loss 1.1222 ce 0.5436 reward 0.100 lr 3.16e-06 621.6 min, 0.50 s/step
  epoch 2/2 step 28100/45858 loss 0.1448 ce 0.3745 reward 0.317 lr 3.15e-06 622.0 min, 0.50 s/step
  epoch 2/2 step 28150/45858 loss 0.2289 ce 0.4768 reward 0.147 lr 3.14e-06 622.5 min, 0.50 s/step
  epoch 2/2 step 28200/45858 loss -0.0255 ce 0.4036 reward 0.248 lr 3.13e-06 622.9 min, 0.50 s/step
  epoch 2/2 step 28250/45858 loss -0.7432 ce 0.6758 reward 0.000 lr 3.12e-06 623.3 min, 0.50 s/step
  epoch 2/2 step 28300/45858 loss 0.4240 ce 0.6097 reward -0.027 lr 3.10e-06 623.8 min, 0.50 s/step
  epoch 2/2 step 28350/45858 loss -0.0274 ce 0.3772 reward 0.282 lr 3.09e-06 624.2 min, 0.50 s/step
  epoch 2/2 step 28400/45858 loss 0.2547 ce 0.4429 reward 0.193 lr 3.08e-06 624.6 min, 0.50 s/step
  epoch 2/2 step 28450/45858 loss 0.1512 ce 0.4775 reward 0.189 lr 3.07e-06 625.0 min, 0.50 s/step
  epoch 2/2 step 28500/45858 loss 0.2862 ce 0.5076 reward 0.107 lr 3.06e-06 625.4 min, 0.50 s/step
  epoch 2/2 step 28550/45858 loss 0.3364 ce 0.4158 reward 0.253 lr 3.05e-06 625.7 min, 0.50 s/step
  epoch 2/2 step 28600/45858 loss 0.0248 ce 0.4278 reward 0.248 lr 3.04e-06 626.1 min, 0.50 s/step
  epoch 2/2 step 28650/45858 loss -0.2419 ce 0.3405 reward 0.359 lr 3.02e-06 626.5 min, 0.50 s/step
  epoch 2/2 step 28700/45858 loss 0.4889 ce 0.6129 reward -0.040 lr 3.01e-06 626.9 min, 0.50 s/step
  epoch 2/2 step 28750/45858 loss 0.2928 ce 0.2708 reward 0.421 lr 3.00e-06 627.4 min, 0.50 s/step
  epoch 2/2 step 28800/45858 loss -1.1954 ce 0.1717 reward 0.560 lr 2.99e-06 627.9 min, 0.50 s/step
  epoch 2/2 step 28850/45858 loss 0.7772 ce 0.6020 reward -0.005 lr 2.98e-06 628.2 min, 0.50 s/step
  epoch 2/2 step 28900/45858 loss 0.0030 ce 0.6667 reward 0.010 lr 2.97e-06 628.6 min, 0.50 s/step
  epoch 2/2 step 28950/45858 loss 0.5647 ce 0.5088 reward 0.133 lr 2.96e-06 629.1 min, 0.50 s/step
  epoch 2/2 step 29000/45858 loss 0.3040 ce 0.4706 reward 0.158 lr 2.94e-06 629.5 min, 0.50 s/step
  epoch 2/2 step 29050/45858 loss -0.1083 ce 0.2150 reward 0.487 lr 2.93e-06 630.0 min, 0.50 s/step
  epoch 2/2 step 29100/45858 loss 1.1334 ce 0.9016 reward -0.270 lr 2.92e-06 630.6 min, 0.50 s/step
  epoch 2/2 step 29150/45858 loss 0.7880 ce 0.4642 reward 0.207 lr 2.91e-06 631.0 min, 0.50 s/step
  epoch 2/2 step 29200/45858 loss 0.6796 ce 0.7657 reward -0.243 lr 2.90e-06 631.3 min, 0.50 s/step
  epoch 2/2 step 29250/45858 loss 0.0142 ce 0.5527 reward 0.076 lr 2.89e-06 631.7 min, 0.50 s/step
  epoch 2/2 step 29300/45858 loss 0.0675 ce 0.4315 reward 0.241 lr 2.88e-06 632.2 min, 0.50 s/step
  epoch 2/2 step 29350/45858 loss 0.6030 ce 0.4915 reward 0.158 lr 2.87e-06 632.6 min, 0.50 s/step
  epoch 2/2 step 29400/45858 loss 0.4350 ce 0.3781 reward 0.279 lr 2.86e-06 633.0 min, 0.50 s/step
  epoch 2/2 step 29450/45858 loss 0.2198 ce 0.4949 reward 0.126 lr 2.85e-06 633.4 min, 0.50 s/step
  epoch 2/2 step 29500/45858 loss 0.6112 ce 0.4330 reward 0.240 lr 2.83e-06 633.9 min, 0.50 s/step
  epoch 2/2 step 29550/45858 loss 0.4311 ce 0.4922 reward 0.117 lr 2.82e-06 634.3 min, 0.50 s/step
  epoch 2/2 step 29600/45858 loss 1.9429 ce 1.2446 reward -0.636 lr 2.81e-06 634.7 min, 0.50 s/step
  epoch 2/2 step 29650/45858 loss 0.4368 ce 0.5930 reward 0.008 lr 2.80e-06 635.1 min, 0.50 s/step
  epoch 2/2 step 29700/45858 loss -0.9828 ce 0.4760 reward 0.214 lr 2.79e-06 635.7 min, 0.50 s/step
  epoch 2/2 step 29750/45858 loss 0.3418 ce 0.4717 reward 0.144 lr 2.78e-06 636.0 min, 0.50 s/step
  epoch 2/2 step 29800/45858 loss 0.3353 ce 0.4073 reward 0.280 lr 2.77e-06 636.4 min, 0.50 s/step
  epoch 2/2 step 29850/45858 loss -0.3102 ce 0.3704 reward 0.321 lr 2.76e-06 636.7 min, 0.50 s/step
  epoch 2/2 step 29900/45858 loss 0.9393 ce 0.7401 reward -0.173 lr 2.75e-06 637.3 min, 0.50 s/step
  epoch 2/2 step 29950/45858 loss 0.4317 ce 0.4592 reward 0.176 lr 2.74e-06 637.7 min, 0.50 s/step
  epoch 2/2 step 30000/45858 loss 0.4765 ce 0.4560 reward 0.213 lr 2.73e-06 638.2 min, 0.50 s/step
  epoch 2/2 step 30050/45858 loss -0.1833 ce 0.4942 reward 0.123 lr 2.72e-06 638.6 min, 0.50 s/step
  epoch 2/2 step 30100/45858 loss 0.8413 ce 0.5544 reward 0.080 lr 2.70e-06 639.0 min, 0.50 s/step
  epoch 2/2 step 30150/45858 loss 0.8166 ce 0.6376 reward -0.063 lr 2.69e-06 639.4 min, 0.50 s/step
  epoch 2/2 step 30200/45858 loss 0.3516 ce 0.4431 reward 0.203 lr 2.68e-06 639.9 min, 0.50 s/step
  epoch 2/2 step 30250/45858 loss 0.6954 ce 0.6789 reward -0.084 lr 2.67e-06 640.3 min, 0.50 s/step
  epoch 2/2 step 30300/45858 loss 0.8183 ce 0.6842 reward -0.113 lr 2.66e-06 640.8 min, 0.50 s/step
  epoch 2/2 step 30350/45858 loss 1.0112 ce 0.5406 reward 0.107 lr 2.65e-06 641.2 min, 0.50 s/step
  epoch 2/2 step 30400/45858 loss -0.2309 ce 0.3492 reward 0.341 lr 2.64e-06 641.6 min, 0.50 s/step
  epoch 2/2 step 30450/45858 loss 1.0156 ce 0.7410 reward -0.156 lr 2.63e-06 642.0 min, 0.50 s/step
  epoch 2/2 step 30500/45858 loss 0.2841 ce 0.4938 reward 0.133 lr 2.62e-06 642.4 min, 0.50 s/step
  epoch 2/2 step 30550/45858 loss 0.2019 ce 0.4476 reward 0.189 lr 2.61e-06 642.8 min, 0.50 s/step
  epoch 2/2 step 30600/45858 loss 0.7189 ce 0.4452 reward 0.203 lr 2.60e-06 643.2 min, 0.50 s/step
  epoch 2/2 step 30650/45858 loss -1.5852 ce 0.6702 reward 0.006 lr 2.59e-06 643.6 min, 0.50 s/step
  epoch 2/2 step 30700/45858 loss 0.1878 ce 0.6784 reward -0.086 lr 2.58e-06 644.0 min, 0.50 s/step
  epoch 2/2 step 30750/45858 loss 1.1257 ce 0.5760 reward 0.051 lr 2.57e-06 644.5 min, 0.50 s/step
  epoch 2/2 step 30800/45858 loss 0.2223 ce 0.4818 reward 0.133 lr 2.56e-06 644.9 min, 0.50 s/step
  epoch 2/2 step 30850/45858 loss 0.6653 ce 0.8061 reward -0.209 lr 2.55e-06 645.4 min, 0.50 s/step
  epoch 2/2 step 30900/45858 loss 0.0225 ce 0.3817 reward 0.302 lr 2.54e-06 645.9 min, 0.50 s/step
  epoch 2/2 step 30950/45858 loss -0.2444 ce 0.3054 reward 0.379 lr 2.53e-06 646.3 min, 0.50 s/step
  epoch 2/2 step 31000/45858 loss -0.0166 ce 0.4905 reward 0.124 lr 2.52e-06 646.7 min, 0.50 s/step
  epoch 2/2 step 31050/45858 loss 0.6064 ce 0.5273 reward 0.121 lr 2.51e-06 647.1 min, 0.50 s/step
  epoch 2/2 step 31100/45858 loss 0.2891 ce 0.3872 reward 0.261 lr 2.50e-06 647.6 min, 0.50 s/step
  epoch 2/2 step 31150/45858 loss -0.7272 ce 0.6864 reward -0.011 lr 2.49e-06 647.9 min, 0.50 s/step
  epoch 2/2 step 31200/45858 loss 0.3280 ce 0.6149 reward -0.016 lr 2.48e-06 648.3 min, 0.50 s/step
  epoch 2/2 step 31250/45858 loss -0.0312 ce 0.4322 reward 0.241 lr 2.47e-06 648.6 min, 0.50 s/step
  epoch 2/2 step 31300/45858 loss 0.2673 ce 0.4967 reward 0.152 lr 2.46e-06 649.1 min, 0.50 s/step
  epoch 2/2 step 31350/45858 loss 0.3317 ce 0.3021 reward 0.401 lr 2.45e-06 649.6 min, 0.50 s/step
  epoch 2/2 step 31400/45858 loss 0.7792 ce 0.5541 reward 0.045 lr 2.44e-06 650.0 min, 0.50 s/step
  epoch 2/2 step 31450/45858 loss 0.3192 ce 0.4138 reward 0.232 lr 2.43e-06 650.5 min, 0.50 s/step
  epoch 2/2 step 31500/45858 loss 0.3672 ce 0.3843 reward 0.280 lr 2.42e-06 650.9 min, 0.50 s/step
  epoch 2/2 step 31550/45858 loss 0.2113 ce 0.6775 reward -0.001 lr 2.41e-06 651.4 min, 0.50 s/step
  epoch 2/2 step 31600/45858 loss -0.1683 ce 0.3149 reward 0.386 lr 2.40e-06 651.7 min, 0.50 s/step
  epoch 2/2 step 31650/45858 loss 1.4752 ce 1.3227 reward -0.731 lr 2.39e-06 652.2 min, 0.50 s/step
  epoch 2/2 step 31700/45858 loss -0.5049 ce 0.3899 reward 0.300 lr 2.38e-06 652.7 min, 0.50 s/step
  epoch 2/2 step 31750/45858 loss 0.4892 ce 0.6272 reward -0.043 lr 2.37e-06 653.2 min, 0.51 s/step
  epoch 2/2 step 31800/45858 loss 0.2783 ce 0.6123 reward 0.001 lr 2.36e-06 653.6 min, 0.50 s/step
  epoch 2/2 step 31850/45858 loss 0.0298 ce 0.6788 reward -0.002 lr 2.35e-06 654.0 min, 0.50 s/step
  epoch 2/2 step 31900/45858 loss 0.3052 ce 0.5619 reward 0.093 lr 2.34e-06 654.4 min, 0.50 s/step
  epoch 2/2 step 31950/45858 loss 0.7501 ce 0.4758 reward 0.200 lr 2.34e-06 654.7 min, 0.50 s/step
  epoch 2/2 step 32000/45858 loss 0.3045 ce 0.3803 reward 0.303 lr 2.33e-06 655.1 min, 0.50 s/step
  epoch 2/2 step 32050/45858 loss 0.7024 ce 0.5147 reward 0.129 lr 2.32e-06 655.5 min, 0.50 s/step
  epoch 2/2 step 32100/45858 loss 0.1838 ce 0.4313 reward 0.221 lr 2.31e-06 655.9 min, 0.50 s/step
  epoch 2/2 step 32150/45858 loss -0.7353 ce 0.2887 reward 0.417 lr 2.30e-06 656.3 min, 0.50 s/step
  epoch 2/2 step 32200/45858 loss 0.7615 ce 0.5727 reward 0.063 lr 2.29e-06 656.8 min, 0.50 s/step
  epoch 2/2 step 32250/45858 loss -0.0235 ce 0.4140 reward 0.229 lr 2.28e-06 657.2 min, 0.50 s/step
  epoch 2/2 step 32300/45858 loss -1.3703 ce 0.6863 reward -0.011 lr 2.27e-06 657.6 min, 0.50 s/step
  epoch 2/2 step 32350/45858 loss -1.2793 ce 0.6879 reward -0.012 lr 2.26e-06 658.0 min, 0.50 s/step
  epoch 2/2 step 32400/45858 loss 0.5603 ce 0.4992 reward 0.145 lr 2.25e-06 658.4 min, 0.50 s/step
  epoch 2/2 step 32450/45858 loss 0.5020 ce 0.7711 reward -0.208 lr 2.24e-06 658.9 min, 0.50 s/step
  epoch 2/2 step 32500/45858 loss -0.3324 ce 0.3690 reward 0.326 lr 2.23e-06 659.2 min, 0.50 s/step
  epoch 2/2 step 32550/45858 loss 0.6171 ce 0.5780 reward 0.042 lr 2.22e-06 659.6 min, 0.50 s/step
  epoch 2/2 step 32600/45858 loss -0.0309 ce 0.4516 reward 0.187 lr 2.22e-06 660.1 min, 0.50 s/step
  epoch 2/2 step 32650/45858 loss 0.6493 ce 0.5938 reward -0.001 lr 2.21e-06 660.5 min, 0.50 s/step
  epoch 2/2 step 32700/45858 loss 0.4978 ce 0.5112 reward 0.150 lr 2.20e-06 660.9 min, 0.50 s/step
  epoch 2/2 step 32750/45858 loss 0.3694 ce 0.3970 reward 0.254 lr 2.19e-06 661.3 min, 0.50 s/step
  epoch 2/2 step 32800/45858 loss -0.7982 ce 0.5307 reward 0.156 lr 2.18e-06 661.7 min, 0.50 s/step
  epoch 2/2 step 32850/45858 loss 0.3559 ce 0.5607 reward 0.053 lr 2.17e-06 662.1 min, 0.50 s/step
  epoch 2/2 step 32900/45858 loss -0.4221 ce 0.3741 reward 0.320 lr 2.16e-06 662.5 min, 0.50 s/step
  epoch 2/2 step 32950/45858 loss 0.2753 ce 0.4506 reward 0.220 lr 2.15e-06 662.9 min, 0.50 s/step
  epoch 2/2 step 33000/45858 loss 0.3649 ce 0.3432 reward 0.326 lr 2.14e-06 663.3 min, 0.50 s/step
  epoch 2/2 step 33050/45858 loss 0.7842 ce 0.5582 reward 0.054 lr 2.14e-06 663.7 min, 0.50 s/step
  epoch 2/2 step 33100/45858 loss 0.2988 ce 0.3227 reward 0.347 lr 2.13e-06 664.0 min, 0.50 s/step
  epoch 2/2 step 33150/45858 loss 0.7116 ce 0.5618 reward 0.055 lr 2.12e-06 664.5 min, 0.50 s/step
  epoch 2/2 step 33200/45858 loss 0.5129 ce 0.6787 reward -0.060 lr 2.11e-06 664.9 min, 0.50 s/step
  epoch 2/2 step 33250/45858 loss 0.1461 ce 0.5314 reward 0.104 lr 2.10e-06 665.3 min, 0.50 s/step
  epoch 2/2 step 33300/45858 loss 0.0516 ce 0.3828 reward 0.273 lr 2.09e-06 665.7 min, 0.50 s/step
  epoch 2/2 step 33350/45858 loss 0.3557 ce 0.3047 reward 0.379 lr 2.08e-06 666.1 min, 0.50 s/step
  epoch 2/2 step 33400/45858 loss 0.6591 ce 0.7461 reward -0.168 lr 2.08e-06 666.5 min, 0.50 s/step
  epoch 2/2 step 33450/45858 loss 0.2810 ce 0.3654 reward 0.327 lr 2.07e-06 667.0 min, 0.50 s/step
  epoch 2/2 step 33500/45858 loss 0.5487 ce 0.3849 reward 0.263 lr 2.06e-06 667.4 min, 0.50 s/step
  epoch 2/2 step 33550/45858 loss 0.4620 ce 0.5141 reward 0.140 lr 2.05e-06 667.9 min, 0.50 s/step
  epoch 2/2 step 33600/45858 loss 0.1755 ce 0.2838 reward 0.402 lr 2.04e-06 668.2 min, 0.50 s/step
  epoch 2/2 step 33650/45858 loss 0.5899 ce 0.5173 reward 0.109 lr 2.03e-06 668.6 min, 0.50 s/step
  epoch 2/2 step 33700/45858 loss 0.7739 ce 0.5932 reward 0.008 lr 2.02e-06 669.1 min, 0.50 s/step
  epoch 2/2 step 33750/45858 loss 0.0109 ce 0.4155 reward 0.253 lr 2.02e-06 669.5 min, 0.50 s/step
  epoch 2/2 step 33800/45858 loss 0.2294 ce 0.3598 reward 0.335 lr 2.01e-06 669.8 min, 0.50 s/step
  epoch 2/2 step 33850/45858 loss 0.3524 ce 0.5985 reward -0.024 lr 2.00e-06 670.3 min, 0.50 s/step
  epoch 2/2 step 33900/45858 loss 0.7644 ce 0.6791 reward -0.003 lr 1.99e-06 670.7 min, 0.50 s/step
  epoch 2/2 step 33950/45858 loss -1.1006 ce 0.3898 reward 0.300 lr 1.98e-06 671.2 min, 0.50 s/step
  epoch 2/2 step 34000/45858 loss 0.6166 ce 0.4886 reward 0.137 lr 1.98e-06 671.5 min, 0.50 s/step
  epoch 2/2 step 34050/45858 loss 0.9702 ce 0.6680 reward -0.050 lr 1.97e-06 672.0 min, 0.50 s/step
  epoch 2/2 step 34100/45858 loss 0.4224 ce 0.2968 reward 0.388 lr 1.96e-06 672.4 min, 0.50 s/step
  epoch 2/2 step 34150/45858 loss 0.8607 ce 0.7587 reward -0.182 lr 1.95e-06 672.7 min, 0.50 s/step
  epoch 2/2 step 34200/45858 loss 0.8537 ce 0.8152 reward -0.212 lr 1.94e-06 673.1 min, 0.50 s/step
  epoch 2/2 step 34250/45858 loss 0.3061 ce 0.4868 reward 0.132 lr 1.94e-06 673.5 min, 0.50 s/step
  epoch 2/2 step 34300/45858 loss 0.7727 ce 0.5681 reward 0.034 lr 1.93e-06 673.9 min, 0.50 s/step
  epoch 2/2 step 34350/45858 loss 0.7450 ce 0.4521 reward 0.190 lr 1.92e-06 674.4 min, 0.50 s/step
  epoch 2/2 step 34400/45858 loss 0.7208 ce 0.4892 reward 0.180 lr 1.91e-06 674.8 min, 0.50 s/step
  epoch 2/2 step 34450/45858 loss 0.3929 ce 0.6879 reward -0.012 lr 1.90e-06 675.1 min, 0.50 s/step
  epoch 2/2 step 34500/45858 loss 0.1607 ce 0.3935 reward 0.254 lr 1.90e-06 675.6 min, 0.50 s/step
  epoch 2/2 step 34550/45858 loss 0.4642 ce 0.5933 reward -0.002 lr 1.89e-06 676.0 min, 0.50 s/step
  epoch 2/2 step 34600/45858 loss 0.5812 ce 0.5478 reward 0.041 lr 1.88e-06 676.4 min, 0.50 s/step
  epoch 2/2 step 34650/45858 loss 0.2796 ce 0.3447 reward 0.317 lr 1.87e-06 676.9 min, 0.50 s/step
  epoch 2/2 step 34700/45858 loss 0.1707 ce 0.4346 reward 0.210 lr 1.87e-06 677.4 min, 0.50 s/step
  epoch 2/2 step 34750/45858 loss 0.3346 ce 0.4998 reward 0.120 lr 1.86e-06 677.8 min, 0.50 s/step
  epoch 2/2 step 34800/45858 loss 0.5237 ce 0.3215 reward 0.353 lr 1.85e-06 678.2 min, 0.50 s/step
  epoch 2/2 step 34850/45858 loss 0.3820 ce 0.5233 reward 0.082 lr 1.84e-06 678.7 min, 0.50 s/step
  epoch 2/2 step 34900/45858 loss 0.4831 ce 0.4499 reward 0.178 lr 1.83e-06 679.1 min, 0.50 s/step
  epoch 2/2 step 34950/45858 loss 0.5167 ce 0.4617 reward 0.176 lr 1.83e-06 679.5 min, 0.50 s/step
  epoch 2/2 step 35000/45858 loss 0.9242 ce 0.4633 reward 0.176 lr 1.82e-06 679.9 min, 0.50 s/step
  epoch 2/2 step 35050/45858 loss 0.7893 ce 0.5316 reward 0.101 lr 1.81e-06 680.3 min, 0.50 s/step
  epoch 2/2 step 35100/45858 loss 0.9466 ce 0.8445 reward -0.211 lr 1.80e-06 680.8 min, 0.50 s/step
  epoch 2/2 step 35150/45858 loss 0.4639 ce 0.4001 reward 0.259 lr 1.80e-06 681.2 min, 0.50 s/step
  epoch 2/2 step 35200/45858 loss 1.1341 ce 0.5626 reward 0.047 lr 1.79e-06 681.6 min, 0.50 s/step
  epoch 2/2 step 35250/45858 loss 0.6584 ce 0.4649 reward 0.162 lr 1.78e-06 681.9 min, 0.50 s/step
  epoch 2/2 step 35300/45858 loss 0.2147 ce 0.4346 reward 0.204 lr 1.78e-06 682.3 min, 0.50 s/step
  epoch 2/2 step 35350/45858 loss 0.9162 ce 0.6861 reward -0.075 lr 1.77e-06 682.7 min, 0.50 s/step
  epoch 2/2 step 35400/45858 loss 0.5097 ce 0.4868 reward 0.172 lr 1.76e-06 683.1 min, 0.50 s/step
  epoch 2/2 step 35450/45858 loss -0.0938 ce 0.6811 reward -0.005 lr 1.75e-06 683.6 min, 0.50 s/step
  epoch 2/2 step 35500/45858 loss -0.1108 ce 0.4317 reward 0.237 lr 1.75e-06 683.9 min, 0.50 s/step
  epoch 2/2 step 35550/45858 loss 0.6211 ce 0.6033 reward -0.007 lr 1.74e-06 684.3 min, 0.50 s/step
  epoch 2/2 step 35600/45858 loss 0.2170 ce 0.3012 reward 0.372 lr 1.73e-06 684.8 min, 0.50 s/step
  epoch 2/2 step 35650/45858 loss 0.2392 ce 0.4234 reward 0.247 lr 1.73e-06 685.2 min, 0.50 s/step
  epoch 2/2 step 35700/45858 loss 0.3591 ce 0.5324 reward 0.075 lr 1.72e-06 685.6 min, 0.50 s/step
  epoch 2/2 step 35750/45858 loss 1.6682 ce 1.1816 reward -0.594 lr 1.71e-06 686.0 min, 0.50 s/step
  epoch 2/2 step 35800/45858 loss 0.3853 ce 0.5692 reward 0.117 lr 1.70e-06 686.5 min, 0.50 s/step
  epoch 2/2 step 35850/45858 loss 0.2945 ce 0.4571 reward 0.204 lr 1.70e-06 687.0 min, 0.50 s/step
  epoch 2/2 step 35900/45858 loss 1.0608 ce 0.5143 reward 0.105 lr 1.69e-06 687.4 min, 0.50 s/step
  epoch 2/2 step 35950/45858 loss 0.3754 ce 0.5815 reward 0.030 lr 1.68e-06 687.9 min, 0.50 s/step
  epoch 2/2 step 36000/45858 loss 0.2888 ce 0.4254 reward 0.220 lr 1.68e-06 688.3 min, 0.50 s/step
  epoch 2/2 step 36050/45858 loss 0.2376 ce 0.3961 reward 0.265 lr 1.67e-06 688.7 min, 0.50 s/step
  epoch 2/2 step 36100/45858 loss -0.0109 ce 0.3678 reward 0.328 lr 1.66e-06 689.2 min, 0.50 s/step
  epoch 2/2 step 36150/45858 loss 0.0962 ce 0.4896 reward 0.140 lr 1.66e-06 689.6 min, 0.50 s/step
  epoch 2/2 step 36200/45858 loss 0.3380 ce 0.4023 reward 0.244 lr 1.65e-06 690.0 min, 0.50 s/step
  epoch 2/2 step 36250/45858 loss -0.0458 ce 0.3719 reward 0.261 lr 1.64e-06 690.5 min, 0.50 s/step
  epoch 2/2 step 36300/45858 loss 0.0823 ce 0.3889 reward 0.270 lr 1.64e-06 691.0 min, 0.50 s/step
  epoch 2/2 step 36350/45858 loss 0.5557 ce 0.6582 reward -0.062 lr 1.63e-06 691.3 min, 0.50 s/step
  epoch 2/2 step 36400/45858 loss 0.1990 ce 0.5326 reward 0.110 lr 1.62e-06 691.7 min, 0.50 s/step
  epoch 2/2 step 36450/45858 loss -0.0565 ce 0.4394 reward 0.237 lr 1.62e-06 692.2 min, 0.50 s/step
  epoch 2/2 step 36500/45858 loss 0.2663 ce 0.4688 reward 0.171 lr 1.61e-06 692.6 min, 0.50 s/step
  epoch 2/2 step 36550/45858 loss 0.3411 ce 0.4294 reward 0.210 lr 1.60e-06 693.0 min, 0.50 s/step
  epoch 2/2 step 36600/45858 loss 0.8452 ce 0.8887 reward -0.316 lr 1.60e-06 693.5 min, 0.50 s/step
  epoch 2/2 step 36650/45858 loss 0.3051 ce 0.3195 reward 0.355 lr 1.59e-06 693.9 min, 0.50 s/step
  epoch 2/2 step 36700/45858 loss 0.6591 ce 0.6231 reward -0.033 lr 1.58e-06 694.2 min, 0.50 s/step
  epoch 2/2 step 36750/45858 loss 0.3202 ce 0.6904 reward -0.081 lr 1.58e-06 694.7 min, 0.50 s/step
  epoch 2/2 step 36800/45858 loss 0.2126 ce 0.2892 reward 0.413 lr 1.57e-06 695.0 min, 0.50 s/step
  epoch 2/2 step 36850/45858 loss 0.0577 ce 0.3770 reward 0.282 lr 1.57e-06 695.5 min, 0.50 s/step
  epoch 2/2 step 36900/45858 loss 0.4642 ce 1.3419 reward -0.756 lr 1.56e-06 696.0 min, 0.50 s/step
  epoch 2/2 step 36950/45858 loss 0.5061 ce 0.7162 reward -0.158 lr 1.55e-06 696.5 min, 0.50 s/step
  epoch 2/2 step 37000/45858 loss 1.5557 ce 1.2374 reward -0.662 lr 1.55e-06 696.9 min, 0.50 s/step
  epoch 2/2 step 37050/45858 loss 0.8817 ce 0.5687 reward 0.027 lr 1.54e-06 697.4 min, 0.50 s/step
  epoch 2/2 step 37100/45858 loss 0.5265 ce 0.5226 reward 0.131 lr 1.54e-06 697.7 min, 0.50 s/step
  epoch 2/2 step 37150/45858 loss 0.1357 ce 0.2457 reward 0.443 lr 1.53e-06 698.1 min, 0.50 s/step
  epoch 2/2 step 37200/45858 loss 0.8019 ce 0.4974 reward 0.126 lr 1.52e-06 698.5 min, 0.50 s/step
  epoch 2/2 step 37250/45858 loss 0.9037 ce 0.6323 reward -0.037 lr 1.52e-06 699.1 min, 0.50 s/step
  epoch 2/2 step 37300/45858 loss 1.1233 ce 0.7038 reward -0.101 lr 1.51e-06 699.5 min, 0.50 s/step
  epoch 2/2 step 37350/45858 loss 0.4916 ce 0.4744 reward 0.155 lr 1.51e-06 700.0 min, 0.50 s/step
  epoch 2/2 step 37400/45858 loss 0.3984 ce 0.5048 reward 0.128 lr 1.50e-06 700.4 min, 0.50 s/step
  epoch 2/2 step 37450/45858 loss -1.2519 ce 0.6057 reward 0.072 lr 1.49e-06 700.9 min, 0.50 s/step
  epoch 2/2 step 37500/45858 loss 0.5052 ce 0.6620 reward -0.090 lr 1.49e-06 701.4 min, 0.50 s/step
  epoch 2/2 step 37550/45858 loss -0.6168 ce 0.6614 reward 0.015 lr 1.48e-06 701.9 min, 0.50 s/step
  epoch 2/2 step 37600/45858 loss 0.7354 ce 0.4017 reward 0.246 lr 1.48e-06 702.3 min, 0.50 s/step
  epoch 2/2 step 37650/45858 loss -0.5584 ce 0.3290 reward 0.369 lr 1.47e-06 702.7 min, 0.50 s/step
  epoch 2/2 step 37700/45858 loss -0.3554 ce 0.4865 reward 0.198 lr 1.46e-06 703.0 min, 0.50 s/step
  epoch 2/2 step 37750/45858 loss 0.1767 ce 0.4532 reward 0.213 lr 1.46e-06 703.5 min, 0.50 s/step
  epoch 2/2 step 37800/45858 loss 0.4498 ce 0.5253 reward 0.112 lr 1.45e-06 704.0 min, 0.50 s/step
  epoch 2/2 step 37850/45858 loss 0.5261 ce 0.4182 reward 0.228 lr 1.45e-06 704.5 min, 0.50 s/step
  epoch 2/2 step 37900/45858 loss 0.3196 ce 0.5422 reward 0.099 lr 1.44e-06 705.1 min, 0.51 s/step
  epoch 2/2 step 37950/45858 loss -0.2525 ce 0.4455 reward 0.223 lr 1.44e-06 705.5 min, 0.51 s/step
  epoch 2/2 step 38000/45858 loss 0.8539 ce 0.7149 reward -0.126 lr 1.43e-06 706.0 min, 0.51 s/step
  epoch 2/2 step 38050/45858 loss -0.5274 ce 0.6057 reward 0.072 lr 1.43e-06 706.5 min, 0.51 s/step
  epoch 2/2 step 38100/45858 loss 0.1207 ce 0.3401 reward 0.357 lr 1.42e-06 706.8 min, 0.51 s/step
  epoch 2/2 step 38150/45858 loss 1.6192 ce 0.7690 reward -0.113 lr 1.42e-06 707.2 min, 0.51 s/step
  epoch 2/2 step 38200/45858 loss -0.2099 ce 0.3903 reward 0.299 lr 1.41e-06 707.6 min, 0.51 s/step
  epoch 2/2 step 38250/45858 loss 0.3731 ce 0.3730 reward 0.287 lr 1.40e-06 708.1 min, 0.51 s/step
  epoch 2/2 step 38300/45858 loss 1.0241 ce 0.9197 reward -0.388 lr 1.40e-06 708.5 min, 0.51 s/step
  epoch 2/2 step 38350/45858 loss 0.5175 ce 0.4444 reward 0.197 lr 1.39e-06 709.0 min, 0.51 s/step
  epoch 2/2 step 38400/45858 loss -0.4533 ce 0.3879 reward 0.305 lr 1.39e-06 709.4 min, 0.51 s/step
  epoch 2/2 step 38450/45858 loss 0.8170 ce 0.4152 reward 0.275 lr 1.38e-06 709.8 min, 0.51 s/step
  epoch 2/2 step 38500/45858 loss 0.4625 ce 0.4085 reward 0.250 lr 1.38e-06 710.2 min, 0.51 s/step
  epoch 2/2 step 38550/45858 loss 0.5403 ce 0.5744 reward 0.017 lr 1.37e-06 710.5 min, 0.51 s/step
  epoch 2/2 step 38600/45858 loss 0.3494 ce 0.3623 reward 0.291 lr 1.37e-06 711.0 min, 0.51 s/step
  epoch 2/2 step 38650/45858 loss 0.1951 ce 0.4047 reward 0.280 lr 1.36e-06 711.3 min, 0.51 s/step
  epoch 2/2 step 38700/45858 loss -2.9322 ce 0.6667 reward 0.010 lr 1.36e-06 711.7 min, 0.51 s/step
  epoch 2/2 step 38750/45858 loss 1.0619 ce 0.8931 reward -0.343 lr 1.35e-06 712.2 min, 0.51 s/step
  epoch 2/2 step 38800/45858 loss 0.1670 ce 0.4277 reward 0.230 lr 1.35e-06 712.6 min, 0.51 s/step
  epoch 2/2 step 38850/45858 loss 0.1185 ce 0.4476 reward 0.186 lr 1.34e-06 713.0 min, 0.51 s/step
  epoch 2/2 step 38900/45858 loss 0.5287 ce 1.3187 reward -0.732 lr 1.34e-06 713.4 min, 0.51 s/step
  epoch 2/2 step 38950/45858 loss -0.7988 ce 0.6562 reward 0.020 lr 1.33e-06 713.8 min, 0.50 s/step
  epoch 2/2 step 39000/45858 loss -0.7489 ce 0.3652 reward 0.327 lr 1.33e-06 714.2 min, 0.50 s/step
  epoch 2/2 step 39050/45858 loss -0.5109 ce 0.3775 reward 0.313 lr 1.32e-06 714.6 min, 0.51 s/step
  epoch 2/2 step 39100/45858 loss 0.2361 ce 0.4531 reward 0.176 lr 1.32e-06 715.0 min, 0.50 s/step
  epoch 2/2 step 39150/45858 loss 0.4875 ce 0.5151 reward 0.097 lr 1.32e-06 715.5 min, 0.50 s/step
  epoch 2/2 step 39200/45858 loss -0.1098 ce 0.3565 reward 0.329 lr 1.31e-06 716.0 min, 0.51 s/step
  epoch 2/2 step 39250/45858 loss -0.0589 ce 0.6830 reward -0.007 lr 1.31e-06 716.4 min, 0.51 s/step
  epoch 2/2 step 39300/45858 loss -0.4116 ce 0.6738 reward 0.002 lr 1.30e-06 716.8 min, 0.51 s/step
  epoch 2/2 step 39350/45858 loss 1.1361 ce 1.2078 reward -0.595 lr 1.30e-06 717.1 min, 0.50 s/step
  epoch 2/2 step 39400/45858 loss 0.6605 ce 0.6268 reward -0.040 lr 1.29e-06 717.5 min, 0.50 s/step
  epoch 2/2 step 39450/45858 loss -0.5251 ce 0.6843 reward -0.008 lr 1.29e-06 718.0 min, 0.50 s/step
  epoch 2/2 step 39500/45858 loss 0.6343 ce 0.5001 reward 0.126 lr 1.28e-06 718.4 min, 0.50 s/step
  epoch 2/2 step 39550/45858 loss 0.2090 ce 0.4066 reward 0.244 lr 1.28e-06 718.7 min, 0.50 s/step
  epoch 2/2 step 39600/45858 loss -0.3669 ce 0.3320 reward 0.364 lr 1.27e-06 719.2 min, 0.50 s/step
  epoch 2/2 step 39650/45858 loss 0.0723 ce 0.3258 reward 0.350 lr 1.27e-06 719.6 min, 0.50 s/step
  epoch 2/2 step 39700/45858 loss 0.3742 ce 0.4814 reward 0.142 lr 1.27e-06 720.1 min, 0.50 s/step
  epoch 2/2 step 39750/45858 loss 0.4453 ce 0.4407 reward 0.199 lr 1.26e-06 720.6 min, 0.51 s/step
  epoch 2/2 step 39800/45858 loss -0.0933 ce 0.5827 reward 0.096 lr 1.26e-06 721.0 min, 0.51 s/step
  epoch 2/2 step 39850/45858 loss 0.4435 ce 0.5311 reward 0.068 lr 1.25e-06 721.4 min, 0.51 s/step
  epoch 2/2 step 39900/45858 loss 0.7648 ce 0.7575 reward -0.216 lr 1.25e-06 721.8 min, 0.51 s/step
  epoch 2/2 step 39950/45858 loss 0.5147 ce 0.4173 reward 0.231 lr 1.24e-06 722.2 min, 0.51 s/step
  epoch 2/2 step 40000/45858 loss 0.6412 ce 0.5205 reward 0.119 lr 1.24e-06 722.7 min, 0.51 s/step
  epoch 2/2 step 40050/45858 loss 0.2137 ce 0.4623 reward 0.170 lr 1.24e-06 723.0 min, 0.50 s/step
  epoch 2/2 step 40100/45858 loss -0.1422 ce 0.3128 reward 0.356 lr 1.23e-06 723.4 min, 0.50 s/step
  epoch 2/2 step 40150/45858 loss 0.1848 ce 0.2451 reward 0.453 lr 1.23e-06 723.9 min, 0.51 s/step
  epoch 2/2 step 40200/45858 loss 0.1489 ce 0.4538 reward 0.218 lr 1.22e-06 724.3 min, 0.51 s/step
  epoch 2/2 step 40250/45858 loss 0.5937 ce 0.8046 reward -0.210 lr 1.22e-06 724.7 min, 0.50 s/step
  epoch 2/2 step 40300/45858 loss 0.8075 ce 0.6764 reward -0.108 lr 1.22e-06 725.1 min, 0.50 s/step
  epoch 2/2 step 40350/45858 loss 0.0425 ce 0.6614 reward 0.015 lr 1.21e-06 725.5 min, 0.50 s/step
  epoch 2/2 step 40400/45858 loss -0.3011 ce 0.3290 reward 0.370 lr 1.21e-06 726.0 min, 0.50 s/step
  epoch 2/2 step 40450/45858 loss 0.0960 ce 0.3725 reward 0.293 lr 1.21e-06 726.4 min, 0.50 s/step
  epoch 2/2 step 40500/45858 loss 0.9625 ce 0.6877 reward -0.075 lr 1.20e-06 726.8 min, 0.50 s/step
  epoch 2/2 step 40550/45858 loss 1.3309 ce 1.3489 reward -0.751 lr 1.20e-06 727.2 min, 0.50 s/step
  epoch 2/2 step 40600/45858 loss 0.3001 ce 0.5031 reward 0.118 lr 1.19e-06 727.6 min, 0.50 s/step
  epoch 2/2 step 40650/45858 loss 0.2106 ce 0.4040 reward 0.276 lr 1.19e-06 728.0 min, 0.50 s/step
  epoch 2/2 step 40700/45858 loss -0.9620 ce 0.6670 reward 0.009 lr 1.19e-06 728.4 min, 0.50 s/step
  epoch 2/2 step 40750/45858 loss 0.6828 ce 0.5389 reward 0.080 lr 1.18e-06 728.8 min, 0.50 s/step
  epoch 2/2 step 40800/45858 loss 1.2365 ce 0.8512 reward -0.291 lr 1.18e-06 729.3 min, 0.50 s/step
  epoch 2/2 step 40850/45858 loss -0.1866 ce 0.4362 reward 0.237 lr 1.18e-06 729.8 min, 0.50 s/step
  epoch 2/2 step 40900/45858 loss 0.0994 ce 0.6738 reward 0.002 lr 1.17e-06 730.3 min, 0.51 s/step
  epoch 2/2 step 40950/45858 loss 0.2938 ce 0.4448 reward 0.229 lr 1.17e-06 730.7 min, 0.51 s/step
  epoch 2/2 step 41000/45858 loss 0.3287 ce 0.4109 reward 0.267 lr 1.17e-06 731.1 min, 0.51 s/step
  epoch 2/2 step 41050/45858 loss 0.0309 ce 0.3714 reward 0.315 lr 1.16e-06 731.5 min, 0.51 s/step
  epoch 2/2 step 41100/45858 loss 0.5328 ce 0.5314 reward 0.117 lr 1.16e-06 731.9 min, 0.51 s/step
  epoch 2/2 step 41150/45858 loss 0.1391 ce 0.5158 reward 0.098 lr 1.16e-06 732.3 min, 0.50 s/step
  epoch 2/2 step 41200/45858 loss 0.0051 ce 0.5008 reward 0.164 lr 1.15e-06 732.7 min, 0.50 s/step
  epoch 2/2 step 41250/45858 loss -0.2352 ce 0.4836 reward 0.171 lr 1.15e-06 733.1 min, 0.50 s/step
  epoch 2/2 step 41300/45858 loss 1.2279 ce 0.9381 reward -0.400 lr 1.15e-06 733.6 min, 0.50 s/step
  epoch 2/2 step 41350/45858 loss 0.2306 ce 0.4142 reward 0.266 lr 1.14e-06 733.9 min, 0.50 s/step
  epoch 2/2 step 41400/45858 loss 0.5271 ce 0.4653 reward 0.160 lr 1.14e-06 734.3 min, 0.50 s/step
  epoch 2/2 step 41450/45858 loss 0.2614 ce 0.3727 reward 0.279 lr 1.14e-06 734.7 min, 0.50 s/step
  epoch 2/2 step 41500/45858 loss 0.2761 ce 0.6323 reward -0.056 lr 1.13e-06 735.2 min, 0.50 s/step
  epoch 2/2 step 41550/45858 loss 0.1511 ce 0.5216 reward 0.117 lr 1.13e-06 735.6 min, 0.50 s/step
  epoch 2/2 step 41600/45858 loss -0.4875 ce 0.3288 reward 0.370 lr 1.13e-06 736.0 min, 0.50 s/step
  epoch 2/2 step 41650/45858 loss 0.1382 ce 0.4101 reward 0.278 lr 1.12e-06 736.5 min, 0.51 s/step
  epoch 2/2 step 41700/45858 loss 0.2218 ce 0.3432 reward 0.331 lr 1.12e-06 737.0 min, 0.51 s/step
  epoch 2/2 step 41750/45858 loss 0.6188 ce 0.6112 reward 0.071 lr 1.12e-06 737.5 min, 0.51 s/step
  epoch 2/2 step 41800/45858 loss 0.7227 ce 0.5005 reward 0.131 lr 1.12e-06 737.8 min, 0.51 s/step
  epoch 2/2 step 41850/45858 loss 0.1954 ce 0.2726 reward 0.420 lr 1.11e-06 738.3 min, 0.51 s/step
  epoch 2/2 step 41900/45858 loss 1.6641 ce 0.4653 reward 0.201 lr 1.11e-06 738.8 min, 0.51 s/step
  epoch 2/2 step 41950/45858 loss 0.6381 ce 0.4919 reward 0.161 lr 1.11e-06 739.2 min, 0.51 s/step
  epoch 2/2 step 42000/45858 loss -0.6346 ce 0.6758 reward 0.000 lr 1.10e-06 739.6 min, 0.51 s/step
  epoch 2/2 step 42050/45858 loss -1.6026 ce 0.6879 reward -0.012 lr 1.10e-06 740.1 min, 0.51 s/step
  epoch 2/2 step 42100/45858 loss 0.5123 ce 0.4161 reward 0.256 lr 1.10e-06 740.4 min, 0.51 s/step
  epoch 2/2 step 42150/45858 loss -0.5654 ce 0.3181 reward 0.383 lr 1.10e-06 740.8 min, 0.51 s/step
  epoch 2/2 step 42200/45858 loss 0.2431 ce 0.4363 reward 0.207 lr 1.09e-06 741.3 min, 0.51 s/step
  epoch 2/2 step 42250/45858 loss 0.2088 ce 0.6846 reward -0.009 lr 1.09e-06 741.7 min, 0.51 s/step
  epoch 2/2 step 42300/45858 loss 1.3042 ce 0.9573 reward -0.367 lr 1.09e-06 742.1 min, 0.51 s/step
  epoch 2/2 step 42350/45858 loss -0.0682 ce 0.4993 reward 0.128 lr 1.09e-06 742.5 min, 0.51 s/step
  epoch 2/2 step 42400/45858 loss -0.3023 ce 0.3775 reward 0.314 lr 1.08e-06 743.0 min, 0.51 s/step
  epoch 2/2 step 42450/45858 loss 0.5759 ce 0.6940 reward -0.088 lr 1.08e-06 743.4 min, 0.51 s/step
  epoch 2/2 step 42500/45858 loss 0.3140 ce 0.5325 reward 0.132 lr 1.08e-06 743.9 min, 0.51 s/step
  epoch 2/2 step 42550/45858 loss 0.2152 ce 0.7564 reward -0.162 lr 1.08e-06 744.2 min, 0.51 s/step
  epoch 2/2 step 42600/45858 loss 0.1625 ce 0.3186 reward 0.359 lr 1.07e-06 744.7 min, 0.51 s/step
  epoch 2/2 step 42650/45858 loss 0.3722 ce 0.4767 reward 0.152 lr 1.07e-06 745.0 min, 0.51 s/step
  epoch 2/2 step 42700/45858 loss 0.3721 ce 0.3998 reward 0.254 lr 1.07e-06 745.5 min, 0.51 s/step
  epoch 2/2 step 42750/45858 loss 0.3002 ce 0.5995 reward -0.005 lr 1.07e-06 745.9 min, 0.51 s/step
  epoch 2/2 step 42800/45858 loss 0.8683 ce 0.6632 reward -0.061 lr 1.07e-06 746.2 min, 0.50 s/step
  epoch 2/2 step 42850/45858 loss -2.1067 ce 0.6170 reward 0.060 lr 1.06e-06 746.5 min, 0.50 s/step
  epoch 2/2 step 42900/45858 loss 0.0377 ce 0.4961 reward 0.156 lr 1.06e-06 746.9 min, 0.50 s/step
  epoch 2/2 step 42950/45858 loss 0.3969 ce 0.6297 reward -0.021 lr 1.06e-06 747.3 min, 0.50 s/step
  epoch 2/2 step 43000/45858 loss -0.2398 ce 0.3439 reward 0.321 lr 1.06e-06 747.7 min, 0.50 s/step
  epoch 2/2 step 43050/45858 loss 0.2709 ce 0.4463 reward 0.190 lr 1.06e-06 748.1 min, 0.50 s/step
  epoch 2/2 step 43100/45858 loss 0.6339 ce 0.6012 reward 0.018 lr 1.05e-06 748.5 min, 0.50 s/step
  epoch 2/2 step 43150/45858 loss 0.5610 ce 0.7216 reward -0.194 lr 1.05e-06 749.0 min, 0.50 s/step
  epoch 2/2 step 43200/45858 loss 2.4608 ce 0.7622 reward -0.113 lr 1.05e-06 749.3 min, 0.50 s/step
  epoch 2/2 step 43250/45858 loss 0.2193 ce 0.6843 reward -0.008 lr 1.05e-06 749.7 min, 0.50 s/step
  epoch 2/2 step 43300/45858 loss 0.7159 ce 0.5098 reward 0.121 lr 1.05e-06 750.1 min, 0.50 s/step
  epoch 2/2 step 43350/45858 loss 0.3276 ce 0.3226 reward 0.355 lr 1.04e-06 750.5 min, 0.50 s/step
  epoch 2/2 step 43400/45858 loss -0.3773 ce 0.3900 reward 0.300 lr 1.04e-06 750.9 min, 0.50 s/step
  epoch 2/2 step 43450/45858 loss 0.5154 ce 0.5901 reward -0.002 lr 1.04e-06 751.3 min, 0.50 s/step
  epoch 2/2 step 43500/45858 loss 0.4163 ce 0.4036 reward 0.244 lr 1.04e-06 751.7 min, 0.50 s/step
  epoch 2/2 step 43550/45858 loss -0.7663 ce 0.5030 reward 0.185 lr 1.04e-06 752.1 min, 0.50 s/step
  epoch 2/2 step 43600/45858 loss -0.7549 ce 0.6057 reward 0.072 lr 1.04e-06 752.6 min, 0.50 s/step
  epoch 2/2 step 43650/45858 loss -0.1225 ce 0.5736 reward 0.106 lr 1.03e-06 752.9 min, 0.50 s/step
  epoch 2/2 step 43700/45858 loss 0.0213 ce 0.6827 reward -0.007 lr 1.03e-06 753.5 min, 0.50 s/step
  epoch 2/2 step 43750/45858 loss 0.4135 ce 0.6107 reward -0.015 lr 1.03e-06 753.9 min, 0.50 s/step
  epoch 2/2 step 43800/45858 loss 0.3460 ce 0.4342 reward 0.212 lr 1.03e-06 754.3 min, 0.50 s/step
  epoch 2/2 step 43850/45858 loss -0.3110 ce 0.3265 reward 0.371 lr 1.03e-06 754.8 min, 0.50 s/step
  epoch 2/2 step 43900/45858 loss -1.1819 ce 0.5827 reward 0.102 lr 1.03e-06 755.2 min, 0.50 s/step
  epoch 2/2 step 43950/45858 loss -1.1540 ce 0.6057 reward 0.072 lr 1.03e-06 755.6 min, 0.50 s/step
  epoch 2/2 step 44000/45858 loss -0.2527 ce 0.6064 reward 0.014 lr 1.02e-06 756.0 min, 0.50 s/step
  epoch 2/2 step 44050/45858 loss 0.2249 ce 0.6827 reward -0.007 lr 1.02e-06 756.4 min, 0.50 s/step
  epoch 2/2 step 44100/45858 loss 0.1828 ce 0.2840 reward 0.403 lr 1.02e-06 756.8 min, 0.50 s/step
  epoch 2/2 step 44150/45858 loss 0.7811 ce 0.4803 reward 0.166 lr 1.02e-06 757.2 min, 0.50 s/step
  epoch 2/2 step 44200/45858 loss 0.1893 ce 0.4293 reward 0.249 lr 1.02e-06 757.7 min, 0.50 s/step
  epoch 2/2 step 44250/45858 loss -0.6010 ce 0.6509 reward 0.026 lr 1.02e-06 758.1 min, 0.50 s/step
  epoch 2/2 step 44300/45858 loss -0.3931 ce 0.3318 reward 0.366 lr 1.02e-06 758.6 min, 0.50 s/step
  epoch 2/2 step 44350/45858 loss 0.4694 ce 0.5414 reward 0.065 lr 1.02e-06 759.0 min, 0.50 s/step
  epoch 2/2 step 44400/45858 loss 0.2556 ce 0.5220 reward 0.093 lr 1.01e-06 759.3 min, 0.50 s/step
  epoch 2/2 step 44450/45858 loss -1.8115 ce 0.6057 reward 0.072 lr 1.01e-06 759.6 min, 0.50 s/step
  epoch 2/2 step 44500/45858 loss -0.3770 ce 0.6843 reward -0.008 lr 1.01e-06 760.1 min, 0.50 s/step
  epoch 2/2 step 44550/45858 loss 0.5050 ce 0.5783 reward 0.040 lr 1.01e-06 760.6 min, 0.50 s/step
  epoch 2/2 step 44600/45858 loss 0.2363 ce 0.5037 reward 0.141 lr 1.01e-06 761.0 min, 0.50 s/step
  epoch 2/2 step 44650/45858 loss 0.4351 ce 0.5162 reward 0.091 lr 1.01e-06 761.4 min, 0.50 s/step
  epoch 2/2 step 44700/45858 loss 0.6913 ce 1.2354 reward -0.772 lr 1.01e-06 761.8 min, 0.50 s/step
  epoch 2/2 step 44750/45858 loss 0.0641 ce 0.4441 reward 0.195 lr 1.01e-06 762.2 min, 0.50 s/step
  epoch 2/2 step 44800/45858 loss 0.5383 ce 0.7358 reward -0.146 lr 1.01e-06 762.6 min, 0.50 s/step
  epoch 2/2 step 44850/45858 loss 0.7655 ce 0.7282 reward -0.126 lr 1.01e-06 763.0 min, 0.50 s/step
  epoch 2/2 step 44900/45858 loss 0.5113 ce 0.7394 reward -0.168 lr 1.01e-06 763.3 min, 0.50 s/step
  epoch 2/2 step 44950/45858 loss 2.0468 ce 2.1564 reward -1.150 lr 1.01e-06 763.8 min, 0.50 s/step
  epoch 2/2 step 45000/45858 loss 0.2409 ce 0.4423 reward 0.219 lr 1.01e-06 764.2 min, 0.50 s/step
  epoch 2/2 step 45050/45858 loss 0.4377 ce 0.6791 reward -0.003 lr 1.00e-06 764.7 min, 0.50 s/step
  epoch 2/2 step 45100/45858 loss 0.3938 ce 0.5477 reward 0.059 lr 1.00e-06 765.1 min, 0.50 s/step
  epoch 2/2 step 45150/45858 loss 0.2153 ce 0.6807 reward -0.005 lr 1.00e-06 765.4 min, 0.50 s/step
  epoch 2/2 step 45200/45858 loss -0.7636 ce 0.6830 reward -0.007 lr 1.00e-06 765.8 min, 0.50 s/step
  epoch 2/2 step 45250/45858 loss 0.1688 ce 0.6057 reward 0.072 lr 1.00e-06 766.4 min, 0.50 s/step
  epoch 2/2 step 45300/45858 loss -0.0203 ce 0.6771 reward -0.001 lr 1.00e-06 766.9 min, 0.50 s/step
  epoch 2/2 step 45350/45858 loss 0.4061 ce 0.4857 reward 0.138 lr 1.00e-06 767.3 min, 0.50 s/step
  epoch 2/2 step 45400/45858 loss 0.2830 ce 0.6340 reward 0.043 lr 1.00e-06 767.8 min, 0.50 s/step
  epoch 2/2 step 45450/45858 loss 0.3235 ce 0.6723 reward 0.004 lr 1.00e-06 768.2 min, 0.50 s/step
  epoch 2/2 step 45500/45858 loss 0.6835 ce 0.5849 reward 0.038 lr 1.00e-06 768.7 min, 0.50 s/step
  epoch 2/2 step 45550/45858 loss 0.5236 ce 0.4201 reward 0.240 lr 1.00e-06 769.0 min, 0.50 s/step
  epoch 2/2 step 45600/45858 loss 0.4605 ce 0.4710 reward 0.163 lr 1.00e-06 769.4 min, 0.50 s/step
  epoch 2/2 step 45650/45858 loss 0.3035 ce 0.5122 reward 0.102 lr 1.00e-06 769.8 min, 0.50 s/step
  epoch 2/2 step 45700/45858 loss -0.5512 ce 0.5326 reward 0.149 lr 1.00e-06 770.2 min, 0.50 s/step
  epoch 2/2 step 45750/45858 loss -0.2469 ce 0.3533 reward 0.343 lr 1.00e-06 770.6 min, 0.50 s/step
  epoch 2/2 step 45800/45858 loss 0.7175 ce 0.4832 reward 0.152 lr 1.00e-06 771.1 min, 0.50 s/step
  epoch 2/2 step 45850/45858 loss 0.4640 ce 0.5117 reward 0.143 lr 1.00e-06 771.5 min, 0.50 s/step
=== epoch 2 done, avg loss 0.2717, 771.6 min ===
calibrating temperatures
temperatures (choice, score, noul): [1.068, 1.21, 1.04]
saved to /work/thai/out/laya-th-run9 after 771.9 min
== [03:41] 3/5 eval: cs9 held-out (run 8 / run 9)
student vs teacher on /work/thai/data/cs/cs9_eval.jsonl:
  choice  n=21892 argmax agreement 0.925  mean TV distance 0.079
  noul    n=16419 argmax agreement 0.990  mean TV distance 0.022
  score   n=10946 argmax agreement 0.873  mean TV distance 0.096

/work/thai/out/laya-th-run8: 5473 eval records, 90 ms/record
overall: 11720 decisions, accuracy 0.968, Brier 0.060, ECE 0.088
source:type                      n    acc  brier    mae
b77:choice                    1242  0.975  0.051 
banking:choice                1216  0.988  0.032 
ecommerce:choice              3064  0.994  0.021 
insurance:choice              1784  0.975  0.049 
iqa:choice                     622  0.992  0.026 
other_gen:choice               494  0.992  0.027 
pantip_banking:choice          136  0.801  0.313 
pantip_banking:score            50  0.840  0.246  0.251
pantip_insurance:choice         19  0.842  0.280 
pantip_insurance:score           8  1.000  0.013  0.138
pantip_telecom:choice          116  0.802  0.321 
pantip_telecom:score            39  0.897  0.179  0.188
telecom:choice                1130  0.958  0.069 
wisesight:choice              1800  0.917  0.131 
tickets: department 4/5  refund 5/5  frustration MAE 0.50
   โดนหักเงินซ้ำสองครั้งเมื่อวานน billing   p=0.97 frustration=1.87 refund=0.97
   เน็ตบ้านหลุดบ่อยมากตั้งแต่เมื่ technical p=0.98 frustration=1.57 refund=0.07
   สนใจเปลี่ยนเป็นแพ็กเกจ 5G ที่โ sales     p=0.96 frustration=0.45 refund=0.05
   ใบแจ้งหนี้เดือนนี้แพงกว่าปกติ  billing   p=0.99 frustration=1.26 refund=0.09
   แอปล็อกอินไม่ได้ ขึ้นว่ารหัสผิ billing   p=0.48 frustration=1.91 refund=0.22
student vs teacher on /work/thai/data/cs/cs9_eval.jsonl:
  choice  n=21892 argmax agreement 0.914  mean TV distance 0.087
  noul    n=16419 argmax agreement 0.990  mean TV distance 0.022
  score   n=10946 argmax agreement 0.867  mean TV distance 0.106

/work/thai/out/laya-th-run9: 5473 eval records, 90 ms/record
overall: 11720 decisions, accuracy 0.954, Brier 0.081, ECE 0.085
source:type                      n    acc  brier    mae
b77:choice                    1242  0.965  0.067 
banking:choice                1216  0.982  0.037 
ecommerce:choice              3064  0.982  0.038 
insurance:choice              1784  0.967  0.061 
iqa:choice                     622  0.992  0.027 
other_gen:choice               494  0.990  0.032 
pantip_banking:choice          136  0.632  0.617 
pantip_banking:score            50  0.740  0.392  0.371
pantip_insurance:choice         19  0.684  0.555 
pantip_insurance:score           8  1.000  0.017  0.160
pantip_telecom:choice          116  0.724  0.453 
pantip_telecom:score            39  0.872  0.251  0.269
telecom:choice                1130  0.953  0.075 
wisesight:choice              1800  0.892  0.168 
tickets: department 5/5  refund 5/5  frustration MAE 0.46
   โดนหักเงินซ้ำสองครั้งเมื่อวานน billing   p=0.97 frustration=1.85 refund=0.97
   เน็ตบ้านหลุดบ่อยมากตั้งแต่เมื่ technical p=0.96 frustration=1.63 refund=0.09
   สนใจเปลี่ยนเป็นแพ็กเกจ 5G ที่โ sales     p=0.97 frustration=0.42 refund=0.04
   ใบแจ้งหนี้เดือนนี้แพงกว่าปกติ  billing   p=0.99 frustration=0.94 refund=0.17
   แอปล็อกอินไม่ได้ ขึ้นว่ารหัสผิ technical p=0.91 frustration=1.82 refund=0.22
== [05:01] 4/5 eval: real Pantip set (run 9), public set (run 9), krathu-500 (run 9)

/work/thai/out/laya-th-run9: 360 eval records, 143 ms/record
overall: 1080 decisions, accuracy 0.650, Brier 0.582, ECE 0.206
source:type                      n    acc  brier    mae
banking:choice                 240  0.562  0.741 
banking:score                  120  0.792  0.325  0.334
insurance:choice               240  0.542  0.758 
insurance:score                120  0.742  0.430  0.374
telecom:choice                 240  0.654  0.577 
telecom:score                  120  0.800  0.329  0.291
tickets: department 5/5  refund 5/5  frustration MAE 0.46
   โดนหักเงินซ้ำสองครั้งเมื่อวานน billing   p=0.97 frustration=1.85 refund=0.97
   เน็ตบ้านหลุดบ่อยมากตั้งแต่เมื่ technical p=0.96 frustration=1.63 refund=0.09
   สนใจเปลี่ยนเป็นแพ็กเกจ 5G ที่โ sales     p=0.97 frustration=0.42 refund=0.04
   ใบแจ้งหนี้เดือนนี้แพงกว่าปกติ  billing   p=0.99 frustration=0.94 refund=0.17
   แอปล็อกอินไม่ได้ ขึ้นว่ารหัสผิ technical p=0.91 frustration=1.82 refund=0.22
student vs teacher on /work/thai/data/distill3_eval.jsonl:
  choice  n= 2528 argmax agreement 0.695  mean TV distance 0.301
  noul    n= 2483 argmax agreement 0.905  mean TV distance 0.120
  score   n= 1117 argmax agreement 0.686  mean TV distance 0.258

/work/thai/out/laya-th-run9: 1704 eval records, 38 ms/record
overall: 2455 decisions, accuracy 0.776, Brier 0.385, ECE 0.147
source:type                      n    acc  brier    mae
massive_th:choice              300  0.827  0.312 
prachathai:choice              163  0.877  0.241 
prachathai:noul                588  0.878  0.224 
sib200_th:choice               204  0.637  0.595 
wisesight:choice               300  0.700  0.422 
wongnai:score                  300  0.590  0.683  0.429
xnli_th:choice                 300  0.753  0.467 
xnli_th:noul                   300  0.850  0.293 
tickets: department 5/5  refund 5/5  frustration MAE 0.46
   โดนหักเงินซ้ำสองครั้งเมื่อวานน billing   p=0.97 frustration=1.85 refund=0.97
   เน็ตบ้านหลุดบ่อยมากตั้งแต่เมื่ technical p=0.96 frustration=1.63 refund=0.09
   สนใจเปลี่ยนเป็นแพ็กเกจ 5G ที่โ sales     p=0.97 frustration=0.42 refund=0.04
   ใบแจ้งหนี้เดือนนี้แพงกว่าปกติ  billing   p=0.99 frustration=0.94 refund=0.17
   แอปล็อกอินไม่ได้ ขึ้นว่ารหัสผิ technical p=0.91 frustration=1.82 refund=0.22

/work/thai/out/laya-th-run9: 1163 eval records, 21 ms/record
overall: 1163 decisions, accuracy 0.642, Brier 0.532, ECE 0.179
source:type                      n    acc  brier    mae
krathu500:choice              1163  0.642  0.532 
tickets: department 5/5  refund 5/5  frustration MAE 0.46
   โดนหักเงินซ้ำสองครั้งเมื่อวานน billing   p=0.97 frustration=1.85 refund=0.97
   เน็ตบ้านหลุดบ่อยมากตั้งแต่เมื่ technical p=0.96 frustration=1.63 refund=0.09
   สนใจเปลี่ยนเป็นแพ็กเกจ 5G ที่โ sales     p=0.97 frustration=0.42 refund=0.04
   ใบแจ้งหนี้เดือนนี้แพงกว่าปกติ  billing   p=0.99 frustration=0.94 refund=0.17
   แอปล็อกอินไม่ได้ ขึ้นว่ารหัสผิ technical p=0.91 frustration=1.82 refund=0.22
== [05:06] 5/5 restore :8011 (run 8) and permissions
== [05:06] done
